2025-10-21 11:52:38,134 [Worker-7: Loading available Gradle versions] INFO  o.e.b.c.i.u.g.PublishedGradleVersions - Gradle version information cache is not available. Remote download required.
2025-10-21 11:57:18,031 [Worker-8: Loading available Gradle versions] INFO  o.e.b.c.i.u.g.PublishedGradleVersions - Gradle version information cache is up-to-date. Trying to read.
2025-10-21 12:00:10,425 [Worker-0: Importing Maven projects] INFO  o.e.m.c.i.l.LifecycleMappingFactory - Using org.eclipse.m2e.jdt.JarLifecycleMapping lifecycle mapping for MavenProject: com.example:lostandfound:0.0.1-SNAPSHOT @ C:\Users\apoor\OneDrive\Desktop\Lost_and_found\Lost-and-found\pom.xml.
2025-10-21 12:00:38,268 [Worker-0: Importing Maven projects] INFO  o.e.m.j.i.AbstractJavaProjectConfigurator - Adding source folder /lostandfound/src/main/java
2025-10-21 12:00:38,277 [Worker-0: Importing Maven projects] INFO  o.e.m.j.i.AbstractJavaProjectConfigurator - Adding resource folder /lostandfound/src/main/resources
2025-10-21 12:00:38,281 [Worker-0: Importing Maven projects] INFO  o.e.m.j.i.AbstractJavaProjectConfigurator - Adding resource folder /lostandfound/src/main/resources
2025-10-21 12:00:38,284 [Worker-0: Importing Maven projects] INFO  o.e.m.j.i.AbstractJavaProjectConfigurator - Adding source folder /lostandfound/src/test/java
2025-10-21 12:00:38,288 [Worker-0: Importing Maven projects] INFO  o.e.m.j.i.AbstractJavaProjectConfigurator - Adding resource folder /lostandfound/src/test/resources
2025-10-21 12:00:39,509 [Worker-0: Importing Maven projects] INFO  o.e.m.c.i.p.ProjectConfigurationManager - Imported and configured 1 project(s) in 46 sec
2025-10-21 12:00:48,795 [Worker-4: Updating Maven Project] INFO  o.e.m.c.i.p.ProjectConfigurationManager - Update started
2025-10-21 12:00:50,964 [Worker-4: Updating Maven Project] INFO  o.e.m.c.i.l.LifecycleMappingFactory - Using org.eclipse.m2e.jdt.JarLifecycleMapping lifecycle mapping for MavenProject: com.example:lostandfound:0.0.1-SNAPSHOT @ C:\Users\apoor\OneDrive\Desktop\Lost_and_found\Lost-and-found\pom.xml.
2025-10-21 12:00:53,838 [Worker-4: Updating Maven Project] INFO  o.e.m.j.i.AbstractJavaProjectConfigurator - Adding source folder /lostandfound/src/main/java
2025-10-21 12:00:53,841 [Worker-4: Updating Maven Project] INFO  o.e.m.j.i.AbstractJavaProjectConfigurator - Adding resource folder /lostandfound/src/main/resources
2025-10-21 12:00:53,844 [Worker-4: Updating Maven Project] INFO  o.e.m.j.i.AbstractJavaProjectConfigurator - Adding resource folder /lostandfound/src/main/resources
2025-10-21 12:00:53,847 [Worker-4: Updating Maven Project] INFO  o.e.m.j.i.AbstractJavaProjectConfigurator - Adding source folder /lostandfound/src/test/java
2025-10-21 12:00:53,850 [Worker-4: Updating Maven Project] INFO  o.e.m.j.i.AbstractJavaProjectConfigurator - Adding resource folder /lostandfound/src/test/resources
2025-10-21 12:00:55,210 [Worker-4: Updating Maven Project] INFO  o.e.m.c.i.p.ProjectConfigurationManager - Update completed for 1 poms: local refresh takes 0.00 sec, refresh facades takes 4.00 sec, update config takes 1.00 sec 
2025-10-21 12:00:57,409 [Worker-11: Building] INFO  o.a.m.s.f.DefaultMavenResourcesFiltering - Copying 1 resource from src\main\resources to target\classes
2025-10-21 12:00:57,563 [Worker-11: Building] INFO  o.a.m.s.f.DefaultMavenResourcesFiltering - Copying 0 resource from src\main\resources to target\classes
2025-10-21 12:00:57,578 [Worker-11: Building] INFO  o.a.m.s.f.DefaultMavenResourcesFiltering - skip non existing resourceDirectory C:\Users\apoor\OneDrive\Desktop\Lost_and_found\Lost-and-found\src\test\resources
2025-10-30 08:23:13,360 [Worker-10: Loading available Gradle versions] INFO  o.e.b.c.i.u.g.PublishedGradleVersions - Gradle version information cache is out-of-date. Trying to update.
2025-10-30 08:23:37,153 [Worker-8: Building] INFO  o.a.m.s.f.DefaultMavenResourcesFiltering - Copying 1 resource from src\main\resources to target\classes
2025-10-30 08:23:37,315 [Worker-8: Building] INFO  o.a.m.s.f.DefaultMavenResourcesFiltering - Copying 0 resource from src\main\resources to target\classes
2025-10-30 08:23:37,339 [Worker-8: Building] INFO  o.a.m.s.f.DefaultMavenResourcesFiltering - skip non existing resourceDirectory C:\Users\apoor\OneDrive\Desktop\Lost_and_found\Lost-and-found\src\test\resources
2025-10-30 13:24:45,903 [Worker-17: Building] INFO  o.a.m.s.f.DefaultMavenResourcesFiltering - Copying 1 resource from src\main\resources to target\classes
2025-10-30 13:24:45,967 [Worker-17: Building] INFO  o.a.m.s.f.DefaultMavenResourcesFiltering - Copying 0 resource from src\main\resources to target\classes
2025-10-30 13:24:45,980 [Worker-17: Building] INFO  o.a.m.s.f.DefaultMavenResourcesFiltering - skip non existing resourceDirectory C:\Users\apoor\OneDrive\Desktop\Lost_and_found\Lost-and-found\src\test\resources
2025-10-30 13:24:48,049 [Worker-20: Building] INFO  o.a.m.s.f.DefaultMavenResourcesFiltering - Copying 1 resource from src\main\resources to target\classes
2025-10-30 13:24:48,067 [Worker-20: Building] INFO  o.a.m.s.f.DefaultMavenResourcesFiltering - Copying 0 resource from src\main\resources to target\classes
2025-10-30 13:24:48,079 [Worker-20: Building] INFO  o.a.m.s.f.DefaultMavenResourcesFiltering - skip non existing resourceDirectory C:\Users\apoor\OneDrive\Desktop\Lost_and_found\Lost-and-found\src\test\resources
2025-10-30 13:25:08,777 [Worker-17: Building] INFO  o.a.m.s.f.DefaultMavenResourcesFiltering - Copying 1 resource from src\main\resources to target\classes
2025-10-30 13:25:08,819 [Worker-17: Building] INFO  o.a.m.s.f.DefaultMavenResourcesFiltering - Copying 0 resource from src\main\resources to target\classes
2025-10-30 13:25:08,832 [Worker-17: Building] INFO  o.a.m.s.f.DefaultMavenResourcesFiltering - skip non existing resourceDirectory C:\Users\apoor\OneDrive\Desktop\Lost_and_found\Lost-and-found\src\test\resources
2025-10-30 13:26:10,738 [Worker-22: Building] INFO  o.a.m.s.f.DefaultMavenResourcesFiltering - Copying 1 resource from src\main\resources to target\classes
2025-10-30 13:26:10,760 [Worker-22: Building] INFO  o.a.m.s.f.DefaultMavenResourcesFiltering - Copying 0 resource from src\main\resources to target\classes
2025-10-30 13:26:10,773 [Worker-22: Building] INFO  o.a.m.s.f.DefaultMavenResourcesFiltering - skip non existing resourceDirectory C:\Users\apoor\OneDrive\Desktop\Lost_and_found\Lost-and-found\src\test\resources
2025-10-30 13:27:53,587 [Worker-17: Building] INFO  o.a.m.s.f.DefaultMavenResourcesFiltering - Copying 1 resource from src\main\resources to target\classes
2025-10-30 13:27:53,623 [Worker-17: Building] INFO  o.a.m.s.f.DefaultMavenResourcesFiltering - Copying 0 resource from src\main\resources to target\classes
2025-10-30 13:27:53,645 [Worker-17: Building] INFO  o.a.m.s.f.DefaultMavenResourcesFiltering - skip non existing resourceDirectory C:\Users\apoor\OneDrive\Desktop\Lost_and_found\Lost-and-found\src\test\resources
2025-10-30 13:28:54,843 [Worker-25: Building] INFO  o.a.m.s.f.DefaultMavenResourcesFiltering - Copying 1 resource from src\main\resources to target\classes
2025-10-30 13:28:54,864 [Worker-25: Building] INFO  o.a.m.s.f.DefaultMavenResourcesFiltering - Copying 0 resource from src\main\resources to target\classes
2025-10-30 13:28:54,896 [Worker-25: Building] INFO  o.a.m.s.f.DefaultMavenResourcesFiltering - skip non existing resourceDirectory C:\Users\apoor\OneDrive\Desktop\Lost_and_found\Lost-and-found\src\test\resources
2025-10-30 13:29:07,587 [Worker-22: Building] INFO  o.a.m.s.f.DefaultMavenResourcesFiltering - Copying 1 resource from src\main\resources to target\classes
2025-10-30 13:29:07,608 [Worker-22: Building] INFO  o.a.m.s.f.DefaultMavenResourcesFiltering - Copying 0 resource from src\main\resources to target\classes
2025-10-30 13:29:07,622 [Worker-22: Building] INFO  o.a.m.s.f.DefaultMavenResourcesFiltering - skip non existing resourceDirectory C:\Users\apoor\OneDrive\Desktop\Lost_and_found\Lost-and-found\src\test\resources
2025-10-30 13:29:31,191 [Worker-22: Building] INFO  o.a.m.s.f.DefaultMavenResourcesFiltering - Copying 1 resource from src\main\resources to target\classes
2025-10-30 13:29:31,207 [Worker-22: Building] INFO  o.a.m.s.f.DefaultMavenResourcesFiltering - Copying 0 resource from src\main\resources to target\classes
2025-10-30 13:29:31,226 [Worker-22: Building] INFO  o.a.m.s.f.DefaultMavenResourcesFiltering - skip non existing resourceDirectory C:\Users\apoor\OneDrive\Desktop\Lost_and_found\Lost-and-found\src\test\resources
2025-10-30 15:39:56,840 [Worker-41: Building] INFO  o.a.m.s.f.DefaultMavenResourcesFiltering - Copying 1 resource from src\main\resources to target\classes
2025-10-30 15:39:56,918 [Worker-41: Building] INFO  o.a.m.s.f.DefaultMavenResourcesFiltering - Copying 0 resource from src\main\resources to target\classes
2025-10-30 15:39:56,930 [Worker-41: Building] INFO  o.a.m.s.f.DefaultMavenResourcesFiltering - skip non existing resourceDirectory C:\Users\apoor\OneDrive\Desktop\Lost_and_found\Lost-and-found\src\test\resources
2025-10-30 15:40:12,453 [Worker-41: Building] INFO  o.a.m.s.f.DefaultMavenResourcesFiltering - Copying 1 resource from src\main\resources to target\classes
2025-10-30 15:40:12,474 [Worker-41: Building] INFO  o.a.m.s.f.DefaultMavenResourcesFiltering - Copying 0 resource from src\main\resources to target\classes
2025-10-30 15:40:12,483 [Worker-41: Building] INFO  o.a.m.s.f.DefaultMavenResourcesFiltering - skip non existing resourceDirectory C:\Users\apoor\OneDrive\Desktop\Lost_and_found\Lost-and-found\src\test\resources
2025-10-30 15:41:42,658 [Worker-45: Building] INFO  o.a.m.s.f.DefaultMavenResourcesFiltering - Copying 1 resource from src\main\resources to target\classes
2025-10-30 15:41:42,673 [Worker-45: Building] INFO  o.a.m.s.f.DefaultMavenResourcesFiltering - Copying 0 resource from src\main\resources to target\classes
2025-10-30 15:41:42,680 [Worker-45: Building] INFO  o.a.m.s.f.DefaultMavenResourcesFiltering - skip non existing resourceDirectory C:\Users\apoor\OneDrive\Desktop\Lost_and_found\Lost-and-found\src\test\resources
2025-10-30 20:51:54,416 [Worker-68: Building] INFO  o.a.m.s.f.DefaultMavenResourcesFiltering - Copying 1 resource from src\main\resources to target\classes
2025-10-30 20:51:54,479 [Worker-68: Building] INFO  o.a.m.s.f.DefaultMavenResourcesFiltering - Copying 0 resource from src\main\resources to target\classes
2025-10-30 20:51:54,499 [Worker-68: Building] INFO  o.a.m.s.f.DefaultMavenResourcesFiltering - skip non existing resourceDirectory C:\Users\apoor\OneDrive\Desktop\Lost_and_found\Lost-and-found\src\test\resources
2025-10-30 20:51:57,145 [Worker-67: Building] INFO  o.a.m.s.f.DefaultMavenResourcesFiltering - Copying 1 resource from src\main\resources to target\classes
2025-10-30 20:51:57,171 [Worker-67: Building] INFO  o.a.m.s.f.DefaultMavenResourcesFiltering - Copying 0 resource from src\main\resources to target\classes
2025-10-30 20:51:57,199 [Worker-67: Building] INFO  o.a.m.s.f.DefaultMavenResourcesFiltering - skip non existing resourceDirectory C:\Users\apoor\OneDrive\Desktop\Lost_and_found\Lost-and-found\src\test\resources
2025-10-30 20:52:07,806 [Worker-67: Building] INFO  o.a.m.s.f.DefaultMavenResourcesFiltering - Copying 1 resource from src\main\resources to target\classes
2025-10-30 20:52:07,945 [Worker-67: Building] INFO  o.a.m.s.f.DefaultMavenResourcesFiltering - Copying 0 resource from src\main\resources to target\classes
2025-10-30 20:52:07,955 [Worker-67: Building] INFO  o.a.m.s.f.DefaultMavenResourcesFiltering - skip non existing resourceDirectory C:\Users\apoor\OneDrive\Desktop\Lost_and_found\Lost-and-found\src\test\resources
2025-10-30 20:53:15,739 [Worker-68: Building] INFO  o.a.m.s.f.DefaultMavenResourcesFiltering - Copying 1 resource from src\main\resources to target\classes
2025-10-30 20:53:15,775 [Worker-68: Building] INFO  o.a.m.s.f.DefaultMavenResourcesFiltering - Copying 0 resource from src\main\resources to target\classes
2025-10-30 20:53:15,810 [Worker-68: Building] INFO  o.a.m.s.f.DefaultMavenResourcesFiltering - skip non existing resourceDirectory C:\Users\apoor\OneDrive\Desktop\Lost_and_found\Lost-and-found\src\test\resources
2025-10-30 20:53:32,186 [Worker-59: Building] INFO  o.a.m.s.f.DefaultMavenResourcesFiltering - Copying 1 resource from src\main\resources to target\classes
2025-10-30 20:53:32,204 [Worker-59: Building] INFO  o.a.m.s.f.DefaultMavenResourcesFiltering - Copying 0 resource from src\main\resources to target\classes
2025-10-30 20:53:32,217 [Worker-59: Building] INFO  o.a.m.s.f.DefaultMavenResourcesFiltering - skip non existing resourceDirectory C:\Users\apoor\OneDrive\Desktop\Lost_and_found\Lost-and-found\src\test\resources
2025-11-01 13:59:58,410 [Worker-89: Building] INFO  o.a.m.s.f.DefaultMavenResourcesFiltering - Copying 1 resource from src\main\resources to target\classes
2025-11-01 13:59:58,508 [Worker-89: Building] INFO  o.a.m.s.f.DefaultMavenResourcesFiltering - Copying 0 resource from src\main\resources to target\classes
2025-11-01 13:59:58,521 [Worker-89: Building] INFO  o.a.m.s.f.DefaultMavenResourcesFiltering - skip non existing resourceDirectory C:\Users\apoor\OneDrive\Desktop\Lost_and_found\Lost-and-found\src\test\resources
2025-11-01 14:10:28,583 [Worker-91: Building] INFO  o.a.m.s.f.DefaultMavenResourcesFiltering - Copying 1 resource from src\main\resources to target\classes
2025-11-01 14:10:28,601 [Worker-91: Building] INFO  o.a.m.s.f.DefaultMavenResourcesFiltering - Copying 0 resource from src\main\resources to target\classes
2025-11-01 14:10:28,607 [Worker-91: Building] INFO  o.a.m.s.f.DefaultMavenResourcesFiltering - skip non existing resourceDirectory C:\Users\apoor\OneDrive\Desktop\Lost_and_found\Lost-and-found\src\test\resources
2025-11-01 14:11:35,526 [Worker-91: Building] INFO  o.a.m.s.f.DefaultMavenResourcesFiltering - Copying 1 resource from src\main\resources to target\classes
2025-11-01 14:11:35,570 [Worker-91: Building] INFO  o.a.m.s.f.DefaultMavenResourcesFiltering - Copying 0 resource from src\main\resources to target\classes
2025-11-01 14:11:35,574 [Worker-91: Building] INFO  o.a.m.s.f.DefaultMavenResourcesFiltering - skip non existing resourceDirectory C:\Users\apoor\OneDrive\Desktop\Lost_and_found\Lost-and-found\src\test\resources
2025-11-01 14:11:41,406 [Worker-91: Building] INFO  o.a.m.s.f.DefaultMavenResourcesFiltering - Copying 1 resource from src\main\resources to target\classes
2025-11-01 14:11:41,496 [Worker-91: Building] INFO  o.a.m.s.f.DefaultMavenResourcesFiltering - Copying 0 resource from src\main\resources to target\classes
2025-11-01 14:11:41,501 [Worker-91: Building] INFO  o.a.m.s.f.DefaultMavenResourcesFiltering - skip non existing resourceDirectory C:\Users\apoor\OneDrive\Desktop\Lost_and_found\Lost-and-found\src\test\resources
2025-11-01 14:13:23,703 [Worker-94: Building] INFO  o.a.m.s.f.DefaultMavenResourcesFiltering - Copying 1 resource from src\main\resources to target\classes
2025-11-01 14:13:23,732 [Worker-94: Building] INFO  o.a.m.s.f.DefaultMavenResourcesFiltering - Copying 0 resource from src\main\resources to target\classes
2025-11-01 14:13:23,738 [Worker-94: Building] INFO  o.a.m.s.f.DefaultMavenResourcesFiltering - skip non existing resourceDirectory C:\Users\apoor\OneDrive\Desktop\Lost_and_found\Lost-and-found\src\test\resources
2025-11-01 14:13:32,212 [Worker-95: Building] INFO  o.a.m.s.f.DefaultMavenResourcesFiltering - Copying 1 resource from src\main\resources to target\classes
2025-11-01 14:13:32,274 [Worker-95: Building] INFO  o.a.m.s.f.DefaultMavenResourcesFiltering - Copying 0 resource from src\main\resources to target\classes
2025-11-01 14:13:32,290 [Worker-95: Building] INFO  o.a.m.s.f.DefaultMavenResourcesFiltering - skip non existing resourceDirectory C:\Users\apoor\OneDrive\Desktop\Lost_and_found\Lost-and-found\src\test\resources
2025-11-01 14:21:27,008 [Worker-94: Building] INFO  o.e.m.c.i.l.LifecycleMappingFactory - Using org.eclipse.m2e.jdt.JarLifecycleMapping lifecycle mapping for MavenProject: com.example:lostandfound:0.0.1-SNAPSHOT @ C:\Users\apoor\OneDrive\Desktop\Lost_and_found\Lost-and-found\pom.xml.
2025-11-01 14:21:30,300 [Worker-94: Building] INFO  o.e.m.c.i.e.AbstractTransferListenerAdapter - Downloading https://repo.maven.apache.org/maven2/io/jsonwebtoken/jjwt/0.9.1/jjwt-0.9.1.pom
2025-11-01 14:21:30,411 [Worker-94: Building] INFO  o.e.m.c.i.e.AbstractTransferListenerAdapter - Downloaded https://repo.maven.apache.org/maven2/io/jsonwebtoken/jjwt/0.9.1/jjwt-0.9.1.pom
2025-11-01 14:21:30,533 [Worker-94: Building] INFO  o.e.m.c.i.e.AbstractTransferListenerAdapter - Downloading https://repo.maven.apache.org/maven2/org/springframework/boot/spring-boot-starter-security/3.5.4/spring-boot-starter-security-3.5.4.pom
2025-11-01 14:21:30,578 [Worker-94: Building] INFO  o.e.m.c.i.e.AbstractTransferListenerAdapter - Downloaded https://repo.maven.apache.org/maven2/org/springframework/boot/spring-boot-starter-security/3.5.4/spring-boot-starter-security-3.5.4.pom
2025-11-01 14:21:30,651 [Worker-94: Building] INFO  o.e.m.c.i.e.AbstractTransferListenerAdapter - Downloading https://repo.maven.apache.org/maven2/org/springframework/security/spring-security-config/6.5.2/spring-security-config-6.5.2.pom
2025-11-01 14:21:30,670 [Worker-94: Building] INFO  o.e.m.c.i.e.AbstractTransferListenerAdapter - Downloaded https://repo.maven.apache.org/maven2/org/springframework/security/spring-security-config/6.5.2/spring-security-config-6.5.2.pom
2025-11-01 14:21:30,738 [Worker-94: Building] INFO  o.e.m.c.i.e.AbstractTransferListenerAdapter - Downloading https://repo.maven.apache.org/maven2/org/springframework/security/spring-security-core/6.5.2/spring-security-core-6.5.2.pom
2025-11-01 14:21:30,781 [Worker-94: Building] INFO  o.e.m.c.i.e.AbstractTransferListenerAdapter - Downloaded https://repo.maven.apache.org/maven2/org/springframework/security/spring-security-core/6.5.2/spring-security-core-6.5.2.pom
2025-11-01 14:21:30,832 [Worker-94: Building] INFO  o.e.m.c.i.e.AbstractTransferListenerAdapter - Downloading https://repo.maven.apache.org/maven2/org/springframework/security/spring-security-crypto/6.5.2/spring-security-crypto-6.5.2.pom
2025-11-01 14:21:30,893 [Worker-94: Building] INFO  o.e.m.c.i.e.AbstractTransferListenerAdapter - Downloaded https://repo.maven.apache.org/maven2/org/springframework/security/spring-security-crypto/6.5.2/spring-security-crypto-6.5.2.pom
2025-11-01 14:21:30,948 [Worker-94: Building] INFO  o.e.m.c.i.e.AbstractTransferListenerAdapter - Downloading https://repo.maven.apache.org/maven2/org/springframework/security/spring-security-web/6.5.2/spring-security-web-6.5.2.pom
2025-11-01 14:21:30,972 [Worker-94: Building] INFO  o.e.m.c.i.e.AbstractTransferListenerAdapter - Downloaded https://repo.maven.apache.org/maven2/org/springframework/security/spring-security-web/6.5.2/spring-security-web-6.5.2.pom
2025-11-01 14:21:31,432 [Worker-94: Building] INFO  o.e.m.c.i.e.AbstractTransferListenerAdapter - Downloading https://repo.maven.apache.org/maven2/io/jsonwebtoken/jjwt/0.9.1/jjwt-0.9.1.jar
2025-11-01 14:21:31,535 [Worker-94: Building] INFO  o.e.m.c.i.e.AbstractTransferListenerAdapter - Downloaded https://repo.maven.apache.org/maven2/io/jsonwebtoken/jjwt/0.9.1/jjwt-0.9.1.jar
2025-11-01 14:21:31,594 [BasicRepositoryConnector-repo.maven.apache.org-0-1] INFO  o.e.m.c.i.e.AbstractTransferListenerAdapter - Downloading https://repo.maven.apache.org/maven2/org/springframework/security/spring-security-config/6.5.2/spring-security-config-6.5.2.jar
2025-11-01 14:21:31,716 [BasicRepositoryConnector-repo.maven.apache.org-0-3] INFO  o.e.m.c.i.e.AbstractTransferListenerAdapter - Downloading https://repo.maven.apache.org/maven2/org/springframework/security/spring-security-crypto/6.5.2/spring-security-crypto-6.5.2.jar
2025-11-01 14:21:31,713 [BasicRepositoryConnector-repo.maven.apache.org-0-0] INFO  o.e.m.c.i.e.AbstractTransferListenerAdapter - Downloading https://repo.maven.apache.org/maven2/org/springframework/boot/spring-boot-starter-security/3.5.4/spring-boot-starter-security-3.5.4.jar
2025-11-01 14:21:31,748 [BasicRepositoryConnector-repo.maven.apache.org-0-0] INFO  o.e.m.c.i.e.AbstractTransferListenerAdapter - Downloaded https://repo.maven.apache.org/maven2/org/springframework/boot/spring-boot-starter-security/3.5.4/spring-boot-starter-security-3.5.4.jar
2025-11-01 14:21:31,754 [BasicRepositoryConnector-repo.maven.apache.org-0-4] INFO  o.e.m.c.i.e.AbstractTransferListenerAdapter - Downloading https://repo.maven.apache.org/maven2/org/springframework/security/spring-security-web/6.5.2/spring-security-web-6.5.2.jar
2025-11-01 14:21:31,781 [BasicRepositoryConnector-repo.maven.apache.org-0-2] INFO  o.e.m.c.i.e.AbstractTransferListenerAdapter - Downloading https://repo.maven.apache.org/maven2/org/springframework/security/spring-security-core/6.5.2/spring-security-core-6.5.2.jar
2025-11-01 14:21:31,890 [BasicRepositoryConnector-repo.maven.apache.org-0-3] INFO  o.e.m.c.i.e.AbstractTransferListenerAdapter - Downloaded https://repo.maven.apache.org/maven2/org/springframework/security/spring-security-crypto/6.5.2/spring-security-crypto-6.5.2.jar
2025-11-01 14:21:31,899 [BasicRepositoryConnector-repo.maven.apache.org-0-1] INFO  o.e.m.c.i.e.AbstractTransferListenerAdapter - Downloaded https://repo.maven.apache.org/maven2/org/springframework/security/spring-security-config/6.5.2/spring-security-config-6.5.2.jar
2025-11-01 14:21:32,150 [BasicRepositoryConnector-repo.maven.apache.org-0-2] INFO  o.e.m.c.i.e.AbstractTransferListenerAdapter - Downloaded https://repo.maven.apache.org/maven2/org/springframework/security/spring-security-core/6.5.2/spring-security-core-6.5.2.jar
2025-11-01 14:21:32,355 [BasicRepositoryConnector-repo.maven.apache.org-0-4] INFO  o.e.m.c.i.e.AbstractTransferListenerAdapter - Downloaded https://repo.maven.apache.org/maven2/org/springframework/security/spring-security-web/6.5.2/spring-security-web-6.5.2.jar
2025-11-01 14:21:34,540 [Worker-94: Building] INFO  o.a.m.s.f.DefaultMavenResourcesFiltering - Copying 0 resource from src\main\resources to target\classes
2025-11-01 14:21:34,541 [Worker-94: Building] INFO  o.a.m.s.f.DefaultMavenResourcesFiltering - Copying 0 resource from src\main\resources to target\classes
2025-11-01 14:21:34,553 [Worker-94: Building] INFO  o.a.m.s.f.DefaultMavenResourcesFiltering - skip non existing resourceDirectory C:\Users\apoor\OneDrive\Desktop\Lost_and_found\Lost-and-found\src\test\resources
2025-11-01 14:21:34,762 [Worker-97: Download sources and javadoc] INFO  o.e.m.c.i.e.AbstractTransferListenerAdapter - Downloading https://repo.maven.apache.org/maven2/io/jsonwebtoken/jjwt/0.9.1/jjwt-0.9.1-sources.jar
2025-11-01 14:21:34,865 [Worker-97: Download sources and javadoc] INFO  o.e.m.c.i.e.AbstractTransferListenerAdapter - Downloaded https://repo.maven.apache.org/maven2/io/jsonwebtoken/jjwt/0.9.1/jjwt-0.9.1-sources.jar
2025-11-01 14:21:34,892 [Worker-97: Download sources and javadoc] INFO  o.e.m.j.internal.DownloadSourcesJob - Downloaded sources for io.jsonwebtoken:jjwt:0.9.1
2025-11-01 14:21:35,035 [Worker-97: Download sources and javadoc] INFO  o.e.m.c.i.e.AbstractTransferListenerAdapter - Downloading https://repo.maven.apache.org/maven2/org/springframework/boot/spring-boot-starter-security/3.5.4/spring-boot-starter-security-3.5.4-sources.jar
2025-11-01 14:21:35,067 [Worker-97: Download sources and javadoc] INFO  o.e.m.c.i.e.AbstractTransferListenerAdapter - Downloaded https://repo.maven.apache.org/maven2/org/springframework/boot/spring-boot-starter-security/3.5.4/spring-boot-starter-security-3.5.4-sources.jar
2025-11-01 14:21:35,075 [Worker-97: Download sources and javadoc] INFO  o.e.m.j.internal.DownloadSourcesJob - Downloaded sources for org.springframework.boot:spring-boot-starter-security:3.5.4
2025-11-01 14:21:35,174 [Worker-97: Download sources and javadoc] INFO  o.e.m.c.i.e.AbstractTransferListenerAdapter - Downloading https://repo.maven.apache.org/maven2/org/springframework/security/spring-security-config/6.5.2/spring-security-config-6.5.2-sources.jar
2025-11-01 14:21:35,427 [Worker-97: Download sources and javadoc] INFO  o.e.m.c.i.e.AbstractTransferListenerAdapter - Downloaded https://repo.maven.apache.org/maven2/org/springframework/security/spring-security-config/6.5.2/spring-security-config-6.5.2-sources.jar
2025-11-01 14:21:35,457 [Worker-97: Download sources and javadoc] INFO  o.e.m.j.internal.DownloadSourcesJob - Downloaded sources for org.springframework.security:spring-security-config:6.5.2
2025-11-01 14:21:35,656 [Worker-97: Download sources and javadoc] INFO  o.e.m.c.i.e.AbstractTransferListenerAdapter - Downloading https://repo.maven.apache.org/maven2/org/springframework/security/spring-security-core/6.5.2/spring-security-core-6.5.2-sources.jar
2025-11-01 14:21:35,852 [Worker-97: Download sources and javadoc] INFO  o.e.m.c.i.e.AbstractTransferListenerAdapter - Downloaded https://repo.maven.apache.org/maven2/org/springframework/security/spring-security-core/6.5.2/spring-security-core-6.5.2-sources.jar
2025-11-01 14:21:35,870 [Worker-97: Download sources and javadoc] INFO  o.e.m.j.internal.DownloadSourcesJob - Downloaded sources for org.springframework.security:spring-security-core:6.5.2
2025-11-01 14:21:36,079 [Worker-97: Download sources and javadoc] INFO  o.e.m.c.i.e.AbstractTransferListenerAdapter - Downloading https://repo.maven.apache.org/maven2/org/springframework/security/spring-security-crypto/6.5.2/spring-security-crypto-6.5.2-sources.jar
2025-11-01 14:21:36,231 [Worker-97: Download sources and javadoc] INFO  o.e.m.c.i.e.AbstractTransferListenerAdapter - Downloaded https://repo.maven.apache.org/maven2/org/springframework/security/spring-security-crypto/6.5.2/spring-security-crypto-6.5.2-sources.jar
2025-11-01 14:21:36,248 [Worker-97: Download sources and javadoc] INFO  o.e.m.j.internal.DownloadSourcesJob - Downloaded sources for org.springframework.security:spring-security-crypto:6.5.2
2025-11-01 14:21:36,442 [Worker-97: Download sources and javadoc] INFO  o.e.m.c.i.e.AbstractTransferListenerAdapter - Downloading https://repo.maven.apache.org/maven2/org/springframework/security/spring-security-web/6.5.2/spring-security-web-6.5.2-sources.jar
2025-11-01 14:21:36,787 [Worker-97: Download sources and javadoc] INFO  o.e.m.c.i.e.AbstractTransferListenerAdapter - Downloaded https://repo.maven.apache.org/maven2/org/springframework/security/spring-security-web/6.5.2/spring-security-web-6.5.2-sources.jar
2025-11-01 14:21:36,825 [Worker-97: Download sources and javadoc] INFO  o.e.m.j.internal.DownloadSourcesJob - Downloaded sources for org.springframework.security:spring-security-web:6.5.2
2025-11-01 14:21:41,047 [Worker-95: Building] INFO  o.e.m.c.i.l.LifecycleMappingFactory - Using org.eclipse.m2e.jdt.JarLifecycleMapping lifecycle mapping for MavenProject: com.example:lostandfound:0.0.1-SNAPSHOT @ C:\Users\apoor\OneDrive\Desktop\Lost_and_found\Lost-and-found\pom.xml.
2025-11-01 14:21:42,392 [Worker-95: Building] INFO  o.a.m.s.f.DefaultMavenResourcesFiltering - Copying 1 resource from src\main\resources to target\classes
2025-11-01 14:21:42,434 [Worker-95: Building] INFO  o.a.m.s.f.DefaultMavenResourcesFiltering - Copying 0 resource from src\main\resources to target\classes
2025-11-01 14:21:42,452 [Worker-95: Building] INFO  o.a.m.s.f.DefaultMavenResourcesFiltering - skip non existing resourceDirectory C:\Users\apoor\OneDrive\Desktop\Lost_and_found\Lost-and-found\src\test\resources
2025-11-01 14:32:57,668 [Worker-97: Building] INFO  o.a.m.s.f.DefaultMavenResourcesFiltering - Copying 1 resource from src\main\resources to target\classes
2025-11-01 14:32:57,947 [Worker-97: Building] INFO  o.a.m.s.f.DefaultMavenResourcesFiltering - Copying 0 resource from src\main\resources to target\classes
2025-11-01 14:32:57,958 [Worker-97: Building] INFO  o.a.m.s.f.DefaultMavenResourcesFiltering - skip non existing resourceDirectory C:\Users\apoor\OneDrive\Desktop\Lost_and_found\Lost-and-found\src\test\resources
2025-11-01 14:33:08,346 [Worker-97: Building] INFO  o.a.m.s.f.DefaultMavenResourcesFiltering - Copying 1 resource from src\main\resources to target\classes
2025-11-01 14:33:08,493 [Worker-97: Building] INFO  o.a.m.s.f.DefaultMavenResourcesFiltering - Copying 0 resource from src\main\resources to target\classes
2025-11-01 14:33:08,499 [Worker-97: Building] INFO  o.a.m.s.f.DefaultMavenResourcesFiltering - skip non existing resourceDirectory C:\Users\apoor\OneDrive\Desktop\Lost_and_found\Lost-and-found\src\test\resources
2025-11-01 14:33:26,735 [Worker-103: Building] INFO  o.a.m.s.f.DefaultMavenResourcesFiltering - Copying 1 resource from src\main\resources to target\classes
2025-11-01 14:33:26,760 [Worker-103: Building] INFO  o.a.m.s.f.DefaultMavenResourcesFiltering - Copying 0 resource from src\main\resources to target\classes
2025-11-01 14:33:26,766 [Worker-103: Building] INFO  o.a.m.s.f.DefaultMavenResourcesFiltering - skip non existing resourceDirectory C:\Users\apoor\OneDrive\Desktop\Lost_and_found\Lost-and-found\src\test\resources
2025-11-01 19:53:56,622 [Worker-107: Building] INFO  o.a.m.s.f.DefaultMavenResourcesFiltering - Copying 1 resource from src\main\resources to target\classes
2025-11-01 19:53:56,713 [Worker-107: Building] INFO  o.a.m.s.f.DefaultMavenResourcesFiltering - Copying 0 resource from src\main\resources to target\classes
2025-11-01 19:53:56,728 [Worker-107: Building] INFO  o.a.m.s.f.DefaultMavenResourcesFiltering - skip non existing resourceDirectory C:\Users\apoor\OneDrive\Desktop\Lost_and_found\Lost-and-found\src\test\resources
2025-11-01 20:03:28,101 [Worker-108: Building] INFO  o.a.m.s.f.DefaultMavenResourcesFiltering - Copying 1 resource from src\main\resources to target\classes
2025-11-01 20:03:28,273 [Worker-108: Building] INFO  o.a.m.s.f.DefaultMavenResourcesFiltering - Copying 0 resource from src\main\resources to target\classes
2025-11-01 20:03:28,285 [Worker-108: Building] INFO  o.a.m.s.f.DefaultMavenResourcesFiltering - skip non existing resourceDirectory C:\Users\apoor\OneDrive\Desktop\Lost_and_found\Lost-and-found\src\test\resources
2025-11-01 20:09:25,912 [Worker-114: Building] INFO  o.a.m.s.f.DefaultMavenResourcesFiltering - Copying 1 resource from src\main\resources to target\classes
2025-11-01 20:09:25,943 [Worker-114: Building] INFO  o.a.m.s.f.DefaultMavenResourcesFiltering - Copying 0 resource from src\main\resources to target\classes
2025-11-01 20:09:25,957 [Worker-114: Building] INFO  o.a.m.s.f.DefaultMavenResourcesFiltering - skip non existing resourceDirectory C:\Users\apoor\OneDrive\Desktop\Lost_and_found\Lost-and-found\src\test\resources
2025-11-03 22:57:22,475 [Worker-4: Loading available Gradle versions] INFO  o.e.b.c.i.u.g.PublishedGradleVersions - Gradle version information cache is out-of-date. Trying to update.
2025-11-04 16:52:46,209 [Worker-82: Building] INFO  o.a.m.s.f.DefaultMavenResourcesFiltering - Copying 1 resource from src\main\resources to target\classes
2025-11-04 16:52:46,297 [Worker-82: Building] INFO  o.a.m.s.f.DefaultMavenResourcesFiltering - Copying 0 resource from src\main\resources to target\classes
2025-11-04 16:52:46,312 [Worker-82: Building] INFO  o.a.m.s.f.DefaultMavenResourcesFiltering - skip non existing resourceDirectory C:\Users\apoor\OneDrive\Desktop\Lost_and_found\Lost-and-found\src\test\resources
2025-11-04 16:54:02,373 [Worker-84: Building] INFO  o.a.m.s.f.DefaultMavenResourcesFiltering - Copying 1 resource from src\main\resources to target\classes
2025-11-04 16:54:02,397 [Worker-84: Building] INFO  o.a.m.s.f.DefaultMavenResourcesFiltering - Copying 0 resource from src\main\resources to target\classes
2025-11-04 16:54:02,409 [Worker-84: Building] INFO  o.a.m.s.f.DefaultMavenResourcesFiltering - skip non existing resourceDirectory C:\Users\apoor\OneDrive\Desktop\Lost_and_found\Lost-and-found\src\test\resources
2025-11-04 16:55:34,347 [Worker-86: Building] INFO  o.a.m.s.f.DefaultMavenResourcesFiltering - Copying 1 resource from src\main\resources to target\classes
2025-11-04 16:55:34,368 [Worker-86: Building] INFO  o.a.m.s.f.DefaultMavenResourcesFiltering - Copying 0 resource from src\main\resources to target\classes
2025-11-04 16:55:34,390 [Worker-86: Building] INFO  o.a.m.s.f.DefaultMavenResourcesFiltering - skip non existing resourceDirectory C:\Users\apoor\OneDrive\Desktop\Lost_and_found\Lost-and-found\src\test\resources
2025-11-04 16:59:07,254 [Worker-79: Building] INFO  o.a.m.s.f.DefaultMavenResourcesFiltering - Copying 1 resource from src\main\resources to target\classes
2025-11-04 16:59:07,277 [Worker-79: Building] INFO  o.a.m.s.f.DefaultMavenResourcesFiltering - Copying 0 resource from src\main\resources to target\classes
2025-11-04 16:59:07,290 [Worker-79: Building] INFO  o.a.m.s.f.DefaultMavenResourcesFiltering - skip non existing resourceDirectory C:\Users\apoor\OneDrive\Desktop\Lost_and_found\Lost-and-found\src\test\resources
2025-11-04 16:59:22,888 [Worker-79: Building] INFO  o.a.m.s.f.DefaultMavenResourcesFiltering - Copying 1 resource from src\main\resources to target\classes
2025-11-04 16:59:22,910 [Worker-79: Building] INFO  o.a.m.s.f.DefaultMavenResourcesFiltering - Copying 0 resource from src\main\resources to target\classes
2025-11-04 16:59:22,925 [Worker-79: Building] INFO  o.a.m.s.f.DefaultMavenResourcesFiltering - skip non existing resourceDirectory C:\Users\apoor\OneDrive\Desktop\Lost_and_found\Lost-and-found\src\test\resources
2025-11-04 17:01:00,841 [Worker-88: Building] INFO  o.a.m.s.f.DefaultMavenResourcesFiltering - Copying 1 resource from src\main\resources to target\classes
2025-11-04 17:01:00,863 [Worker-88: Building] INFO  o.a.m.s.f.DefaultMavenResourcesFiltering - Copying 0 resource from src\main\resources to target\classes
2025-11-04 17:01:00,876 [Worker-88: Building] INFO  o.a.m.s.f.DefaultMavenResourcesFiltering - skip non existing resourceDirectory C:\Users\apoor\OneDrive\Desktop\Lost_and_found\Lost-and-found\src\test\resources
2025-11-04 17:03:37,512 [Worker-79: Building] INFO  o.a.m.s.f.DefaultMavenResourcesFiltering - Copying 1 resource from src\main\resources to target\classes
2025-11-04 17:03:37,529 [Worker-79: Building] INFO  o.a.m.s.f.DefaultMavenResourcesFiltering - Copying 0 resource from src\main\resources to target\classes
2025-11-04 17:03:37,540 [Worker-79: Building] INFO  o.a.m.s.f.DefaultMavenResourcesFiltering - skip non existing resourceDirectory C:\Users\apoor\OneDrive\Desktop\Lost_and_found\Lost-and-found\src\test\resources
2025-11-04 21:19:00,443 [Worker-99: Building] INFO  o.a.m.s.f.DefaultMavenResourcesFiltering - Copying 1 resource from src\main\resources to target\classes
2025-11-04 21:19:00,519 [Worker-99: Building] INFO  o.a.m.s.f.DefaultMavenResourcesFiltering - Copying 0 resource from src\main\resources to target\classes
2025-11-04 21:19:00,536 [Worker-99: Building] INFO  o.a.m.s.f.DefaultMavenResourcesFiltering - skip non existing resourceDirectory C:\Users\apoor\OneDrive\Desktop\Lost_and_found\Lost-and-found\src\test\resources
2025-11-04 21:25:36,933 [Worker-95: Building] INFO  o.a.m.s.f.DefaultMavenResourcesFiltering - Copying 1 resource from src\main\resources to target\classes
2025-11-04 21:25:37,055 [Worker-95: Building] INFO  o.a.m.s.f.DefaultMavenResourcesFiltering - Copying 0 resource from src\main\resources to target\classes
2025-11-04 21:25:37,114 [Worker-95: Building] INFO  o.a.m.s.f.DefaultMavenResourcesFiltering - skip non existing resourceDirectory C:\Users\apoor\OneDrive\Desktop\Lost_and_found\Lost-and-found\src\test\resources
2025-11-04 21:26:11,486 [Worker-102: Building] INFO  o.a.m.s.f.DefaultMavenResourcesFiltering - Copying 1 resource from src\main\resources to target\classes
2025-11-04 21:26:11,572 [Worker-102: Building] INFO  o.a.m.s.f.DefaultMavenResourcesFiltering - Copying 0 resource from src\main\resources to target\classes
2025-11-04 21:26:11,584 [Worker-102: Building] INFO  o.a.m.s.f.DefaultMavenResourcesFiltering - skip non existing resourceDirectory C:\Users\apoor\OneDrive\Desktop\Lost_and_found\Lost-and-found\src\test\resources
2025-11-04 21:27:06,502 [Worker-102: Building] INFO  o.a.m.s.f.DefaultMavenResourcesFiltering - Copying 1 resource from src\main\resources to target\classes
2025-11-04 21:27:06,522 [Worker-102: Building] INFO  o.a.m.s.f.DefaultMavenResourcesFiltering - Copying 0 resource from src\main\resources to target\classes
2025-11-04 21:27:06,537 [Worker-102: Building] INFO  o.a.m.s.f.DefaultMavenResourcesFiltering - skip non existing resourceDirectory C:\Users\apoor\OneDrive\Desktop\Lost_and_found\Lost-and-found\src\test\resources
2025-11-06 21:12:09,225 [Worker-138: Building] INFO  o.a.m.s.f.DefaultMavenResourcesFiltering - Copying 1 resource from src\main\resources to target\classes
2025-11-06 21:12:09,379 [Worker-138: Building] INFO  o.a.m.s.f.DefaultMavenResourcesFiltering - Copying 0 resource from src\main\resources to target\classes
2025-11-06 21:12:09,388 [Worker-138: Building] INFO  o.a.m.s.f.DefaultMavenResourcesFiltering - skip non existing resourceDirectory C:\Users\apoor\OneDrive\Desktop\Lost_and_found\Lost-and-found\src\test\resources
2025-11-06 22:47:25,332 [Worker-155: Building] INFO  o.a.m.s.f.DefaultMavenResourcesFiltering - Copying 1 resource from src\main\resources to target\classes
2025-11-06 22:47:25,475 [Worker-155: Building] INFO  o.a.m.s.f.DefaultMavenResourcesFiltering - Copying 0 resource from src\main\resources to target\classes
2025-11-06 22:47:25,493 [Worker-155: Building] INFO  o.a.m.s.f.DefaultMavenResourcesFiltering - skip non existing resourceDirectory C:\Users\apoor\OneDrive\Desktop\Lost_and_found\Lost-and-found\src\test\resources
2025-11-06 23:01:00,543 [Worker-155: Building] INFO  o.a.m.s.f.DefaultMavenResourcesFiltering - Copying 1 resource from src\main\resources to target\classes
2025-11-06 23:01:00,728 [Worker-155: Building] INFO  o.a.m.s.f.DefaultMavenResourcesFiltering - Copying 0 resource from src\main\resources to target\classes
2025-11-06 23:01:00,739 [Worker-155: Building] INFO  o.a.m.s.f.DefaultMavenResourcesFiltering - skip non existing resourceDirectory C:\Users\apoor\OneDrive\Desktop\Lost_and_found\Lost-and-found\src\test\resources
2025-11-06 23:02:09,544 [Worker-154: Building] INFO  o.a.m.s.f.DefaultMavenResourcesFiltering - Copying 1 resource from src\main\resources to target\classes
2025-11-06 23:02:09,584 [Worker-154: Building] INFO  o.a.m.s.f.DefaultMavenResourcesFiltering - Copying 0 resource from src\main\resources to target\classes
2025-11-06 23:02:09,603 [Worker-154: Building] INFO  o.a.m.s.f.DefaultMavenResourcesFiltering - skip non existing resourceDirectory C:\Users\apoor\OneDrive\Desktop\Lost_and_found\Lost-and-found\src\test\resources
2025-11-06 23:02:53,170 [Worker-156: Building] INFO  o.a.m.s.f.DefaultMavenResourcesFiltering - Copying 1 resource from src\main\resources to target\classes
2025-11-06 23:02:53,191 [Worker-156: Building] INFO  o.a.m.s.f.DefaultMavenResourcesFiltering - Copying 0 resource from src\main\resources to target\classes
2025-11-06 23:02:53,202 [Worker-156: Building] INFO  o.a.m.s.f.DefaultMavenResourcesFiltering - skip non existing resourceDirectory C:\Users\apoor\OneDrive\Desktop\Lost_and_found\Lost-and-found\src\test\resources
2025-11-07 20:10:17,162 [Worker-158: Building] INFO  o.e.m.c.i.l.LifecycleMappingFactory - Using org.eclipse.m2e.jdt.JarLifecycleMapping lifecycle mapping for MavenProject: com.example:lostandfound:0.0.1-SNAPSHOT @ C:\Users\apoor\OneDrive\Desktop\Lost_and_found\Lost-and-found\pom.xml.
2025-11-07 20:10:25,907 [Worker-158: Building] INFO  o.e.m.c.i.e.AbstractTransferListenerAdapter - Downloading https://repo.maven.apache.org/maven2/org/springframework/boot/spring-boot-starter-validation/3.5.4/spring-boot-starter-validation-3.5.4.pom
2025-11-07 20:10:26,438 [Worker-158: Building] INFO  o.e.m.c.i.e.AbstractTransferListenerAdapter - Downloaded https://repo.maven.apache.org/maven2/org/springframework/boot/spring-boot-starter-validation/3.5.4/spring-boot-starter-validation-3.5.4.pom
2025-11-07 20:10:26,631 [Worker-158: Building] INFO  o.e.m.c.i.e.AbstractTransferListenerAdapter - Downloading https://repo.maven.apache.org/maven2/org/hibernate/validator/hibernate-validator/8.0.2.Final/hibernate-validator-8.0.2.Final.pom
2025-11-07 20:10:26,712 [Worker-158: Building] INFO  o.e.m.c.i.e.AbstractTransferListenerAdapter - Downloaded https://repo.maven.apache.org/maven2/org/hibernate/validator/hibernate-validator/8.0.2.Final/hibernate-validator-8.0.2.Final.pom
2025-11-07 20:10:26,804 [Worker-158: Building] INFO  o.e.m.c.i.e.AbstractTransferListenerAdapter - Downloading https://repo.maven.apache.org/maven2/org/hibernate/validator/hibernate-validator-parent/8.0.2.Final/hibernate-validator-parent-8.0.2.Final.pom
2025-11-07 20:10:26,997 [Worker-158: Building] INFO  o.e.m.c.i.e.AbstractTransferListenerAdapter - Downloaded https://repo.maven.apache.org/maven2/org/hibernate/validator/hibernate-validator-parent/8.0.2.Final/hibernate-validator-parent-8.0.2.Final.pom
2025-11-07 20:10:27,099 [Worker-158: Building] INFO  o.e.m.c.i.e.AbstractTransferListenerAdapter - Downloading https://repo.maven.apache.org/maven2/org/jboss/arquillian/arquillian-bom/1.7.0.Alpha10/arquillian-bom-1.7.0.Alpha10.pom
2025-11-07 20:10:27,280 [Worker-158: Building] INFO  o.e.m.c.i.e.AbstractTransferListenerAdapter - Downloaded https://repo.maven.apache.org/maven2/org/jboss/arquillian/arquillian-bom/1.7.0.Alpha10/arquillian-bom-1.7.0.Alpha10.pom
2025-11-07 20:10:27,400 [Worker-158: Building] INFO  o.e.m.c.i.e.AbstractTransferListenerAdapter - Downloading https://repo.maven.apache.org/maven2/org/jboss/shrinkwrap/shrinkwrap-bom/1.2.6/shrinkwrap-bom-1.2.6.pom
2025-11-07 20:10:27,560 [Worker-158: Building] INFO  o.e.m.c.i.e.AbstractTransferListenerAdapter - Downloaded https://repo.maven.apache.org/maven2/org/jboss/shrinkwrap/shrinkwrap-bom/1.2.6/shrinkwrap-bom-1.2.6.pom
2025-11-07 20:10:27,706 [Worker-158: Building] INFO  o.e.m.c.i.e.AbstractTransferListenerAdapter - Downloading https://repo.maven.apache.org/maven2/org/jboss/shrinkwrap/resolver/shrinkwrap-resolver-bom/3.1.4/shrinkwrap-resolver-bom-3.1.4.pom
2025-11-07 20:10:27,752 [Worker-158: Building] INFO  o.e.m.c.i.e.AbstractTransferListenerAdapter - Downloaded https://repo.maven.apache.org/maven2/org/jboss/shrinkwrap/resolver/shrinkwrap-resolver-bom/3.1.4/shrinkwrap-resolver-bom-3.1.4.pom
2025-11-07 20:10:28,011 [Worker-158: Building] INFO  o.e.m.c.i.e.AbstractTransferListenerAdapter - Downloading https://repo.maven.apache.org/maven2/org/apache/maven/maven/3.6.3/maven-3.6.3.pom
2025-11-07 20:10:28,116 [Worker-158: Building] INFO  o.e.m.c.i.e.AbstractTransferListenerAdapter - Downloaded https://repo.maven.apache.org/maven2/org/apache/maven/maven/3.6.3/maven-3.6.3.pom
2025-11-07 20:10:28,240 [Worker-158: Building] INFO  o.e.m.c.i.e.AbstractTransferListenerAdapter - Downloading https://repo.maven.apache.org/maven2/org/jboss/shrinkwrap/descriptors/shrinkwrap-descriptors-bom/2.0.0/shrinkwrap-descriptors-bom-2.0.0.pom
2025-11-07 20:10:28,290 [Worker-158: Building] INFO  o.e.m.c.i.e.AbstractTransferListenerAdapter - Downloaded https://repo.maven.apache.org/maven2/org/jboss/shrinkwrap/descriptors/shrinkwrap-descriptors-bom/2.0.0/shrinkwrap-descriptors-bom-2.0.0.pom
2025-11-07 20:10:28,383 [Worker-158: Building] INFO  o.e.m.c.i.e.AbstractTransferListenerAdapter - Downloading https://repo.maven.apache.org/maven2/jakarta/validation/jakarta.validation-api/3.0.2/jakarta.validation-api-3.0.2.pom
2025-11-07 20:10:28,472 [Worker-158: Building] INFO  o.e.m.c.i.e.AbstractTransferListenerAdapter - Downloaded https://repo.maven.apache.org/maven2/jakarta/validation/jakarta.validation-api/3.0.2/jakarta.validation-api-3.0.2.pom
2025-11-07 20:10:30,619 [Worker-158: Building] INFO  o.e.m.c.i.e.AbstractTransferListenerAdapter - Downloading https://repo.maven.apache.org/maven2/org/springframework/boot/spring-boot-starter-validation/3.5.4/spring-boot-starter-validation-3.5.4.jar
2025-11-07 20:10:30,752 [Worker-158: Building] INFO  o.e.m.c.i.e.AbstractTransferListenerAdapter - Downloaded https://repo.maven.apache.org/maven2/org/springframework/boot/spring-boot-starter-validation/3.5.4/spring-boot-starter-validation-3.5.4.jar
2025-11-07 20:10:30,791 [BasicRepositoryConnector-repo.maven.apache.org-0-1] INFO  o.e.m.c.i.e.AbstractTransferListenerAdapter - Downloading https://repo.maven.apache.org/maven2/jakarta/validation/jakarta.validation-api/3.0.2/jakarta.validation-api-3.0.2.jar
2025-11-07 20:10:30,909 [BasicRepositoryConnector-repo.maven.apache.org-0-0] INFO  o.e.m.c.i.e.AbstractTransferListenerAdapter - Downloading https://repo.maven.apache.org/maven2/org/hibernate/validator/hibernate-validator/8.0.2.Final/hibernate-validator-8.0.2.Final.jar
2025-11-07 20:10:31,077 [BasicRepositoryConnector-repo.maven.apache.org-0-1] INFO  o.e.m.c.i.e.AbstractTransferListenerAdapter - Downloaded https://repo.maven.apache.org/maven2/jakarta/validation/jakarta.validation-api/3.0.2/jakarta.validation-api-3.0.2.jar
2025-11-07 20:10:31,117 [BasicRepositoryConnector-repo.maven.apache.org-0-0] INFO  o.e.m.c.i.e.AbstractTransferListenerAdapter - Downloaded https://repo.maven.apache.org/maven2/org/hibernate/validator/hibernate-validator/8.0.2.Final/hibernate-validator-8.0.2.Final.jar
2025-11-07 20:10:39,352 [Worker-160: Download sources and javadoc] INFO  o.e.m.c.i.e.AbstractTransferListenerAdapter - Downloading https://repo.maven.apache.org/maven2/org/springframework/boot/spring-boot-starter-validation/3.5.4/spring-boot-starter-validation-3.5.4-sources.jar
2025-11-07 20:10:39,457 [Worker-160: Download sources and javadoc] INFO  o.e.m.c.i.e.AbstractTransferListenerAdapter - Downloaded https://repo.maven.apache.org/maven2/org/springframework/boot/spring-boot-starter-validation/3.5.4/spring-boot-starter-validation-3.5.4-sources.jar
2025-11-07 20:10:39,523 [Worker-160: Download sources and javadoc] INFO  o.e.m.j.internal.DownloadSourcesJob - Downloaded sources for org.springframework.boot:spring-boot-starter-validation:3.5.4
2025-11-07 20:10:39,633 [Worker-160: Download sources and javadoc] INFO  o.e.m.c.i.e.AbstractTransferListenerAdapter - Downloading https://repo.maven.apache.org/maven2/org/hibernate/validator/hibernate-validator/8.0.2.Final/hibernate-validator-8.0.2.Final-sources.jar
2025-11-07 20:10:39,973 [Worker-160: Download sources and javadoc] INFO  o.e.m.c.i.e.AbstractTransferListenerAdapter - Downloaded https://repo.maven.apache.org/maven2/org/hibernate/validator/hibernate-validator/8.0.2.Final/hibernate-validator-8.0.2.Final-sources.jar
2025-11-07 20:10:40,065 [Worker-160: Download sources and javadoc] INFO  o.e.m.j.internal.DownloadSourcesJob - Downloaded sources for org.hibernate.validator:hibernate-validator:8.0.2.Final
2025-11-07 20:10:40,177 [Worker-158: Building] INFO  o.a.m.s.f.DefaultMavenResourcesFiltering - Copying 0 resource from src\main\resources to target\classes
2025-11-07 20:10:40,178 [Worker-158: Building] INFO  o.a.m.s.f.DefaultMavenResourcesFiltering - Copying 0 resource from src\main\resources to target\classes
2025-11-07 20:10:40,193 [Worker-158: Building] INFO  o.a.m.s.f.DefaultMavenResourcesFiltering - skip non existing resourceDirectory C:\Users\apoor\OneDrive\Desktop\Lost_and_found\Lost-and-found\src\test\resources
2025-11-07 20:10:40,232 [Worker-160: Download sources and javadoc] INFO  o.e.m.c.i.e.AbstractTransferListenerAdapter - Downloading https://repo.maven.apache.org/maven2/jakarta/validation/jakarta.validation-api/3.0.2/jakarta.validation-api-3.0.2-sources.jar
2025-11-07 20:10:40,443 [Worker-160: Download sources and javadoc] INFO  o.e.m.c.i.e.AbstractTransferListenerAdapter - Downloaded https://repo.maven.apache.org/maven2/jakarta/validation/jakarta.validation-api/3.0.2/jakarta.validation-api-3.0.2-sources.jar
2025-11-07 20:10:40,551 [Worker-160: Download sources and javadoc] INFO  o.e.m.j.internal.DownloadSourcesJob - Downloaded sources for jakarta.validation:jakarta.validation-api:3.0.2
2025-11-07 20:10:42,709 [Worker-161: Building] INFO  o.a.m.s.f.DefaultMavenResourcesFiltering - Copying 1 resource from src\main\resources to target\classes
2025-11-07 20:10:42,766 [Worker-161: Building] INFO  o.a.m.s.f.DefaultMavenResourcesFiltering - Copying 0 resource from src\main\resources to target\classes
2025-11-07 20:10:42,774 [Worker-161: Building] INFO  o.a.m.s.f.DefaultMavenResourcesFiltering - skip non existing resourceDirectory C:\Users\apoor\OneDrive\Desktop\Lost_and_found\Lost-and-found\src\test\resources
2025-11-07 20:12:38,358 [Worker-165: Building] INFO  o.a.m.s.f.DefaultMavenResourcesFiltering - Copying 1 resource from src\main\resources to target\classes
2025-11-07 20:12:38,450 [Worker-165: Building] INFO  o.a.m.s.f.DefaultMavenResourcesFiltering - Copying 0 resource from src\main\resources to target\classes
2025-11-07 20:12:38,456 [Worker-165: Building] INFO  o.a.m.s.f.DefaultMavenResourcesFiltering - skip non existing resourceDirectory C:\Users\apoor\OneDrive\Desktop\Lost_and_found\Lost-and-found\src\test\resources
2025-11-07 20:13:24,203 [Worker-166: Launching Executing clean in C__Users_apoor_OneDrive_Desktop_Lost_and_found_Lost-and-found] INFO  o.eclipse.m2e.core.internal.Bundles - getClasspathEntries(Bundle=org.eclipse.m2e.maven.runtime_3.9.900.20250220-2013 [298])
2025-11-07 20:13:24,207 [Worker-166: Launching Executing clean in C__Users_apoor_OneDrive_Desktop_Lost_and_found_Lost-and-found] INFO  o.eclipse.m2e.core.internal.Bundles - 	Entry: C:\Users\apoor\.p2\pool\plugins\org.eclipse.m2e.maven.runtime_3.9.900.20250220-2013
2025-11-07 20:13:24,208 [Worker-166: Launching Executing clean in C__Users_apoor_OneDrive_Desktop_Lost_and_found_Lost-and-found] INFO  o.eclipse.m2e.core.internal.Bundles - 	Entry: C:\Users\apoor\.p2\pool\plugins\org.eclipse.m2e.maven.runtime_3.9.900.20250220-2013\jars\aopalliance-1.0.jar
2025-11-07 20:13:24,209 [Worker-166: Launching Executing clean in C__Users_apoor_OneDrive_Desktop_Lost_and_found_Lost-and-found] INFO  o.eclipse.m2e.core.internal.Bundles - 	Entry: C:\Users\apoor\.p2\pool\plugins\org.eclipse.m2e.maven.runtime_3.9.900.20250220-2013\jars\guice-5.1.0.jar
2025-11-07 20:13:24,209 [Worker-166: Launching Executing clean in C__Users_apoor_OneDrive_Desktop_Lost_and_found_Lost-and-found] INFO  o.eclipse.m2e.core.internal.Bundles - 	Entry: C:\Users\apoor\.p2\pool\plugins\org.eclipse.m2e.maven.runtime_3.9.900.20250220-2013\jars\httpclient-4.5.14.jar
2025-11-07 20:13:24,210 [Worker-166: Launching Executing clean in C__Users_apoor_OneDrive_Desktop_Lost_and_found_Lost-and-found] INFO  o.eclipse.m2e.core.internal.Bundles - 	Entry: C:\Users\apoor\.p2\pool\plugins\org.eclipse.m2e.maven.runtime_3.9.900.20250220-2013\jars\httpcore-4.4.16.jar
2025-11-07 20:13:24,210 [Worker-166: Launching Executing clean in C__Users_apoor_OneDrive_Desktop_Lost_and_found_Lost-and-found] INFO  o.eclipse.m2e.core.internal.Bundles - 	Entry: C:\Users\apoor\.p2\pool\plugins\org.eclipse.m2e.maven.runtime_3.9.900.20250220-2013\jars\jansi-2.4.1.jar
2025-11-07 20:13:24,211 [Worker-166: Launching Executing clean in C__Users_apoor_OneDrive_Desktop_Lost_and_found_Lost-and-found] INFO  o.eclipse.m2e.core.internal.Bundles - 	Entry: C:\Users\apoor\.p2\pool\plugins\org.eclipse.m2e.maven.runtime_3.9.900.20250220-2013\jars\jcl-over-slf4j-1.7.36.jar
2025-11-07 20:13:24,211 [Worker-166: Launching Executing clean in C__Users_apoor_OneDrive_Desktop_Lost_and_found_Lost-and-found] INFO  o.eclipse.m2e.core.internal.Bundles - 	Entry: C:\Users\apoor\.p2\pool\plugins\org.eclipse.m2e.maven.runtime_3.9.900.20250220-2013\jars\maven-artifact-3.9.9.jar
2025-11-07 20:13:24,212 [Worker-166: Launching Executing clean in C__Users_apoor_OneDrive_Desktop_Lost_and_found_Lost-and-found] INFO  o.eclipse.m2e.core.internal.Bundles - 	Entry: C:\Users\apoor\.p2\pool\plugins\org.eclipse.m2e.maven.runtime_3.9.900.20250220-2013\jars\maven-builder-support-3.9.9.jar
2025-11-07 20:13:24,212 [Worker-166: Launching Executing clean in C__Users_apoor_OneDrive_Desktop_Lost_and_found_Lost-and-found] INFO  o.eclipse.m2e.core.internal.Bundles - 	Entry: C:\Users\apoor\.p2\pool\plugins\org.eclipse.m2e.maven.runtime_3.9.900.20250220-2013\jars\maven-compat-3.9.9.jar
2025-11-07 20:13:24,212 [Worker-166: Launching Executing clean in C__Users_apoor_OneDrive_Desktop_Lost_and_found_Lost-and-found] INFO  o.eclipse.m2e.core.internal.Bundles - 	Entry: C:\Users\apoor\.p2\pool\plugins\org.eclipse.m2e.maven.runtime_3.9.900.20250220-2013\jars\maven-core-3.9.9.jar
2025-11-07 20:13:24,212 [Worker-166: Launching Executing clean in C__Users_apoor_OneDrive_Desktop_Lost_and_found_Lost-and-found] INFO  o.eclipse.m2e.core.internal.Bundles - 	Entry: C:\Users\apoor\.p2\pool\plugins\org.eclipse.m2e.maven.runtime_3.9.900.20250220-2013\jars\maven-embedder-3.9.9.jar
2025-11-07 20:13:24,212 [Worker-166: Launching Executing clean in C__Users_apoor_OneDrive_Desktop_Lost_and_found_Lost-and-found] INFO  o.eclipse.m2e.core.internal.Bundles - 	Entry: C:\Users\apoor\.p2\pool\plugins\org.eclipse.m2e.maven.runtime_3.9.900.20250220-2013\jars\maven-model-3.9.9.jar
2025-11-07 20:13:24,212 [Worker-166: Launching Executing clean in C__Users_apoor_OneDrive_Desktop_Lost_and_found_Lost-and-found] INFO  o.eclipse.m2e.core.internal.Bundles - 	Entry: C:\Users\apoor\.p2\pool\plugins\org.eclipse.m2e.maven.runtime_3.9.900.20250220-2013\jars\maven-model-builder-3.9.9.jar
2025-11-07 20:13:24,214 [Worker-166: Launching Executing clean in C__Users_apoor_OneDrive_Desktop_Lost_and_found_Lost-and-found] INFO  o.eclipse.m2e.core.internal.Bundles - 	Entry: C:\Users\apoor\.p2\pool\plugins\org.eclipse.m2e.maven.runtime_3.9.900.20250220-2013\jars\maven-plugin-api-3.9.9.jar
2025-11-07 20:13:24,214 [Worker-166: Launching Executing clean in C__Users_apoor_OneDrive_Desktop_Lost_and_found_Lost-and-found] INFO  o.eclipse.m2e.core.internal.Bundles - 	Entry: C:\Users\apoor\.p2\pool\plugins\org.eclipse.m2e.maven.runtime_3.9.900.20250220-2013\jars\maven-repository-metadata-3.9.9.jar
2025-11-07 20:13:24,215 [Worker-166: Launching Executing clean in C__Users_apoor_OneDrive_Desktop_Lost_and_found_Lost-and-found] INFO  o.eclipse.m2e.core.internal.Bundles - 	Entry: C:\Users\apoor\.p2\pool\plugins\org.eclipse.m2e.maven.runtime_3.9.900.20250220-2013\jars\maven-resolver-api-1.9.22.jar
2025-11-07 20:13:24,215 [Worker-166: Launching Executing clean in C__Users_apoor_OneDrive_Desktop_Lost_and_found_Lost-and-found] INFO  o.eclipse.m2e.core.internal.Bundles - 	Entry: C:\Users\apoor\.p2\pool\plugins\org.eclipse.m2e.maven.runtime_3.9.900.20250220-2013\jars\maven-resolver-connector-basic-1.9.22.jar
2025-11-07 20:13:24,215 [Worker-166: Launching Executing clean in C__Users_apoor_OneDrive_Desktop_Lost_and_found_Lost-and-found] INFO  o.eclipse.m2e.core.internal.Bundles - 	Entry: C:\Users\apoor\.p2\pool\plugins\org.eclipse.m2e.maven.runtime_3.9.900.20250220-2013\jars\maven-resolver-impl-1.9.22.jar
2025-11-07 20:13:24,215 [Worker-166: Launching Executing clean in C__Users_apoor_OneDrive_Desktop_Lost_and_found_Lost-and-found] INFO  o.eclipse.m2e.core.internal.Bundles - 	Entry: C:\Users\apoor\.p2\pool\plugins\org.eclipse.m2e.maven.runtime_3.9.900.20250220-2013\jars\maven-resolver-named-locks-1.9.22.jar
2025-11-07 20:13:24,216 [Worker-166: Launching Executing clean in C__Users_apoor_OneDrive_Desktop_Lost_and_found_Lost-and-found] INFO  o.eclipse.m2e.core.internal.Bundles - 	Entry: C:\Users\apoor\.p2\pool\plugins\org.eclipse.m2e.maven.runtime_3.9.900.20250220-2013\jars\maven-resolver-provider-3.9.9.jar
2025-11-07 20:13:24,216 [Worker-166: Launching Executing clean in C__Users_apoor_OneDrive_Desktop_Lost_and_found_Lost-and-found] INFO  o.eclipse.m2e.core.internal.Bundles - 	Entry: C:\Users\apoor\.p2\pool\plugins\org.eclipse.m2e.maven.runtime_3.9.900.20250220-2013\jars\maven-resolver-spi-1.9.22.jar
2025-11-07 20:13:24,216 [Worker-166: Launching Executing clean in C__Users_apoor_OneDrive_Desktop_Lost_and_found_Lost-and-found] INFO  o.eclipse.m2e.core.internal.Bundles - 	Entry: C:\Users\apoor\.p2\pool\plugins\org.eclipse.m2e.maven.runtime_3.9.900.20250220-2013\jars\maven-resolver-transport-file-1.9.22.jar
2025-11-07 20:13:24,216 [Worker-166: Launching Executing clean in C__Users_apoor_OneDrive_Desktop_Lost_and_found_Lost-and-found] INFO  o.eclipse.m2e.core.internal.Bundles - 	Entry: C:\Users\apoor\.p2\pool\plugins\org.eclipse.m2e.maven.runtime_3.9.900.20250220-2013\jars\maven-resolver-transport-http-1.9.22.jar
2025-11-07 20:13:24,216 [Worker-166: Launching Executing clean in C__Users_apoor_OneDrive_Desktop_Lost_and_found_Lost-and-found] INFO  o.eclipse.m2e.core.internal.Bundles - 	Entry: C:\Users\apoor\.p2\pool\plugins\org.eclipse.m2e.maven.runtime_3.9.900.20250220-2013\jars\maven-resolver-transport-wagon-1.9.22.jar
2025-11-07 20:13:24,217 [Worker-166: Launching Executing clean in C__Users_apoor_OneDrive_Desktop_Lost_and_found_Lost-and-found] INFO  o.eclipse.m2e.core.internal.Bundles - 	Entry: C:\Users\apoor\.p2\pool\plugins\org.eclipse.m2e.maven.runtime_3.9.900.20250220-2013\jars\maven-resolver-util-1.9.22.jar
2025-11-07 20:13:24,217 [Worker-166: Launching Executing clean in C__Users_apoor_OneDrive_Desktop_Lost_and_found_Lost-and-found] INFO  o.eclipse.m2e.core.internal.Bundles - 	Entry: C:\Users\apoor\.p2\pool\plugins\org.eclipse.m2e.maven.runtime_3.9.900.20250220-2013\jars\maven-settings-3.9.9.jar
2025-11-07 20:13:24,217 [Worker-166: Launching Executing clean in C__Users_apoor_OneDrive_Desktop_Lost_and_found_Lost-and-found] INFO  o.eclipse.m2e.core.internal.Bundles - 	Entry: C:\Users\apoor\.p2\pool\plugins\org.eclipse.m2e.maven.runtime_3.9.900.20250220-2013\jars\maven-settings-builder-3.9.9.jar
2025-11-07 20:13:24,218 [Worker-166: Launching Executing clean in C__Users_apoor_OneDrive_Desktop_Lost_and_found_Lost-and-found] INFO  o.eclipse.m2e.core.internal.Bundles - 	Entry: C:\Users\apoor\.p2\pool\plugins\org.eclipse.m2e.maven.runtime_3.9.900.20250220-2013\jars\maven-shared-utils-3.4.2.jar
2025-11-07 20:13:24,218 [Worker-166: Launching Executing clean in C__Users_apoor_OneDrive_Desktop_Lost_and_found_Lost-and-found] INFO  o.eclipse.m2e.core.internal.Bundles - 	Entry: C:\Users\apoor\.p2\pool\plugins\org.eclipse.m2e.maven.runtime_3.9.900.20250220-2013\jars\org.eclipse.sisu.inject-0.9.0.M3.jar
2025-11-07 20:13:24,218 [Worker-166: Launching Executing clean in C__Users_apoor_OneDrive_Desktop_Lost_and_found_Lost-and-found] INFO  o.eclipse.m2e.core.internal.Bundles - 	Entry: C:\Users\apoor\.p2\pool\plugins\org.eclipse.m2e.maven.runtime_3.9.900.20250220-2013\jars\org.eclipse.sisu.plexus-0.9.0.M3.jar
2025-11-07 20:13:24,218 [Worker-166: Launching Executing clean in C__Users_apoor_OneDrive_Desktop_Lost_and_found_Lost-and-found] INFO  o.eclipse.m2e.core.internal.Bundles - 	Entry: C:\Users\apoor\.p2\pool\plugins\org.eclipse.m2e.maven.runtime_3.9.900.20250220-2013\jars\plexus-build-api-0.0.7.jar
2025-11-07 20:13:24,219 [Worker-166: Launching Executing clean in C__Users_apoor_OneDrive_Desktop_Lost_and_found_Lost-and-found] INFO  o.eclipse.m2e.core.internal.Bundles - 	Entry: C:\Users\apoor\.p2\pool\plugins\org.eclipse.m2e.maven.runtime_3.9.900.20250220-2013\jars\plexus-build-api-1.2.0.jar
2025-11-07 20:13:24,220 [Worker-166: Launching Executing clean in C__Users_apoor_OneDrive_Desktop_Lost_and_found_Lost-and-found] INFO  o.eclipse.m2e.core.internal.Bundles - 	Entry: C:\Users\apoor\.p2\pool\plugins\org.eclipse.m2e.maven.runtime_3.9.900.20250220-2013\jars\plexus-cipher-2.0.jar
2025-11-07 20:13:24,222 [Worker-166: Launching Executing clean in C__Users_apoor_OneDrive_Desktop_Lost_and_found_Lost-and-found] INFO  o.eclipse.m2e.core.internal.Bundles - 	Entry: C:\Users\apoor\.p2\pool\plugins\org.eclipse.m2e.maven.runtime_3.9.900.20250220-2013\jars\plexus-classworlds-2.8.0.jar
2025-11-07 20:13:24,223 [Worker-166: Launching Executing clean in C__Users_apoor_OneDrive_Desktop_Lost_and_found_Lost-and-found] INFO  o.eclipse.m2e.core.internal.Bundles - 	Entry: C:\Users\apoor\.p2\pool\plugins\org.eclipse.m2e.maven.runtime_3.9.900.20250220-2013\jars\plexus-component-annotations-2.1.0.jar
2025-11-07 20:13:24,224 [Worker-166: Launching Executing clean in C__Users_apoor_OneDrive_Desktop_Lost_and_found_Lost-and-found] INFO  o.eclipse.m2e.core.internal.Bundles - 	Entry: C:\Users\apoor\.p2\pool\plugins\org.eclipse.m2e.maven.runtime_3.9.900.20250220-2013\jars\plexus-interpolation-1.27.jar
2025-11-07 20:13:24,224 [Worker-166: Launching Executing clean in C__Users_apoor_OneDrive_Desktop_Lost_and_found_Lost-and-found] INFO  o.eclipse.m2e.core.internal.Bundles - 	Entry: C:\Users\apoor\.p2\pool\plugins\org.eclipse.m2e.maven.runtime_3.9.900.20250220-2013\jars\plexus-sec-dispatcher-2.0.jar
2025-11-07 20:13:24,224 [Worker-166: Launching Executing clean in C__Users_apoor_OneDrive_Desktop_Lost_and_found_Lost-and-found] INFO  o.eclipse.m2e.core.internal.Bundles - 	Entry: C:\Users\apoor\.p2\pool\plugins\org.eclipse.m2e.maven.runtime_3.9.900.20250220-2013\jars\plexus-utils-3.5.1.jar
2025-11-07 20:13:24,225 [Worker-166: Launching Executing clean in C__Users_apoor_OneDrive_Desktop_Lost_and_found_Lost-and-found] INFO  o.eclipse.m2e.core.internal.Bundles - 	Entry: C:\Users\apoor\.p2\pool\plugins\org.eclipse.m2e.maven.runtime_3.9.900.20250220-2013\jars\plexus-xml-3.0.1.jar
2025-11-07 20:13:24,225 [Worker-166: Launching Executing clean in C__Users_apoor_OneDrive_Desktop_Lost_and_found_Lost-and-found] INFO  o.eclipse.m2e.core.internal.Bundles - 	Entry: C:\Users\apoor\.p2\pool\plugins\org.eclipse.m2e.maven.runtime_3.9.900.20250220-2013\jars\wagon-file-3.5.3.jar
2025-11-07 20:13:24,225 [Worker-166: Launching Executing clean in C__Users_apoor_OneDrive_Desktop_Lost_and_found_Lost-and-found] INFO  o.eclipse.m2e.core.internal.Bundles - 	Entry: C:\Users\apoor\.p2\pool\plugins\org.eclipse.m2e.maven.runtime_3.9.900.20250220-2013\jars\wagon-http-3.5.3.jar
2025-11-07 20:13:24,225 [Worker-166: Launching Executing clean in C__Users_apoor_OneDrive_Desktop_Lost_and_found_Lost-and-found] INFO  o.eclipse.m2e.core.internal.Bundles - 	Entry: C:\Users\apoor\.p2\pool\plugins\org.eclipse.m2e.maven.runtime_3.9.900.20250220-2013\jars\wagon-http-shared-3.5.3.jar
2025-11-07 20:13:24,226 [Worker-166: Launching Executing clean in C__Users_apoor_OneDrive_Desktop_Lost_and_found_Lost-and-found] INFO  o.eclipse.m2e.core.internal.Bundles - 	Entry: C:\Users\apoor\.p2\pool\plugins\org.eclipse.m2e.maven.runtime_3.9.900.20250220-2013\jars\wagon-provider-api-3.5.3.jar
2025-11-07 20:13:24,228 [Worker-166: Launching Executing clean in C__Users_apoor_OneDrive_Desktop_Lost_and_found_Lost-and-found] INFO  o.eclipse.m2e.core.internal.Bundles - getClasspathEntries(Bundle=com.google.guava_33.4.0.jre [12])
2025-11-07 20:13:24,229 [Worker-166: Launching Executing clean in C__Users_apoor_OneDrive_Desktop_Lost_and_found_Lost-and-found] INFO  o.eclipse.m2e.core.internal.Bundles - 	Entry: C:\Users\apoor\.p2\pool\plugins\com.google.guava_33.4.0.jre.jar
2025-11-07 20:13:24,229 [Worker-166: Launching Executing clean in C__Users_apoor_OneDrive_Desktop_Lost_and_found_Lost-and-found] INFO  o.eclipse.m2e.core.internal.Bundles - getClasspathEntries(Bundle=slf4j.api_2.0.17 [522])
2025-11-07 20:13:24,229 [Worker-166: Launching Executing clean in C__Users_apoor_OneDrive_Desktop_Lost_and_found_Lost-and-found] INFO  o.eclipse.m2e.core.internal.Bundles - 	Entry: C:\Users\apoor\.p2\pool\plugins\slf4j.api_2.0.17.jar
2025-11-07 20:13:24,229 [Worker-166: Launching Executing clean in C__Users_apoor_OneDrive_Desktop_Lost_and_found_Lost-and-found] INFO  o.eclipse.m2e.core.internal.Bundles - getClasspathEntries(Bundle=jakarta.inject.jakarta.inject-api_1.0.5 [24])
2025-11-07 20:13:24,230 [Worker-166: Launching Executing clean in C__Users_apoor_OneDrive_Desktop_Lost_and_found_Lost-and-found] INFO  o.eclipse.m2e.core.internal.Bundles - 	Entry: C:\Users\apoor\.p2\pool\plugins\jakarta.inject.jakarta.inject-api_1.0.5.jar
2025-11-07 20:13:24,230 [Worker-166: Launching Executing clean in C__Users_apoor_OneDrive_Desktop_Lost_and_found_Lost-and-found] INFO  o.eclipse.m2e.core.internal.Bundles - getClasspathEntries(Bundle=jakarta.annotation-api_1.3.5 [22])
2025-11-07 20:13:24,231 [Worker-166: Launching Executing clean in C__Users_apoor_OneDrive_Desktop_Lost_and_found_Lost-and-found] INFO  o.eclipse.m2e.core.internal.Bundles - 	Entry: C:\Users\apoor\.p2\pool\plugins\jakarta.annotation-api_1.3.5.jar
2025-11-07 20:13:24,231 [Worker-166: Launching Executing clean in C__Users_apoor_OneDrive_Desktop_Lost_and_found_Lost-and-found] INFO  o.eclipse.m2e.core.internal.Bundles - getClasspathEntries(Bundle=org.apache.commons.cli_1.9.0 [48])
2025-11-07 20:13:24,231 [Worker-166: Launching Executing clean in C__Users_apoor_OneDrive_Desktop_Lost_and_found_Lost-and-found] INFO  o.eclipse.m2e.core.internal.Bundles - 	Entry: C:\Users\apoor\.p2\pool\plugins\org.apache.commons.cli_1.9.0.jar
2025-11-07 20:13:24,231 [Worker-166: Launching Executing clean in C__Users_apoor_OneDrive_Desktop_Lost_and_found_Lost-and-found] INFO  o.eclipse.m2e.core.internal.Bundles - getClasspathEntries(Bundle=org.apache.commons.commons-codec_1.16.0 [49])
2025-11-07 20:13:24,232 [Worker-166: Launching Executing clean in C__Users_apoor_OneDrive_Desktop_Lost_and_found_Lost-and-found] INFO  o.eclipse.m2e.core.internal.Bundles - 	Entry: C:\Users\apoor\.p2\pool\plugins\org.apache.commons.commons-codec_1.16.0.jar
2025-11-07 20:13:24,232 [Worker-166: Launching Executing clean in C__Users_apoor_OneDrive_Desktop_Lost_and_found_Lost-and-found] INFO  o.eclipse.m2e.core.internal.Bundles - getClasspathEntries(Bundle=com.google.guava.failureaccess_1.0.2 [13])
2025-11-07 20:13:24,233 [Worker-166: Launching Executing clean in C__Users_apoor_OneDrive_Desktop_Lost_and_found_Lost-and-found] INFO  o.eclipse.m2e.core.internal.Bundles - 	Entry: C:\Users\apoor\.p2\pool\plugins\com.google.guava.failureaccess_1.0.2.jar
2025-11-07 20:13:24,262 [Worker-166: Launching Executing clean in C__Users_apoor_OneDrive_Desktop_Lost_and_found_Lost-and-found] INFO  o.e.m.i.launch.MavenLaunchDelegate - Run build in "C:\Users\apoor\OneDrive\Desktop\Lost_and_found\Lost-and-found":
2025-11-07 20:13:24,263 [Worker-166: Launching Executing clean in C__Users_apoor_OneDrive_Desktop_Lost_and_found_Lost-and-found] INFO  o.e.m.i.launch.MavenLaunchDelegate -  mvn  -B -Dstyle.color=always clean
2025-11-07 20:13:24,263 [Worker-166: Launching Executing clean in C__Users_apoor_OneDrive_Desktop_Lost_and_found_Lost-and-found] WARN  o.e.m.i.l.MavenLaunchExtensionsSupport - Unknown or unsupported source locator org.eclipse.jdt.internal.launching.sourcelookup.advanced.AdvancedSourceLookupDirector
2025-11-07 20:13:34,884 [Worker-167: Building] INFO  o.a.m.s.f.DefaultMavenResourcesFiltering - Copying 1 resource from src\main\resources to target\classes
2025-11-07 20:13:34,890 [Worker-167: Building] INFO  o.a.m.s.f.DefaultMavenResourcesFiltering - Copying 0 resource from src\main\resources to target\classes
2025-11-07 20:13:34,895 [Worker-167: Building] INFO  o.a.m.s.f.DefaultMavenResourcesFiltering - skip non existing resourceDirectory C:\Users\apoor\OneDrive\Desktop\Lost_and_found\Lost-and-found\src\test\resources
2025-11-07 20:13:42,479 [main] INFO  o.e.m2e.actions.ExecutePomAction - Creating new launch configuration
2025-11-07 20:16:24,070 [Worker-165: Launching Lost-and-found] INFO  o.eclipse.m2e.core.internal.Bundles - getClasspathEntries(Bundle=org.eclipse.m2e.maven.runtime_3.9.900.20250220-2013 [298])
2025-11-07 20:16:24,071 [Worker-165: Launching Lost-and-found] INFO  o.eclipse.m2e.core.internal.Bundles - 	Entry: C:\Users\apoor\.p2\pool\plugins\org.eclipse.m2e.maven.runtime_3.9.900.20250220-2013
2025-11-07 20:16:24,072 [Worker-165: Launching Lost-and-found] INFO  o.eclipse.m2e.core.internal.Bundles - 	Entry: C:\Users\apoor\.p2\pool\plugins\org.eclipse.m2e.maven.runtime_3.9.900.20250220-2013\jars\aopalliance-1.0.jar
2025-11-07 20:16:24,073 [Worker-165: Launching Lost-and-found] INFO  o.eclipse.m2e.core.internal.Bundles - 	Entry: C:\Users\apoor\.p2\pool\plugins\org.eclipse.m2e.maven.runtime_3.9.900.20250220-2013\jars\guice-5.1.0.jar
2025-11-07 20:16:24,074 [Worker-165: Launching Lost-and-found] INFO  o.eclipse.m2e.core.internal.Bundles - 	Entry: C:\Users\apoor\.p2\pool\plugins\org.eclipse.m2e.maven.runtime_3.9.900.20250220-2013\jars\httpclient-4.5.14.jar
2025-11-07 20:16:24,074 [Worker-165: Launching Lost-and-found] INFO  o.eclipse.m2e.core.internal.Bundles - 	Entry: C:\Users\apoor\.p2\pool\plugins\org.eclipse.m2e.maven.runtime_3.9.900.20250220-2013\jars\httpcore-4.4.16.jar
2025-11-07 20:16:24,074 [Worker-165: Launching Lost-and-found] INFO  o.eclipse.m2e.core.internal.Bundles - 	Entry: C:\Users\apoor\.p2\pool\plugins\org.eclipse.m2e.maven.runtime_3.9.900.20250220-2013\jars\jansi-2.4.1.jar
2025-11-07 20:16:24,074 [Worker-165: Launching Lost-and-found] INFO  o.eclipse.m2e.core.internal.Bundles - 	Entry: C:\Users\apoor\.p2\pool\plugins\org.eclipse.m2e.maven.runtime_3.9.900.20250220-2013\jars\jcl-over-slf4j-1.7.36.jar
2025-11-07 20:16:24,075 [Worker-165: Launching Lost-and-found] INFO  o.eclipse.m2e.core.internal.Bundles - 	Entry: C:\Users\apoor\.p2\pool\plugins\org.eclipse.m2e.maven.runtime_3.9.900.20250220-2013\jars\maven-artifact-3.9.9.jar
2025-11-07 20:16:24,075 [Worker-165: Launching Lost-and-found] INFO  o.eclipse.m2e.core.internal.Bundles - 	Entry: C:\Users\apoor\.p2\pool\plugins\org.eclipse.m2e.maven.runtime_3.9.900.20250220-2013\jars\maven-builder-support-3.9.9.jar
2025-11-07 20:16:24,075 [Worker-165: Launching Lost-and-found] INFO  o.eclipse.m2e.core.internal.Bundles - 	Entry: C:\Users\apoor\.p2\pool\plugins\org.eclipse.m2e.maven.runtime_3.9.900.20250220-2013\jars\maven-compat-3.9.9.jar
2025-11-07 20:16:24,077 [Worker-165: Launching Lost-and-found] INFO  o.eclipse.m2e.core.internal.Bundles - 	Entry: C:\Users\apoor\.p2\pool\plugins\org.eclipse.m2e.maven.runtime_3.9.900.20250220-2013\jars\maven-core-3.9.9.jar
2025-11-07 20:16:24,077 [Worker-165: Launching Lost-and-found] INFO  o.eclipse.m2e.core.internal.Bundles - 	Entry: C:\Users\apoor\.p2\pool\plugins\org.eclipse.m2e.maven.runtime_3.9.900.20250220-2013\jars\maven-embedder-3.9.9.jar
2025-11-07 20:16:24,078 [Worker-165: Launching Lost-and-found] INFO  o.eclipse.m2e.core.internal.Bundles - 	Entry: C:\Users\apoor\.p2\pool\plugins\org.eclipse.m2e.maven.runtime_3.9.900.20250220-2013\jars\maven-model-3.9.9.jar
2025-11-07 20:16:24,078 [Worker-165: Launching Lost-and-found] INFO  o.eclipse.m2e.core.internal.Bundles - 	Entry: C:\Users\apoor\.p2\pool\plugins\org.eclipse.m2e.maven.runtime_3.9.900.20250220-2013\jars\maven-model-builder-3.9.9.jar
2025-11-07 20:16:24,079 [Worker-165: Launching Lost-and-found] INFO  o.eclipse.m2e.core.internal.Bundles - 	Entry: C:\Users\apoor\.p2\pool\plugins\org.eclipse.m2e.maven.runtime_3.9.900.20250220-2013\jars\maven-plugin-api-3.9.9.jar
2025-11-07 20:16:24,079 [Worker-165: Launching Lost-and-found] INFO  o.eclipse.m2e.core.internal.Bundles - 	Entry: C:\Users\apoor\.p2\pool\plugins\org.eclipse.m2e.maven.runtime_3.9.900.20250220-2013\jars\maven-repository-metadata-3.9.9.jar
2025-11-07 20:16:24,079 [Worker-165: Launching Lost-and-found] INFO  o.eclipse.m2e.core.internal.Bundles - 	Entry: C:\Users\apoor\.p2\pool\plugins\org.eclipse.m2e.maven.runtime_3.9.900.20250220-2013\jars\maven-resolver-api-1.9.22.jar
2025-11-07 20:16:24,080 [Worker-165: Launching Lost-and-found] INFO  o.eclipse.m2e.core.internal.Bundles - 	Entry: C:\Users\apoor\.p2\pool\plugins\org.eclipse.m2e.maven.runtime_3.9.900.20250220-2013\jars\maven-resolver-connector-basic-1.9.22.jar
2025-11-07 20:16:24,080 [Worker-165: Launching Lost-and-found] INFO  o.eclipse.m2e.core.internal.Bundles - 	Entry: C:\Users\apoor\.p2\pool\plugins\org.eclipse.m2e.maven.runtime_3.9.900.20250220-2013\jars\maven-resolver-impl-1.9.22.jar
2025-11-07 20:16:24,081 [Worker-165: Launching Lost-and-found] INFO  o.eclipse.m2e.core.internal.Bundles - 	Entry: C:\Users\apoor\.p2\pool\plugins\org.eclipse.m2e.maven.runtime_3.9.900.20250220-2013\jars\maven-resolver-named-locks-1.9.22.jar
2025-11-07 20:16:24,082 [Worker-165: Launching Lost-and-found] INFO  o.eclipse.m2e.core.internal.Bundles - 	Entry: C:\Users\apoor\.p2\pool\plugins\org.eclipse.m2e.maven.runtime_3.9.900.20250220-2013\jars\maven-resolver-provider-3.9.9.jar
2025-11-07 20:16:24,082 [Worker-165: Launching Lost-and-found] INFO  o.eclipse.m2e.core.internal.Bundles - 	Entry: C:\Users\apoor\.p2\pool\plugins\org.eclipse.m2e.maven.runtime_3.9.900.20250220-2013\jars\maven-resolver-spi-1.9.22.jar
2025-11-07 20:16:24,082 [Worker-165: Launching Lost-and-found] INFO  o.eclipse.m2e.core.internal.Bundles - 	Entry: C:\Users\apoor\.p2\pool\plugins\org.eclipse.m2e.maven.runtime_3.9.900.20250220-2013\jars\maven-resolver-transport-file-1.9.22.jar
2025-11-07 20:16:24,083 [Worker-165: Launching Lost-and-found] INFO  o.eclipse.m2e.core.internal.Bundles - 	Entry: C:\Users\apoor\.p2\pool\plugins\org.eclipse.m2e.maven.runtime_3.9.900.20250220-2013\jars\maven-resolver-transport-http-1.9.22.jar
2025-11-07 20:16:24,083 [Worker-165: Launching Lost-and-found] INFO  o.eclipse.m2e.core.internal.Bundles - 	Entry: C:\Users\apoor\.p2\pool\plugins\org.eclipse.m2e.maven.runtime_3.9.900.20250220-2013\jars\maven-resolver-transport-wagon-1.9.22.jar
2025-11-07 20:16:24,083 [Worker-165: Launching Lost-and-found] INFO  o.eclipse.m2e.core.internal.Bundles - 	Entry: C:\Users\apoor\.p2\pool\plugins\org.eclipse.m2e.maven.runtime_3.9.900.20250220-2013\jars\maven-resolver-util-1.9.22.jar
2025-11-07 20:16:24,084 [Worker-165: Launching Lost-and-found] INFO  o.eclipse.m2e.core.internal.Bundles - 	Entry: C:\Users\apoor\.p2\pool\plugins\org.eclipse.m2e.maven.runtime_3.9.900.20250220-2013\jars\maven-settings-3.9.9.jar
2025-11-07 20:16:24,084 [Worker-165: Launching Lost-and-found] INFO  o.eclipse.m2e.core.internal.Bundles - 	Entry: C:\Users\apoor\.p2\pool\plugins\org.eclipse.m2e.maven.runtime_3.9.900.20250220-2013\jars\maven-settings-builder-3.9.9.jar
2025-11-07 20:16:24,085 [Worker-165: Launching Lost-and-found] INFO  o.eclipse.m2e.core.internal.Bundles - 	Entry: C:\Users\apoor\.p2\pool\plugins\org.eclipse.m2e.maven.runtime_3.9.900.20250220-2013\jars\maven-shared-utils-3.4.2.jar
2025-11-07 20:16:24,086 [Worker-165: Launching Lost-and-found] INFO  o.eclipse.m2e.core.internal.Bundles - 	Entry: C:\Users\apoor\.p2\pool\plugins\org.eclipse.m2e.maven.runtime_3.9.900.20250220-2013\jars\org.eclipse.sisu.inject-0.9.0.M3.jar
2025-11-07 20:16:24,087 [Worker-165: Launching Lost-and-found] INFO  o.eclipse.m2e.core.internal.Bundles - 	Entry: C:\Users\apoor\.p2\pool\plugins\org.eclipse.m2e.maven.runtime_3.9.900.20250220-2013\jars\org.eclipse.sisu.plexus-0.9.0.M3.jar
2025-11-07 20:16:24,087 [Worker-165: Launching Lost-and-found] INFO  o.eclipse.m2e.core.internal.Bundles - 	Entry: C:\Users\apoor\.p2\pool\plugins\org.eclipse.m2e.maven.runtime_3.9.900.20250220-2013\jars\plexus-build-api-0.0.7.jar
2025-11-07 20:16:24,087 [Worker-165: Launching Lost-and-found] INFO  o.eclipse.m2e.core.internal.Bundles - 	Entry: C:\Users\apoor\.p2\pool\plugins\org.eclipse.m2e.maven.runtime_3.9.900.20250220-2013\jars\plexus-build-api-1.2.0.jar
2025-11-07 20:16:24,088 [Worker-165: Launching Lost-and-found] INFO  o.eclipse.m2e.core.internal.Bundles - 	Entry: C:\Users\apoor\.p2\pool\plugins\org.eclipse.m2e.maven.runtime_3.9.900.20250220-2013\jars\plexus-cipher-2.0.jar
2025-11-07 20:16:24,088 [Worker-165: Launching Lost-and-found] INFO  o.eclipse.m2e.core.internal.Bundles - 	Entry: C:\Users\apoor\.p2\pool\plugins\org.eclipse.m2e.maven.runtime_3.9.900.20250220-2013\jars\plexus-classworlds-2.8.0.jar
2025-11-07 20:16:24,089 [Worker-165: Launching Lost-and-found] INFO  o.eclipse.m2e.core.internal.Bundles - 	Entry: C:\Users\apoor\.p2\pool\plugins\org.eclipse.m2e.maven.runtime_3.9.900.20250220-2013\jars\plexus-component-annotations-2.1.0.jar
2025-11-07 20:16:24,089 [Worker-165: Launching Lost-and-found] INFO  o.eclipse.m2e.core.internal.Bundles - 	Entry: C:\Users\apoor\.p2\pool\plugins\org.eclipse.m2e.maven.runtime_3.9.900.20250220-2013\jars\plexus-interpolation-1.27.jar
2025-11-07 20:16:24,089 [Worker-165: Launching Lost-and-found] INFO  o.eclipse.m2e.core.internal.Bundles - 	Entry: C:\Users\apoor\.p2\pool\plugins\org.eclipse.m2e.maven.runtime_3.9.900.20250220-2013\jars\plexus-sec-dispatcher-2.0.jar
2025-11-07 20:16:24,090 [Worker-165: Launching Lost-and-found] INFO  o.eclipse.m2e.core.internal.Bundles - 	Entry: C:\Users\apoor\.p2\pool\plugins\org.eclipse.m2e.maven.runtime_3.9.900.20250220-2013\jars\plexus-utils-3.5.1.jar
2025-11-07 20:16:24,090 [Worker-165: Launching Lost-and-found] INFO  o.eclipse.m2e.core.internal.Bundles - 	Entry: C:\Users\apoor\.p2\pool\plugins\org.eclipse.m2e.maven.runtime_3.9.900.20250220-2013\jars\plexus-xml-3.0.1.jar
2025-11-07 20:16:24,090 [Worker-165: Launching Lost-and-found] INFO  o.eclipse.m2e.core.internal.Bundles - 	Entry: C:\Users\apoor\.p2\pool\plugins\org.eclipse.m2e.maven.runtime_3.9.900.20250220-2013\jars\wagon-file-3.5.3.jar
2025-11-07 20:16:24,091 [Worker-165: Launching Lost-and-found] INFO  o.eclipse.m2e.core.internal.Bundles - 	Entry: C:\Users\apoor\.p2\pool\plugins\org.eclipse.m2e.maven.runtime_3.9.900.20250220-2013\jars\wagon-http-3.5.3.jar
2025-11-07 20:16:24,091 [Worker-165: Launching Lost-and-found] INFO  o.eclipse.m2e.core.internal.Bundles - 	Entry: C:\Users\apoor\.p2\pool\plugins\org.eclipse.m2e.maven.runtime_3.9.900.20250220-2013\jars\wagon-http-shared-3.5.3.jar
2025-11-07 20:16:24,092 [Worker-165: Launching Lost-and-found] INFO  o.eclipse.m2e.core.internal.Bundles - 	Entry: C:\Users\apoor\.p2\pool\plugins\org.eclipse.m2e.maven.runtime_3.9.900.20250220-2013\jars\wagon-provider-api-3.5.3.jar
2025-11-07 20:16:24,093 [Worker-165: Launching Lost-and-found] INFO  o.eclipse.m2e.core.internal.Bundles - getClasspathEntries(Bundle=com.google.guava_33.4.0.jre [12])
2025-11-07 20:16:24,094 [Worker-165: Launching Lost-and-found] INFO  o.eclipse.m2e.core.internal.Bundles - 	Entry: C:\Users\apoor\.p2\pool\plugins\com.google.guava_33.4.0.jre.jar
2025-11-07 20:16:24,094 [Worker-165: Launching Lost-and-found] INFO  o.eclipse.m2e.core.internal.Bundles - getClasspathEntries(Bundle=slf4j.api_2.0.17 [522])
2025-11-07 20:16:24,097 [Worker-165: Launching Lost-and-found] INFO  o.eclipse.m2e.core.internal.Bundles - 	Entry: C:\Users\apoor\.p2\pool\plugins\slf4j.api_2.0.17.jar
2025-11-07 20:16:24,097 [Worker-165: Launching Lost-and-found] INFO  o.eclipse.m2e.core.internal.Bundles - getClasspathEntries(Bundle=jakarta.inject.jakarta.inject-api_1.0.5 [24])
2025-11-07 20:16:24,098 [Worker-165: Launching Lost-and-found] INFO  o.eclipse.m2e.core.internal.Bundles - 	Entry: C:\Users\apoor\.p2\pool\plugins\jakarta.inject.jakarta.inject-api_1.0.5.jar
2025-11-07 20:16:24,099 [Worker-165: Launching Lost-and-found] INFO  o.eclipse.m2e.core.internal.Bundles - getClasspathEntries(Bundle=jakarta.annotation-api_1.3.5 [22])
2025-11-07 20:16:24,100 [Worker-165: Launching Lost-and-found] INFO  o.eclipse.m2e.core.internal.Bundles - 	Entry: C:\Users\apoor\.p2\pool\plugins\jakarta.annotation-api_1.3.5.jar
2025-11-07 20:16:24,100 [Worker-165: Launching Lost-and-found] INFO  o.eclipse.m2e.core.internal.Bundles - getClasspathEntries(Bundle=org.apache.commons.cli_1.9.0 [48])
2025-11-07 20:16:24,101 [Worker-165: Launching Lost-and-found] INFO  o.eclipse.m2e.core.internal.Bundles - 	Entry: C:\Users\apoor\.p2\pool\plugins\org.apache.commons.cli_1.9.0.jar
2025-11-07 20:16:24,102 [Worker-165: Launching Lost-and-found] INFO  o.eclipse.m2e.core.internal.Bundles - getClasspathEntries(Bundle=org.apache.commons.commons-codec_1.16.0 [49])
2025-11-07 20:16:24,103 [Worker-165: Launching Lost-and-found] INFO  o.eclipse.m2e.core.internal.Bundles - 	Entry: C:\Users\apoor\.p2\pool\plugins\org.apache.commons.commons-codec_1.16.0.jar
2025-11-07 20:16:24,103 [Worker-165: Launching Lost-and-found] INFO  o.eclipse.m2e.core.internal.Bundles - getClasspathEntries(Bundle=com.google.guava.failureaccess_1.0.2 [13])
2025-11-07 20:16:24,104 [Worker-165: Launching Lost-and-found] INFO  o.eclipse.m2e.core.internal.Bundles - 	Entry: C:\Users\apoor\.p2\pool\plugins\com.google.guava.failureaccess_1.0.2.jar
2025-11-07 20:16:24,109 [Worker-165: Launching Lost-and-found] INFO  o.e.m.i.launch.MavenLaunchDelegate - Run build in "C:\Users\apoor\OneDrive\Desktop\Lost_and_found\Lost-and-found":
2025-11-07 20:16:24,110 [Worker-165: Launching Lost-and-found] INFO  o.e.m.i.launch.MavenLaunchDelegate -  mvn  -B -Dstyle.color=always clean install
2025-11-07 20:16:24,110 [Worker-165: Launching Lost-and-found] WARN  o.e.m.i.l.MavenLaunchExtensionsSupport - Unknown or unsupported source locator org.eclipse.jdt.internal.launching.sourcelookup.advanced.AdvancedSourceLookupDirector
2025-11-07 20:17:08,957 [main] INFO  o.e.m2e.actions.ExecutePomAction - Creating new launch configuration
2025-11-07 20:17:14,812 [Worker-170: Launching Lost-and-found (1)] INFO  o.eclipse.m2e.core.internal.Bundles - getClasspathEntries(Bundle=org.eclipse.m2e.maven.runtime_3.9.900.20250220-2013 [298])
2025-11-07 20:17:14,814 [Worker-170: Launching Lost-and-found (1)] INFO  o.eclipse.m2e.core.internal.Bundles - 	Entry: C:\Users\apoor\.p2\pool\plugins\org.eclipse.m2e.maven.runtime_3.9.900.20250220-2013
2025-11-07 20:17:14,815 [Worker-170: Launching Lost-and-found (1)] INFO  o.eclipse.m2e.core.internal.Bundles - 	Entry: C:\Users\apoor\.p2\pool\plugins\org.eclipse.m2e.maven.runtime_3.9.900.20250220-2013\jars\aopalliance-1.0.jar
2025-11-07 20:17:14,816 [Worker-170: Launching Lost-and-found (1)] INFO  o.eclipse.m2e.core.internal.Bundles - 	Entry: C:\Users\apoor\.p2\pool\plugins\org.eclipse.m2e.maven.runtime_3.9.900.20250220-2013\jars\guice-5.1.0.jar
2025-11-07 20:17:14,816 [Worker-170: Launching Lost-and-found (1)] INFO  o.eclipse.m2e.core.internal.Bundles - 	Entry: C:\Users\apoor\.p2\pool\plugins\org.eclipse.m2e.maven.runtime_3.9.900.20250220-2013\jars\httpclient-4.5.14.jar
2025-11-07 20:17:14,817 [Worker-170: Launching Lost-and-found (1)] INFO  o.eclipse.m2e.core.internal.Bundles - 	Entry: C:\Users\apoor\.p2\pool\plugins\org.eclipse.m2e.maven.runtime_3.9.900.20250220-2013\jars\httpcore-4.4.16.jar
2025-11-07 20:17:14,818 [Worker-170: Launching Lost-and-found (1)] INFO  o.eclipse.m2e.core.internal.Bundles - 	Entry: C:\Users\apoor\.p2\pool\plugins\org.eclipse.m2e.maven.runtime_3.9.900.20250220-2013\jars\jansi-2.4.1.jar
2025-11-07 20:17:14,818 [Worker-170: Launching Lost-and-found (1)] INFO  o.eclipse.m2e.core.internal.Bundles - 	Entry: C:\Users\apoor\.p2\pool\plugins\org.eclipse.m2e.maven.runtime_3.9.900.20250220-2013\jars\jcl-over-slf4j-1.7.36.jar
2025-11-07 20:17:14,819 [Worker-170: Launching Lost-and-found (1)] INFO  o.eclipse.m2e.core.internal.Bundles - 	Entry: C:\Users\apoor\.p2\pool\plugins\org.eclipse.m2e.maven.runtime_3.9.900.20250220-2013\jars\maven-artifact-3.9.9.jar
2025-11-07 20:17:14,819 [Worker-170: Launching Lost-and-found (1)] INFO  o.eclipse.m2e.core.internal.Bundles - 	Entry: C:\Users\apoor\.p2\pool\plugins\org.eclipse.m2e.maven.runtime_3.9.900.20250220-2013\jars\maven-builder-support-3.9.9.jar
2025-11-07 20:17:14,819 [Worker-170: Launching Lost-and-found (1)] INFO  o.eclipse.m2e.core.internal.Bundles - 	Entry: C:\Users\apoor\.p2\pool\plugins\org.eclipse.m2e.maven.runtime_3.9.900.20250220-2013\jars\maven-compat-3.9.9.jar
2025-11-07 20:17:14,820 [Worker-170: Launching Lost-and-found (1)] INFO  o.eclipse.m2e.core.internal.Bundles - 	Entry: C:\Users\apoor\.p2\pool\plugins\org.eclipse.m2e.maven.runtime_3.9.900.20250220-2013\jars\maven-core-3.9.9.jar
2025-11-07 20:17:14,821 [Worker-170: Launching Lost-and-found (1)] INFO  o.eclipse.m2e.core.internal.Bundles - 	Entry: C:\Users\apoor\.p2\pool\plugins\org.eclipse.m2e.maven.runtime_3.9.900.20250220-2013\jars\maven-embedder-3.9.9.jar
2025-11-07 20:17:14,821 [Worker-170: Launching Lost-and-found (1)] INFO  o.eclipse.m2e.core.internal.Bundles - 	Entry: C:\Users\apoor\.p2\pool\plugins\org.eclipse.m2e.maven.runtime_3.9.900.20250220-2013\jars\maven-model-3.9.9.jar
2025-11-07 20:17:14,822 [Worker-170: Launching Lost-and-found (1)] INFO  o.eclipse.m2e.core.internal.Bundles - 	Entry: C:\Users\apoor\.p2\pool\plugins\org.eclipse.m2e.maven.runtime_3.9.900.20250220-2013\jars\maven-model-builder-3.9.9.jar
2025-11-07 20:17:14,822 [Worker-170: Launching Lost-and-found (1)] INFO  o.eclipse.m2e.core.internal.Bundles - 	Entry: C:\Users\apoor\.p2\pool\plugins\org.eclipse.m2e.maven.runtime_3.9.900.20250220-2013\jars\maven-plugin-api-3.9.9.jar
2025-11-07 20:17:14,823 [Worker-170: Launching Lost-and-found (1)] INFO  o.eclipse.m2e.core.internal.Bundles - 	Entry: C:\Users\apoor\.p2\pool\plugins\org.eclipse.m2e.maven.runtime_3.9.900.20250220-2013\jars\maven-repository-metadata-3.9.9.jar
2025-11-07 20:17:14,823 [Worker-170: Launching Lost-and-found (1)] INFO  o.eclipse.m2e.core.internal.Bundles - 	Entry: C:\Users\apoor\.p2\pool\plugins\org.eclipse.m2e.maven.runtime_3.9.900.20250220-2013\jars\maven-resolver-api-1.9.22.jar
2025-11-07 20:17:14,823 [Worker-170: Launching Lost-and-found (1)] INFO  o.eclipse.m2e.core.internal.Bundles - 	Entry: C:\Users\apoor\.p2\pool\plugins\org.eclipse.m2e.maven.runtime_3.9.900.20250220-2013\jars\maven-resolver-connector-basic-1.9.22.jar
2025-11-07 20:17:14,824 [Worker-170: Launching Lost-and-found (1)] INFO  o.eclipse.m2e.core.internal.Bundles - 	Entry: C:\Users\apoor\.p2\pool\plugins\org.eclipse.m2e.maven.runtime_3.9.900.20250220-2013\jars\maven-resolver-impl-1.9.22.jar
2025-11-07 20:17:14,824 [Worker-170: Launching Lost-and-found (1)] INFO  o.eclipse.m2e.core.internal.Bundles - 	Entry: C:\Users\apoor\.p2\pool\plugins\org.eclipse.m2e.maven.runtime_3.9.900.20250220-2013\jars\maven-resolver-named-locks-1.9.22.jar
2025-11-07 20:17:14,825 [Worker-170: Launching Lost-and-found (1)] INFO  o.eclipse.m2e.core.internal.Bundles - 	Entry: C:\Users\apoor\.p2\pool\plugins\org.eclipse.m2e.maven.runtime_3.9.900.20250220-2013\jars\maven-resolver-provider-3.9.9.jar
2025-11-07 20:17:14,825 [Worker-170: Launching Lost-and-found (1)] INFO  o.eclipse.m2e.core.internal.Bundles - 	Entry: C:\Users\apoor\.p2\pool\plugins\org.eclipse.m2e.maven.runtime_3.9.900.20250220-2013\jars\maven-resolver-spi-1.9.22.jar
2025-11-07 20:17:14,825 [Worker-170: Launching Lost-and-found (1)] INFO  o.eclipse.m2e.core.internal.Bundles - 	Entry: C:\Users\apoor\.p2\pool\plugins\org.eclipse.m2e.maven.runtime_3.9.900.20250220-2013\jars\maven-resolver-transport-file-1.9.22.jar
2025-11-07 20:17:14,826 [Worker-170: Launching Lost-and-found (1)] INFO  o.eclipse.m2e.core.internal.Bundles - 	Entry: C:\Users\apoor\.p2\pool\plugins\org.eclipse.m2e.maven.runtime_3.9.900.20250220-2013\jars\maven-resolver-transport-http-1.9.22.jar
2025-11-07 20:17:14,826 [Worker-170: Launching Lost-and-found (1)] INFO  o.eclipse.m2e.core.internal.Bundles - 	Entry: C:\Users\apoor\.p2\pool\plugins\org.eclipse.m2e.maven.runtime_3.9.900.20250220-2013\jars\maven-resolver-transport-wagon-1.9.22.jar
2025-11-07 20:17:14,827 [Worker-170: Launching Lost-and-found (1)] INFO  o.eclipse.m2e.core.internal.Bundles - 	Entry: C:\Users\apoor\.p2\pool\plugins\org.eclipse.m2e.maven.runtime_3.9.900.20250220-2013\jars\maven-resolver-util-1.9.22.jar
2025-11-07 20:17:14,827 [Worker-170: Launching Lost-and-found (1)] INFO  o.eclipse.m2e.core.internal.Bundles - 	Entry: C:\Users\apoor\.p2\pool\plugins\org.eclipse.m2e.maven.runtime_3.9.900.20250220-2013\jars\maven-settings-3.9.9.jar
2025-11-07 20:17:14,827 [Worker-170: Launching Lost-and-found (1)] INFO  o.eclipse.m2e.core.internal.Bundles - 	Entry: C:\Users\apoor\.p2\pool\plugins\org.eclipse.m2e.maven.runtime_3.9.900.20250220-2013\jars\maven-settings-builder-3.9.9.jar
2025-11-07 20:17:14,828 [Worker-170: Launching Lost-and-found (1)] INFO  o.eclipse.m2e.core.internal.Bundles - 	Entry: C:\Users\apoor\.p2\pool\plugins\org.eclipse.m2e.maven.runtime_3.9.900.20250220-2013\jars\maven-shared-utils-3.4.2.jar
2025-11-07 20:17:14,828 [Worker-170: Launching Lost-and-found (1)] INFO  o.eclipse.m2e.core.internal.Bundles - 	Entry: C:\Users\apoor\.p2\pool\plugins\org.eclipse.m2e.maven.runtime_3.9.900.20250220-2013\jars\org.eclipse.sisu.inject-0.9.0.M3.jar
2025-11-07 20:17:14,828 [Worker-170: Launching Lost-and-found (1)] INFO  o.eclipse.m2e.core.internal.Bundles - 	Entry: C:\Users\apoor\.p2\pool\plugins\org.eclipse.m2e.maven.runtime_3.9.900.20250220-2013\jars\org.eclipse.sisu.plexus-0.9.0.M3.jar
2025-11-07 20:17:14,829 [Worker-170: Launching Lost-and-found (1)] INFO  o.eclipse.m2e.core.internal.Bundles - 	Entry: C:\Users\apoor\.p2\pool\plugins\org.eclipse.m2e.maven.runtime_3.9.900.20250220-2013\jars\plexus-build-api-0.0.7.jar
2025-11-07 20:17:14,829 [Worker-170: Launching Lost-and-found (1)] INFO  o.eclipse.m2e.core.internal.Bundles - 	Entry: C:\Users\apoor\.p2\pool\plugins\org.eclipse.m2e.maven.runtime_3.9.900.20250220-2013\jars\plexus-build-api-1.2.0.jar
2025-11-07 20:17:14,830 [Worker-170: Launching Lost-and-found (1)] INFO  o.eclipse.m2e.core.internal.Bundles - 	Entry: C:\Users\apoor\.p2\pool\plugins\org.eclipse.m2e.maven.runtime_3.9.900.20250220-2013\jars\plexus-cipher-2.0.jar
2025-11-07 20:17:14,830 [Worker-170: Launching Lost-and-found (1)] INFO  o.eclipse.m2e.core.internal.Bundles - 	Entry: C:\Users\apoor\.p2\pool\plugins\org.eclipse.m2e.maven.runtime_3.9.900.20250220-2013\jars\plexus-classworlds-2.8.0.jar
2025-11-07 20:17:14,830 [Worker-170: Launching Lost-and-found (1)] INFO  o.eclipse.m2e.core.internal.Bundles - 	Entry: C:\Users\apoor\.p2\pool\plugins\org.eclipse.m2e.maven.runtime_3.9.900.20250220-2013\jars\plexus-component-annotations-2.1.0.jar
2025-11-07 20:17:14,831 [Worker-170: Launching Lost-and-found (1)] INFO  o.eclipse.m2e.core.internal.Bundles - 	Entry: C:\Users\apoor\.p2\pool\plugins\org.eclipse.m2e.maven.runtime_3.9.900.20250220-2013\jars\plexus-interpolation-1.27.jar
2025-11-07 20:17:14,831 [Worker-170: Launching Lost-and-found (1)] INFO  o.eclipse.m2e.core.internal.Bundles - 	Entry: C:\Users\apoor\.p2\pool\plugins\org.eclipse.m2e.maven.runtime_3.9.900.20250220-2013\jars\plexus-sec-dispatcher-2.0.jar
2025-11-07 20:17:14,832 [Worker-170: Launching Lost-and-found (1)] INFO  o.eclipse.m2e.core.internal.Bundles - 	Entry: C:\Users\apoor\.p2\pool\plugins\org.eclipse.m2e.maven.runtime_3.9.900.20250220-2013\jars\plexus-utils-3.5.1.jar
2025-11-07 20:17:14,834 [Worker-170: Launching Lost-and-found (1)] INFO  o.eclipse.m2e.core.internal.Bundles - 	Entry: C:\Users\apoor\.p2\pool\plugins\org.eclipse.m2e.maven.runtime_3.9.900.20250220-2013\jars\plexus-xml-3.0.1.jar
2025-11-07 20:17:14,834 [Worker-170: Launching Lost-and-found (1)] INFO  o.eclipse.m2e.core.internal.Bundles - 	Entry: C:\Users\apoor\.p2\pool\plugins\org.eclipse.m2e.maven.runtime_3.9.900.20250220-2013\jars\wagon-file-3.5.3.jar
2025-11-07 20:17:14,835 [Worker-170: Launching Lost-and-found (1)] INFO  o.eclipse.m2e.core.internal.Bundles - 	Entry: C:\Users\apoor\.p2\pool\plugins\org.eclipse.m2e.maven.runtime_3.9.900.20250220-2013\jars\wagon-http-3.5.3.jar
2025-11-07 20:17:14,835 [Worker-170: Launching Lost-and-found (1)] INFO  o.eclipse.m2e.core.internal.Bundles - 	Entry: C:\Users\apoor\.p2\pool\plugins\org.eclipse.m2e.maven.runtime_3.9.900.20250220-2013\jars\wagon-http-shared-3.5.3.jar
2025-11-07 20:17:14,836 [Worker-170: Launching Lost-and-found (1)] INFO  o.eclipse.m2e.core.internal.Bundles - 	Entry: C:\Users\apoor\.p2\pool\plugins\org.eclipse.m2e.maven.runtime_3.9.900.20250220-2013\jars\wagon-provider-api-3.5.3.jar
2025-11-07 20:17:14,837 [Worker-170: Launching Lost-and-found (1)] INFO  o.eclipse.m2e.core.internal.Bundles - getClasspathEntries(Bundle=com.google.guava_33.4.0.jre [12])
2025-11-07 20:17:14,838 [Worker-170: Launching Lost-and-found (1)] INFO  o.eclipse.m2e.core.internal.Bundles - 	Entry: C:\Users\apoor\.p2\pool\plugins\com.google.guava_33.4.0.jre.jar
2025-11-07 20:17:14,838 [Worker-170: Launching Lost-and-found (1)] INFO  o.eclipse.m2e.core.internal.Bundles - getClasspathEntries(Bundle=slf4j.api_2.0.17 [522])
2025-11-07 20:17:14,839 [Worker-170: Launching Lost-and-found (1)] INFO  o.eclipse.m2e.core.internal.Bundles - 	Entry: C:\Users\apoor\.p2\pool\plugins\slf4j.api_2.0.17.jar
2025-11-07 20:17:14,839 [Worker-170: Launching Lost-and-found (1)] INFO  o.eclipse.m2e.core.internal.Bundles - getClasspathEntries(Bundle=jakarta.inject.jakarta.inject-api_1.0.5 [24])
2025-11-07 20:17:14,840 [Worker-170: Launching Lost-and-found (1)] INFO  o.eclipse.m2e.core.internal.Bundles - 	Entry: C:\Users\apoor\.p2\pool\plugins\jakarta.inject.jakarta.inject-api_1.0.5.jar
2025-11-07 20:17:14,840 [Worker-170: Launching Lost-and-found (1)] INFO  o.eclipse.m2e.core.internal.Bundles - getClasspathEntries(Bundle=jakarta.annotation-api_1.3.5 [22])
2025-11-07 20:17:14,841 [Worker-170: Launching Lost-and-found (1)] INFO  o.eclipse.m2e.core.internal.Bundles - 	Entry: C:\Users\apoor\.p2\pool\plugins\jakarta.annotation-api_1.3.5.jar
2025-11-07 20:17:14,841 [Worker-170: Launching Lost-and-found (1)] INFO  o.eclipse.m2e.core.internal.Bundles - getClasspathEntries(Bundle=org.apache.commons.cli_1.9.0 [48])
2025-11-07 20:17:14,842 [Worker-170: Launching Lost-and-found (1)] INFO  o.eclipse.m2e.core.internal.Bundles - 	Entry: C:\Users\apoor\.p2\pool\plugins\org.apache.commons.cli_1.9.0.jar
2025-11-07 20:17:14,842 [Worker-170: Launching Lost-and-found (1)] INFO  o.eclipse.m2e.core.internal.Bundles - getClasspathEntries(Bundle=org.apache.commons.commons-codec_1.16.0 [49])
2025-11-07 20:17:14,843 [Worker-170: Launching Lost-and-found (1)] INFO  o.eclipse.m2e.core.internal.Bundles - 	Entry: C:\Users\apoor\.p2\pool\plugins\org.apache.commons.commons-codec_1.16.0.jar
2025-11-07 20:17:14,843 [Worker-170: Launching Lost-and-found (1)] INFO  o.eclipse.m2e.core.internal.Bundles - getClasspathEntries(Bundle=com.google.guava.failureaccess_1.0.2 [13])
2025-11-07 20:17:14,844 [Worker-170: Launching Lost-and-found (1)] INFO  o.eclipse.m2e.core.internal.Bundles - 	Entry: C:\Users\apoor\.p2\pool\plugins\com.google.guava.failureaccess_1.0.2.jar
2025-11-07 20:17:14,849 [Worker-170: Launching Lost-and-found (1)] INFO  o.e.m.i.launch.MavenLaunchDelegate - Run build in "C:\Users\apoor\OneDrive\Desktop\Lost_and_found\Lost-and-found":
2025-11-07 20:17:14,849 [Worker-170: Launching Lost-and-found (1)] INFO  o.e.m.i.launch.MavenLaunchDelegate -  mvn  -B -Dstyle.color=always clean install
2025-11-07 20:17:14,849 [Worker-170: Launching Lost-and-found (1)] WARN  o.e.m.i.l.MavenLaunchExtensionsSupport - Unknown or unsupported source locator org.eclipse.jdt.internal.launching.sourcelookup.advanced.AdvancedSourceLookupDirector
2025-11-07 20:23:57,014 [main] INFO  o.e.m2e.actions.ExecutePomAction - Creating new launch configuration
2025-11-07 20:24:10,070 [Worker-164: Launching Lost-and-found (2)] INFO  o.eclipse.m2e.core.internal.Bundles - getClasspathEntries(Bundle=org.eclipse.m2e.maven.runtime_3.9.900.20250220-2013 [298])
2025-11-07 20:24:10,073 [Worker-164: Launching Lost-and-found (2)] INFO  o.eclipse.m2e.core.internal.Bundles - 	Entry: C:\Users\apoor\.p2\pool\plugins\org.eclipse.m2e.maven.runtime_3.9.900.20250220-2013
2025-11-07 20:24:10,073 [Worker-164: Launching Lost-and-found (2)] INFO  o.eclipse.m2e.core.internal.Bundles - 	Entry: C:\Users\apoor\.p2\pool\plugins\org.eclipse.m2e.maven.runtime_3.9.900.20250220-2013\jars\aopalliance-1.0.jar
2025-11-07 20:24:10,074 [Worker-164: Launching Lost-and-found (2)] INFO  o.eclipse.m2e.core.internal.Bundles - 	Entry: C:\Users\apoor\.p2\pool\plugins\org.eclipse.m2e.maven.runtime_3.9.900.20250220-2013\jars\guice-5.1.0.jar
2025-11-07 20:24:10,074 [Worker-164: Launching Lost-and-found (2)] INFO  o.eclipse.m2e.core.internal.Bundles - 	Entry: C:\Users\apoor\.p2\pool\plugins\org.eclipse.m2e.maven.runtime_3.9.900.20250220-2013\jars\httpclient-4.5.14.jar
2025-11-07 20:24:10,075 [Worker-164: Launching Lost-and-found (2)] INFO  o.eclipse.m2e.core.internal.Bundles - 	Entry: C:\Users\apoor\.p2\pool\plugins\org.eclipse.m2e.maven.runtime_3.9.900.20250220-2013\jars\httpcore-4.4.16.jar
2025-11-07 20:24:10,075 [Worker-164: Launching Lost-and-found (2)] INFO  o.eclipse.m2e.core.internal.Bundles - 	Entry: C:\Users\apoor\.p2\pool\plugins\org.eclipse.m2e.maven.runtime_3.9.900.20250220-2013\jars\jansi-2.4.1.jar
2025-11-07 20:24:10,075 [Worker-164: Launching Lost-and-found (2)] INFO  o.eclipse.m2e.core.internal.Bundles - 	Entry: C:\Users\apoor\.p2\pool\plugins\org.eclipse.m2e.maven.runtime_3.9.900.20250220-2013\jars\jcl-over-slf4j-1.7.36.jar
2025-11-07 20:24:10,076 [Worker-164: Launching Lost-and-found (2)] INFO  o.eclipse.m2e.core.internal.Bundles - 	Entry: C:\Users\apoor\.p2\pool\plugins\org.eclipse.m2e.maven.runtime_3.9.900.20250220-2013\jars\maven-artifact-3.9.9.jar
2025-11-07 20:24:10,076 [Worker-164: Launching Lost-and-found (2)] INFO  o.eclipse.m2e.core.internal.Bundles - 	Entry: C:\Users\apoor\.p2\pool\plugins\org.eclipse.m2e.maven.runtime_3.9.900.20250220-2013\jars\maven-builder-support-3.9.9.jar
2025-11-07 20:24:10,076 [Worker-164: Launching Lost-and-found (2)] INFO  o.eclipse.m2e.core.internal.Bundles - 	Entry: C:\Users\apoor\.p2\pool\plugins\org.eclipse.m2e.maven.runtime_3.9.900.20250220-2013\jars\maven-compat-3.9.9.jar
2025-11-07 20:24:10,077 [Worker-164: Launching Lost-and-found (2)] INFO  o.eclipse.m2e.core.internal.Bundles - 	Entry: C:\Users\apoor\.p2\pool\plugins\org.eclipse.m2e.maven.runtime_3.9.900.20250220-2013\jars\maven-core-3.9.9.jar
2025-11-07 20:24:10,077 [Worker-164: Launching Lost-and-found (2)] INFO  o.eclipse.m2e.core.internal.Bundles - 	Entry: C:\Users\apoor\.p2\pool\plugins\org.eclipse.m2e.maven.runtime_3.9.900.20250220-2013\jars\maven-embedder-3.9.9.jar
2025-11-07 20:24:10,078 [Worker-164: Launching Lost-and-found (2)] INFO  o.eclipse.m2e.core.internal.Bundles - 	Entry: C:\Users\apoor\.p2\pool\plugins\org.eclipse.m2e.maven.runtime_3.9.900.20250220-2013\jars\maven-model-3.9.9.jar
2025-11-07 20:24:10,078 [Worker-164: Launching Lost-and-found (2)] INFO  o.eclipse.m2e.core.internal.Bundles - 	Entry: C:\Users\apoor\.p2\pool\plugins\org.eclipse.m2e.maven.runtime_3.9.900.20250220-2013\jars\maven-model-builder-3.9.9.jar
2025-11-07 20:24:10,079 [Worker-164: Launching Lost-and-found (2)] INFO  o.eclipse.m2e.core.internal.Bundles - 	Entry: C:\Users\apoor\.p2\pool\plugins\org.eclipse.m2e.maven.runtime_3.9.900.20250220-2013\jars\maven-plugin-api-3.9.9.jar
2025-11-07 20:24:10,080 [Worker-164: Launching Lost-and-found (2)] INFO  o.eclipse.m2e.core.internal.Bundles - 	Entry: C:\Users\apoor\.p2\pool\plugins\org.eclipse.m2e.maven.runtime_3.9.900.20250220-2013\jars\maven-repository-metadata-3.9.9.jar
2025-11-07 20:24:10,081 [Worker-164: Launching Lost-and-found (2)] INFO  o.eclipse.m2e.core.internal.Bundles - 	Entry: C:\Users\apoor\.p2\pool\plugins\org.eclipse.m2e.maven.runtime_3.9.900.20250220-2013\jars\maven-resolver-api-1.9.22.jar
2025-11-07 20:24:10,083 [Worker-164: Launching Lost-and-found (2)] INFO  o.eclipse.m2e.core.internal.Bundles - 	Entry: C:\Users\apoor\.p2\pool\plugins\org.eclipse.m2e.maven.runtime_3.9.900.20250220-2013\jars\maven-resolver-connector-basic-1.9.22.jar
2025-11-07 20:24:10,083 [Worker-164: Launching Lost-and-found (2)] INFO  o.eclipse.m2e.core.internal.Bundles - 	Entry: C:\Users\apoor\.p2\pool\plugins\org.eclipse.m2e.maven.runtime_3.9.900.20250220-2013\jars\maven-resolver-impl-1.9.22.jar
2025-11-07 20:24:10,084 [Worker-164: Launching Lost-and-found (2)] INFO  o.eclipse.m2e.core.internal.Bundles - 	Entry: C:\Users\apoor\.p2\pool\plugins\org.eclipse.m2e.maven.runtime_3.9.900.20250220-2013\jars\maven-resolver-named-locks-1.9.22.jar
2025-11-07 20:24:10,084 [Worker-164: Launching Lost-and-found (2)] INFO  o.eclipse.m2e.core.internal.Bundles - 	Entry: C:\Users\apoor\.p2\pool\plugins\org.eclipse.m2e.maven.runtime_3.9.900.20250220-2013\jars\maven-resolver-provider-3.9.9.jar
2025-11-07 20:24:10,085 [Worker-164: Launching Lost-and-found (2)] INFO  o.eclipse.m2e.core.internal.Bundles - 	Entry: C:\Users\apoor\.p2\pool\plugins\org.eclipse.m2e.maven.runtime_3.9.900.20250220-2013\jars\maven-resolver-spi-1.9.22.jar
2025-11-07 20:24:10,086 [Worker-164: Launching Lost-and-found (2)] INFO  o.eclipse.m2e.core.internal.Bundles - 	Entry: C:\Users\apoor\.p2\pool\plugins\org.eclipse.m2e.maven.runtime_3.9.900.20250220-2013\jars\maven-resolver-transport-file-1.9.22.jar
2025-11-07 20:24:10,086 [Worker-164: Launching Lost-and-found (2)] INFO  o.eclipse.m2e.core.internal.Bundles - 	Entry: C:\Users\apoor\.p2\pool\plugins\org.eclipse.m2e.maven.runtime_3.9.900.20250220-2013\jars\maven-resolver-transport-http-1.9.22.jar
2025-11-07 20:24:10,087 [Worker-164: Launching Lost-and-found (2)] INFO  o.eclipse.m2e.core.internal.Bundles - 	Entry: C:\Users\apoor\.p2\pool\plugins\org.eclipse.m2e.maven.runtime_3.9.900.20250220-2013\jars\maven-resolver-transport-wagon-1.9.22.jar
2025-11-07 20:24:10,087 [Worker-164: Launching Lost-and-found (2)] INFO  o.eclipse.m2e.core.internal.Bundles - 	Entry: C:\Users\apoor\.p2\pool\plugins\org.eclipse.m2e.maven.runtime_3.9.900.20250220-2013\jars\maven-resolver-util-1.9.22.jar
2025-11-07 20:24:10,087 [Worker-164: Launching Lost-and-found (2)] INFO  o.eclipse.m2e.core.internal.Bundles - 	Entry: C:\Users\apoor\.p2\pool\plugins\org.eclipse.m2e.maven.runtime_3.9.900.20250220-2013\jars\maven-settings-3.9.9.jar
2025-11-07 20:24:10,088 [Worker-164: Launching Lost-and-found (2)] INFO  o.eclipse.m2e.core.internal.Bundles - 	Entry: C:\Users\apoor\.p2\pool\plugins\org.eclipse.m2e.maven.runtime_3.9.900.20250220-2013\jars\maven-settings-builder-3.9.9.jar
2025-11-07 20:24:10,088 [Worker-164: Launching Lost-and-found (2)] INFO  o.eclipse.m2e.core.internal.Bundles - 	Entry: C:\Users\apoor\.p2\pool\plugins\org.eclipse.m2e.maven.runtime_3.9.900.20250220-2013\jars\maven-shared-utils-3.4.2.jar
2025-11-07 20:24:10,088 [Worker-164: Launching Lost-and-found (2)] INFO  o.eclipse.m2e.core.internal.Bundles - 	Entry: C:\Users\apoor\.p2\pool\plugins\org.eclipse.m2e.maven.runtime_3.9.900.20250220-2013\jars\org.eclipse.sisu.inject-0.9.0.M3.jar
2025-11-07 20:24:10,088 [Worker-164: Launching Lost-and-found (2)] INFO  o.eclipse.m2e.core.internal.Bundles - 	Entry: C:\Users\apoor\.p2\pool\plugins\org.eclipse.m2e.maven.runtime_3.9.900.20250220-2013\jars\org.eclipse.sisu.plexus-0.9.0.M3.jar
2025-11-07 20:24:10,089 [Worker-164: Launching Lost-and-found (2)] INFO  o.eclipse.m2e.core.internal.Bundles - 	Entry: C:\Users\apoor\.p2\pool\plugins\org.eclipse.m2e.maven.runtime_3.9.900.20250220-2013\jars\plexus-build-api-0.0.7.jar
2025-11-07 20:24:10,089 [Worker-164: Launching Lost-and-found (2)] INFO  o.eclipse.m2e.core.internal.Bundles - 	Entry: C:\Users\apoor\.p2\pool\plugins\org.eclipse.m2e.maven.runtime_3.9.900.20250220-2013\jars\plexus-build-api-1.2.0.jar
2025-11-07 20:24:10,089 [Worker-164: Launching Lost-and-found (2)] INFO  o.eclipse.m2e.core.internal.Bundles - 	Entry: C:\Users\apoor\.p2\pool\plugins\org.eclipse.m2e.maven.runtime_3.9.900.20250220-2013\jars\plexus-cipher-2.0.jar
2025-11-07 20:24:10,089 [Worker-164: Launching Lost-and-found (2)] INFO  o.eclipse.m2e.core.internal.Bundles - 	Entry: C:\Users\apoor\.p2\pool\plugins\org.eclipse.m2e.maven.runtime_3.9.900.20250220-2013\jars\plexus-classworlds-2.8.0.jar
2025-11-07 20:24:10,090 [Worker-164: Launching Lost-and-found (2)] INFO  o.eclipse.m2e.core.internal.Bundles - 	Entry: C:\Users\apoor\.p2\pool\plugins\org.eclipse.m2e.maven.runtime_3.9.900.20250220-2013\jars\plexus-component-annotations-2.1.0.jar
2025-11-07 20:24:10,091 [Worker-164: Launching Lost-and-found (2)] INFO  o.eclipse.m2e.core.internal.Bundles - 	Entry: C:\Users\apoor\.p2\pool\plugins\org.eclipse.m2e.maven.runtime_3.9.900.20250220-2013\jars\plexus-interpolation-1.27.jar
2025-11-07 20:24:10,091 [Worker-164: Launching Lost-and-found (2)] INFO  o.eclipse.m2e.core.internal.Bundles - 	Entry: C:\Users\apoor\.p2\pool\plugins\org.eclipse.m2e.maven.runtime_3.9.900.20250220-2013\jars\plexus-sec-dispatcher-2.0.jar
2025-11-07 20:24:10,091 [Worker-164: Launching Lost-and-found (2)] INFO  o.eclipse.m2e.core.internal.Bundles - 	Entry: C:\Users\apoor\.p2\pool\plugins\org.eclipse.m2e.maven.runtime_3.9.900.20250220-2013\jars\plexus-utils-3.5.1.jar
2025-11-07 20:24:10,092 [Worker-164: Launching Lost-and-found (2)] INFO  o.eclipse.m2e.core.internal.Bundles - 	Entry: C:\Users\apoor\.p2\pool\plugins\org.eclipse.m2e.maven.runtime_3.9.900.20250220-2013\jars\plexus-xml-3.0.1.jar
2025-11-07 20:24:10,092 [Worker-164: Launching Lost-and-found (2)] INFO  o.eclipse.m2e.core.internal.Bundles - 	Entry: C:\Users\apoor\.p2\pool\plugins\org.eclipse.m2e.maven.runtime_3.9.900.20250220-2013\jars\wagon-file-3.5.3.jar
2025-11-07 20:24:10,092 [Worker-164: Launching Lost-and-found (2)] INFO  o.eclipse.m2e.core.internal.Bundles - 	Entry: C:\Users\apoor\.p2\pool\plugins\org.eclipse.m2e.maven.runtime_3.9.900.20250220-2013\jars\wagon-http-3.5.3.jar
2025-11-07 20:24:10,093 [Worker-164: Launching Lost-and-found (2)] INFO  o.eclipse.m2e.core.internal.Bundles - 	Entry: C:\Users\apoor\.p2\pool\plugins\org.eclipse.m2e.maven.runtime_3.9.900.20250220-2013\jars\wagon-http-shared-3.5.3.jar
2025-11-07 20:24:10,093 [Worker-164: Launching Lost-and-found (2)] INFO  o.eclipse.m2e.core.internal.Bundles - 	Entry: C:\Users\apoor\.p2\pool\plugins\org.eclipse.m2e.maven.runtime_3.9.900.20250220-2013\jars\wagon-provider-api-3.5.3.jar
2025-11-07 20:24:10,093 [Worker-164: Launching Lost-and-found (2)] INFO  o.eclipse.m2e.core.internal.Bundles - getClasspathEntries(Bundle=com.google.guava_33.4.0.jre [12])
2025-11-07 20:24:10,094 [Worker-164: Launching Lost-and-found (2)] INFO  o.eclipse.m2e.core.internal.Bundles - 	Entry: C:\Users\apoor\.p2\pool\plugins\com.google.guava_33.4.0.jre.jar
2025-11-07 20:24:10,095 [Worker-164: Launching Lost-and-found (2)] INFO  o.eclipse.m2e.core.internal.Bundles - getClasspathEntries(Bundle=slf4j.api_2.0.17 [522])
2025-11-07 20:24:10,095 [Worker-164: Launching Lost-and-found (2)] INFO  o.eclipse.m2e.core.internal.Bundles - 	Entry: C:\Users\apoor\.p2\pool\plugins\slf4j.api_2.0.17.jar
2025-11-07 20:24:10,095 [Worker-164: Launching Lost-and-found (2)] INFO  o.eclipse.m2e.core.internal.Bundles - getClasspathEntries(Bundle=jakarta.inject.jakarta.inject-api_1.0.5 [24])
2025-11-07 20:24:10,097 [Worker-164: Launching Lost-and-found (2)] INFO  o.eclipse.m2e.core.internal.Bundles - 	Entry: C:\Users\apoor\.p2\pool\plugins\jakarta.inject.jakarta.inject-api_1.0.5.jar
2025-11-07 20:24:10,097 [Worker-164: Launching Lost-and-found (2)] INFO  o.eclipse.m2e.core.internal.Bundles - getClasspathEntries(Bundle=jakarta.annotation-api_1.3.5 [22])
2025-11-07 20:24:10,098 [Worker-164: Launching Lost-and-found (2)] INFO  o.eclipse.m2e.core.internal.Bundles - 	Entry: C:\Users\apoor\.p2\pool\plugins\jakarta.annotation-api_1.3.5.jar
2025-11-07 20:24:10,099 [Worker-164: Launching Lost-and-found (2)] INFO  o.eclipse.m2e.core.internal.Bundles - getClasspathEntries(Bundle=org.apache.commons.cli_1.9.0 [48])
2025-11-07 20:24:10,100 [Worker-164: Launching Lost-and-found (2)] INFO  o.eclipse.m2e.core.internal.Bundles - 	Entry: C:\Users\apoor\.p2\pool\plugins\org.apache.commons.cli_1.9.0.jar
2025-11-07 20:24:10,100 [Worker-164: Launching Lost-and-found (2)] INFO  o.eclipse.m2e.core.internal.Bundles - getClasspathEntries(Bundle=org.apache.commons.commons-codec_1.16.0 [49])
2025-11-07 20:24:10,101 [Worker-164: Launching Lost-and-found (2)] INFO  o.eclipse.m2e.core.internal.Bundles - 	Entry: C:\Users\apoor\.p2\pool\plugins\org.apache.commons.commons-codec_1.16.0.jar
2025-11-07 20:24:10,101 [Worker-164: Launching Lost-and-found (2)] INFO  o.eclipse.m2e.core.internal.Bundles - getClasspathEntries(Bundle=com.google.guava.failureaccess_1.0.2 [13])
2025-11-07 20:24:10,102 [Worker-164: Launching Lost-and-found (2)] INFO  o.eclipse.m2e.core.internal.Bundles - 	Entry: C:\Users\apoor\.p2\pool\plugins\com.google.guava.failureaccess_1.0.2.jar
2025-11-07 20:24:10,107 [Worker-164: Launching Lost-and-found (2)] INFO  o.e.m.i.launch.MavenLaunchDelegate - Run build in "C:\Users\apoor\OneDrive\Desktop\Lost_and_found\Lost-and-found":
2025-11-07 20:24:10,108 [Worker-164: Launching Lost-and-found (2)] INFO  o.e.m.i.launch.MavenLaunchDelegate -  mvn  -B -Dstyle.color=always clean install
2025-11-07 20:25:27,362 [main] INFO  o.e.m2e.actions.ExecutePomAction - Creating new launch configuration
2025-11-07 20:25:31,102 [Worker-164: Launching Lost-and-found (3)] INFO  o.eclipse.m2e.core.internal.Bundles - getClasspathEntries(Bundle=org.eclipse.m2e.maven.runtime_3.9.900.20250220-2013 [298])
2025-11-07 20:25:31,103 [Worker-164: Launching Lost-and-found (3)] INFO  o.eclipse.m2e.core.internal.Bundles - 	Entry: C:\Users\apoor\.p2\pool\plugins\org.eclipse.m2e.maven.runtime_3.9.900.20250220-2013
2025-11-07 20:25:31,104 [Worker-164: Launching Lost-and-found (3)] INFO  o.eclipse.m2e.core.internal.Bundles - 	Entry: C:\Users\apoor\.p2\pool\plugins\org.eclipse.m2e.maven.runtime_3.9.900.20250220-2013\jars\aopalliance-1.0.jar
2025-11-07 20:25:31,104 [Worker-164: Launching Lost-and-found (3)] INFO  o.eclipse.m2e.core.internal.Bundles - 	Entry: C:\Users\apoor\.p2\pool\plugins\org.eclipse.m2e.maven.runtime_3.9.900.20250220-2013\jars\guice-5.1.0.jar
2025-11-07 20:25:31,105 [Worker-164: Launching Lost-and-found (3)] INFO  o.eclipse.m2e.core.internal.Bundles - 	Entry: C:\Users\apoor\.p2\pool\plugins\org.eclipse.m2e.maven.runtime_3.9.900.20250220-2013\jars\httpclient-4.5.14.jar
2025-11-07 20:25:31,105 [Worker-164: Launching Lost-and-found (3)] INFO  o.eclipse.m2e.core.internal.Bundles - 	Entry: C:\Users\apoor\.p2\pool\plugins\org.eclipse.m2e.maven.runtime_3.9.900.20250220-2013\jars\httpcore-4.4.16.jar
2025-11-07 20:25:31,105 [Worker-164: Launching Lost-and-found (3)] INFO  o.eclipse.m2e.core.internal.Bundles - 	Entry: C:\Users\apoor\.p2\pool\plugins\org.eclipse.m2e.maven.runtime_3.9.900.20250220-2013\jars\jansi-2.4.1.jar
2025-11-07 20:25:31,105 [Worker-164: Launching Lost-and-found (3)] INFO  o.eclipse.m2e.core.internal.Bundles - 	Entry: C:\Users\apoor\.p2\pool\plugins\org.eclipse.m2e.maven.runtime_3.9.900.20250220-2013\jars\jcl-over-slf4j-1.7.36.jar
2025-11-07 20:25:31,106 [Worker-164: Launching Lost-and-found (3)] INFO  o.eclipse.m2e.core.internal.Bundles - 	Entry: C:\Users\apoor\.p2\pool\plugins\org.eclipse.m2e.maven.runtime_3.9.900.20250220-2013\jars\maven-artifact-3.9.9.jar
2025-11-07 20:25:31,106 [Worker-164: Launching Lost-and-found (3)] INFO  o.eclipse.m2e.core.internal.Bundles - 	Entry: C:\Users\apoor\.p2\pool\plugins\org.eclipse.m2e.maven.runtime_3.9.900.20250220-2013\jars\maven-builder-support-3.9.9.jar
2025-11-07 20:25:31,106 [Worker-164: Launching Lost-and-found (3)] INFO  o.eclipse.m2e.core.internal.Bundles - 	Entry: C:\Users\apoor\.p2\pool\plugins\org.eclipse.m2e.maven.runtime_3.9.900.20250220-2013\jars\maven-compat-3.9.9.jar
2025-11-07 20:25:31,107 [Worker-164: Launching Lost-and-found (3)] INFO  o.eclipse.m2e.core.internal.Bundles - 	Entry: C:\Users\apoor\.p2\pool\plugins\org.eclipse.m2e.maven.runtime_3.9.900.20250220-2013\jars\maven-core-3.9.9.jar
2025-11-07 20:25:31,107 [Worker-164: Launching Lost-and-found (3)] INFO  o.eclipse.m2e.core.internal.Bundles - 	Entry: C:\Users\apoor\.p2\pool\plugins\org.eclipse.m2e.maven.runtime_3.9.900.20250220-2013\jars\maven-embedder-3.9.9.jar
2025-11-07 20:25:31,107 [Worker-164: Launching Lost-and-found (3)] INFO  o.eclipse.m2e.core.internal.Bundles - 	Entry: C:\Users\apoor\.p2\pool\plugins\org.eclipse.m2e.maven.runtime_3.9.900.20250220-2013\jars\maven-model-3.9.9.jar
2025-11-07 20:25:31,108 [Worker-164: Launching Lost-and-found (3)] INFO  o.eclipse.m2e.core.internal.Bundles - 	Entry: C:\Users\apoor\.p2\pool\plugins\org.eclipse.m2e.maven.runtime_3.9.900.20250220-2013\jars\maven-model-builder-3.9.9.jar
2025-11-07 20:25:31,108 [Worker-164: Launching Lost-and-found (3)] INFO  o.eclipse.m2e.core.internal.Bundles - 	Entry: C:\Users\apoor\.p2\pool\plugins\org.eclipse.m2e.maven.runtime_3.9.900.20250220-2013\jars\maven-plugin-api-3.9.9.jar
2025-11-07 20:25:31,109 [Worker-164: Launching Lost-and-found (3)] INFO  o.eclipse.m2e.core.internal.Bundles - 	Entry: C:\Users\apoor\.p2\pool\plugins\org.eclipse.m2e.maven.runtime_3.9.900.20250220-2013\jars\maven-repository-metadata-3.9.9.jar
2025-11-07 20:25:31,109 [Worker-164: Launching Lost-and-found (3)] INFO  o.eclipse.m2e.core.internal.Bundles - 	Entry: C:\Users\apoor\.p2\pool\plugins\org.eclipse.m2e.maven.runtime_3.9.900.20250220-2013\jars\maven-resolver-api-1.9.22.jar
2025-11-07 20:25:31,110 [Worker-164: Launching Lost-and-found (3)] INFO  o.eclipse.m2e.core.internal.Bundles - 	Entry: C:\Users\apoor\.p2\pool\plugins\org.eclipse.m2e.maven.runtime_3.9.900.20250220-2013\jars\maven-resolver-connector-basic-1.9.22.jar
2025-11-07 20:25:31,110 [Worker-164: Launching Lost-and-found (3)] INFO  o.eclipse.m2e.core.internal.Bundles - 	Entry: C:\Users\apoor\.p2\pool\plugins\org.eclipse.m2e.maven.runtime_3.9.900.20250220-2013\jars\maven-resolver-impl-1.9.22.jar
2025-11-07 20:25:31,110 [Worker-164: Launching Lost-and-found (3)] INFO  o.eclipse.m2e.core.internal.Bundles - 	Entry: C:\Users\apoor\.p2\pool\plugins\org.eclipse.m2e.maven.runtime_3.9.900.20250220-2013\jars\maven-resolver-named-locks-1.9.22.jar
2025-11-07 20:25:31,111 [Worker-164: Launching Lost-and-found (3)] INFO  o.eclipse.m2e.core.internal.Bundles - 	Entry: C:\Users\apoor\.p2\pool\plugins\org.eclipse.m2e.maven.runtime_3.9.900.20250220-2013\jars\maven-resolver-provider-3.9.9.jar
2025-11-07 20:25:31,111 [Worker-164: Launching Lost-and-found (3)] INFO  o.eclipse.m2e.core.internal.Bundles - 	Entry: C:\Users\apoor\.p2\pool\plugins\org.eclipse.m2e.maven.runtime_3.9.900.20250220-2013\jars\maven-resolver-spi-1.9.22.jar
2025-11-07 20:25:31,111 [Worker-164: Launching Lost-and-found (3)] INFO  o.eclipse.m2e.core.internal.Bundles - 	Entry: C:\Users\apoor\.p2\pool\plugins\org.eclipse.m2e.maven.runtime_3.9.900.20250220-2013\jars\maven-resolver-transport-file-1.9.22.jar
2025-11-07 20:25:31,112 [Worker-164: Launching Lost-and-found (3)] INFO  o.eclipse.m2e.core.internal.Bundles - 	Entry: C:\Users\apoor\.p2\pool\plugins\org.eclipse.m2e.maven.runtime_3.9.900.20250220-2013\jars\maven-resolver-transport-http-1.9.22.jar
2025-11-07 20:25:31,112 [Worker-164: Launching Lost-and-found (3)] INFO  o.eclipse.m2e.core.internal.Bundles - 	Entry: C:\Users\apoor\.p2\pool\plugins\org.eclipse.m2e.maven.runtime_3.9.900.20250220-2013\jars\maven-resolver-transport-wagon-1.9.22.jar
2025-11-07 20:25:31,113 [Worker-164: Launching Lost-and-found (3)] INFO  o.eclipse.m2e.core.internal.Bundles - 	Entry: C:\Users\apoor\.p2\pool\plugins\org.eclipse.m2e.maven.runtime_3.9.900.20250220-2013\jars\maven-resolver-util-1.9.22.jar
2025-11-07 20:25:31,113 [Worker-164: Launching Lost-and-found (3)] INFO  o.eclipse.m2e.core.internal.Bundles - 	Entry: C:\Users\apoor\.p2\pool\plugins\org.eclipse.m2e.maven.runtime_3.9.900.20250220-2013\jars\maven-settings-3.9.9.jar
2025-11-07 20:25:31,113 [Worker-164: Launching Lost-and-found (3)] INFO  o.eclipse.m2e.core.internal.Bundles - 	Entry: C:\Users\apoor\.p2\pool\plugins\org.eclipse.m2e.maven.runtime_3.9.900.20250220-2013\jars\maven-settings-builder-3.9.9.jar
2025-11-07 20:25:31,114 [Worker-164: Launching Lost-and-found (3)] INFO  o.eclipse.m2e.core.internal.Bundles - 	Entry: C:\Users\apoor\.p2\pool\plugins\org.eclipse.m2e.maven.runtime_3.9.900.20250220-2013\jars\maven-shared-utils-3.4.2.jar
2025-11-07 20:25:31,114 [Worker-164: Launching Lost-and-found (3)] INFO  o.eclipse.m2e.core.internal.Bundles - 	Entry: C:\Users\apoor\.p2\pool\plugins\org.eclipse.m2e.maven.runtime_3.9.900.20250220-2013\jars\org.eclipse.sisu.inject-0.9.0.M3.jar
2025-11-07 20:25:31,114 [Worker-164: Launching Lost-and-found (3)] INFO  o.eclipse.m2e.core.internal.Bundles - 	Entry: C:\Users\apoor\.p2\pool\plugins\org.eclipse.m2e.maven.runtime_3.9.900.20250220-2013\jars\org.eclipse.sisu.plexus-0.9.0.M3.jar
2025-11-07 20:25:31,115 [Worker-164: Launching Lost-and-found (3)] INFO  o.eclipse.m2e.core.internal.Bundles - 	Entry: C:\Users\apoor\.p2\pool\plugins\org.eclipse.m2e.maven.runtime_3.9.900.20250220-2013\jars\plexus-build-api-0.0.7.jar
2025-11-07 20:25:31,116 [Worker-164: Launching Lost-and-found (3)] INFO  o.eclipse.m2e.core.internal.Bundles - 	Entry: C:\Users\apoor\.p2\pool\plugins\org.eclipse.m2e.maven.runtime_3.9.900.20250220-2013\jars\plexus-build-api-1.2.0.jar
2025-11-07 20:25:31,116 [Worker-164: Launching Lost-and-found (3)] INFO  o.eclipse.m2e.core.internal.Bundles - 	Entry: C:\Users\apoor\.p2\pool\plugins\org.eclipse.m2e.maven.runtime_3.9.900.20250220-2013\jars\plexus-cipher-2.0.jar
2025-11-07 20:25:31,117 [Worker-164: Launching Lost-and-found (3)] INFO  o.eclipse.m2e.core.internal.Bundles - 	Entry: C:\Users\apoor\.p2\pool\plugins\org.eclipse.m2e.maven.runtime_3.9.900.20250220-2013\jars\plexus-classworlds-2.8.0.jar
2025-11-07 20:25:31,117 [Worker-164: Launching Lost-and-found (3)] INFO  o.eclipse.m2e.core.internal.Bundles - 	Entry: C:\Users\apoor\.p2\pool\plugins\org.eclipse.m2e.maven.runtime_3.9.900.20250220-2013\jars\plexus-component-annotations-2.1.0.jar
2025-11-07 20:25:31,117 [Worker-164: Launching Lost-and-found (3)] INFO  o.eclipse.m2e.core.internal.Bundles - 	Entry: C:\Users\apoor\.p2\pool\plugins\org.eclipse.m2e.maven.runtime_3.9.900.20250220-2013\jars\plexus-interpolation-1.27.jar
2025-11-07 20:25:31,118 [Worker-164: Launching Lost-and-found (3)] INFO  o.eclipse.m2e.core.internal.Bundles - 	Entry: C:\Users\apoor\.p2\pool\plugins\org.eclipse.m2e.maven.runtime_3.9.900.20250220-2013\jars\plexus-sec-dispatcher-2.0.jar
2025-11-07 20:25:31,118 [Worker-164: Launching Lost-and-found (3)] INFO  o.eclipse.m2e.core.internal.Bundles - 	Entry: C:\Users\apoor\.p2\pool\plugins\org.eclipse.m2e.maven.runtime_3.9.900.20250220-2013\jars\plexus-utils-3.5.1.jar
2025-11-07 20:25:31,118 [Worker-164: Launching Lost-and-found (3)] INFO  o.eclipse.m2e.core.internal.Bundles - 	Entry: C:\Users\apoor\.p2\pool\plugins\org.eclipse.m2e.maven.runtime_3.9.900.20250220-2013\jars\plexus-xml-3.0.1.jar
2025-11-07 20:25:31,119 [Worker-164: Launching Lost-and-found (3)] INFO  o.eclipse.m2e.core.internal.Bundles - 	Entry: C:\Users\apoor\.p2\pool\plugins\org.eclipse.m2e.maven.runtime_3.9.900.20250220-2013\jars\wagon-file-3.5.3.jar
2025-11-07 20:25:31,119 [Worker-164: Launching Lost-and-found (3)] INFO  o.eclipse.m2e.core.internal.Bundles - 	Entry: C:\Users\apoor\.p2\pool\plugins\org.eclipse.m2e.maven.runtime_3.9.900.20250220-2013\jars\wagon-http-3.5.3.jar
2025-11-07 20:25:31,120 [Worker-164: Launching Lost-and-found (3)] INFO  o.eclipse.m2e.core.internal.Bundles - 	Entry: C:\Users\apoor\.p2\pool\plugins\org.eclipse.m2e.maven.runtime_3.9.900.20250220-2013\jars\wagon-http-shared-3.5.3.jar
2025-11-07 20:25:31,120 [Worker-164: Launching Lost-and-found (3)] INFO  o.eclipse.m2e.core.internal.Bundles - 	Entry: C:\Users\apoor\.p2\pool\plugins\org.eclipse.m2e.maven.runtime_3.9.900.20250220-2013\jars\wagon-provider-api-3.5.3.jar
2025-11-07 20:25:31,121 [Worker-164: Launching Lost-and-found (3)] INFO  o.eclipse.m2e.core.internal.Bundles - getClasspathEntries(Bundle=com.google.guava_33.4.0.jre [12])
2025-11-07 20:25:31,122 [Worker-164: Launching Lost-and-found (3)] INFO  o.eclipse.m2e.core.internal.Bundles - 	Entry: C:\Users\apoor\.p2\pool\plugins\com.google.guava_33.4.0.jre.jar
2025-11-07 20:25:31,122 [Worker-164: Launching Lost-and-found (3)] INFO  o.eclipse.m2e.core.internal.Bundles - getClasspathEntries(Bundle=slf4j.api_2.0.17 [522])
2025-11-07 20:25:31,123 [Worker-164: Launching Lost-and-found (3)] INFO  o.eclipse.m2e.core.internal.Bundles - 	Entry: C:\Users\apoor\.p2\pool\plugins\slf4j.api_2.0.17.jar
2025-11-07 20:25:31,123 [Worker-164: Launching Lost-and-found (3)] INFO  o.eclipse.m2e.core.internal.Bundles - getClasspathEntries(Bundle=jakarta.inject.jakarta.inject-api_1.0.5 [24])
2025-11-07 20:25:31,124 [Worker-164: Launching Lost-and-found (3)] INFO  o.eclipse.m2e.core.internal.Bundles - 	Entry: C:\Users\apoor\.p2\pool\plugins\jakarta.inject.jakarta.inject-api_1.0.5.jar
2025-11-07 20:25:31,125 [Worker-164: Launching Lost-and-found (3)] INFO  o.eclipse.m2e.core.internal.Bundles - getClasspathEntries(Bundle=jakarta.annotation-api_1.3.5 [22])
2025-11-07 20:25:31,126 [Worker-164: Launching Lost-and-found (3)] INFO  o.eclipse.m2e.core.internal.Bundles - 	Entry: C:\Users\apoor\.p2\pool\plugins\jakarta.annotation-api_1.3.5.jar
2025-11-07 20:25:31,126 [Worker-164: Launching Lost-and-found (3)] INFO  o.eclipse.m2e.core.internal.Bundles - getClasspathEntries(Bundle=org.apache.commons.cli_1.9.0 [48])
2025-11-07 20:25:31,127 [Worker-164: Launching Lost-and-found (3)] INFO  o.eclipse.m2e.core.internal.Bundles - 	Entry: C:\Users\apoor\.p2\pool\plugins\org.apache.commons.cli_1.9.0.jar
2025-11-07 20:25:31,127 [Worker-164: Launching Lost-and-found (3)] INFO  o.eclipse.m2e.core.internal.Bundles - getClasspathEntries(Bundle=org.apache.commons.commons-codec_1.16.0 [49])
2025-11-07 20:25:31,129 [Worker-164: Launching Lost-and-found (3)] INFO  o.eclipse.m2e.core.internal.Bundles - 	Entry: C:\Users\apoor\.p2\pool\plugins\org.apache.commons.commons-codec_1.16.0.jar
2025-11-07 20:25:31,129 [Worker-164: Launching Lost-and-found (3)] INFO  o.eclipse.m2e.core.internal.Bundles - getClasspathEntries(Bundle=com.google.guava.failureaccess_1.0.2 [13])
2025-11-07 20:25:31,130 [Worker-164: Launching Lost-and-found (3)] INFO  o.eclipse.m2e.core.internal.Bundles - 	Entry: C:\Users\apoor\.p2\pool\plugins\com.google.guava.failureaccess_1.0.2.jar
2025-11-07 20:25:31,136 [Worker-164: Launching Lost-and-found (3)] INFO  o.e.m.i.launch.MavenLaunchDelegate - Run build in "C:\Users\apoor\OneDrive\Desktop\Lost_and_found\Lost-and-found":
2025-11-07 20:25:31,137 [Worker-164: Launching Lost-and-found (3)] INFO  o.e.m.i.launch.MavenLaunchDelegate -  mvn  -B -Dstyle.color=always clean install -DskipTests
2025-11-07 20:28:28,953 [main] INFO  o.e.m2e.actions.ExecutePomAction - Creating new launch configuration
2025-11-07 20:28:48,524 [Worker-177: Launching Lost-and-found (4)] INFO  o.eclipse.m2e.core.internal.Bundles - getClasspathEntries(Bundle=org.eclipse.m2e.maven.runtime_3.9.900.20250220-2013 [298])
2025-11-07 20:28:48,525 [Worker-177: Launching Lost-and-found (4)] INFO  o.eclipse.m2e.core.internal.Bundles - 	Entry: C:\Users\apoor\.p2\pool\plugins\org.eclipse.m2e.maven.runtime_3.9.900.20250220-2013
2025-11-07 20:28:48,526 [Worker-177: Launching Lost-and-found (4)] INFO  o.eclipse.m2e.core.internal.Bundles - 	Entry: C:\Users\apoor\.p2\pool\plugins\org.eclipse.m2e.maven.runtime_3.9.900.20250220-2013\jars\aopalliance-1.0.jar
2025-11-07 20:28:48,526 [Worker-177: Launching Lost-and-found (4)] INFO  o.eclipse.m2e.core.internal.Bundles - 	Entry: C:\Users\apoor\.p2\pool\plugins\org.eclipse.m2e.maven.runtime_3.9.900.20250220-2013\jars\guice-5.1.0.jar
2025-11-07 20:28:48,526 [Worker-177: Launching Lost-and-found (4)] INFO  o.eclipse.m2e.core.internal.Bundles - 	Entry: C:\Users\apoor\.p2\pool\plugins\org.eclipse.m2e.maven.runtime_3.9.900.20250220-2013\jars\httpclient-4.5.14.jar
2025-11-07 20:28:48,526 [Worker-177: Launching Lost-and-found (4)] INFO  o.eclipse.m2e.core.internal.Bundles - 	Entry: C:\Users\apoor\.p2\pool\plugins\org.eclipse.m2e.maven.runtime_3.9.900.20250220-2013\jars\httpcore-4.4.16.jar
2025-11-07 20:28:48,527 [Worker-177: Launching Lost-and-found (4)] INFO  o.eclipse.m2e.core.internal.Bundles - 	Entry: C:\Users\apoor\.p2\pool\plugins\org.eclipse.m2e.maven.runtime_3.9.900.20250220-2013\jars\jansi-2.4.1.jar
2025-11-07 20:28:48,527 [Worker-177: Launching Lost-and-found (4)] INFO  o.eclipse.m2e.core.internal.Bundles - 	Entry: C:\Users\apoor\.p2\pool\plugins\org.eclipse.m2e.maven.runtime_3.9.900.20250220-2013\jars\jcl-over-slf4j-1.7.36.jar
2025-11-07 20:28:48,527 [Worker-177: Launching Lost-and-found (4)] INFO  o.eclipse.m2e.core.internal.Bundles - 	Entry: C:\Users\apoor\.p2\pool\plugins\org.eclipse.m2e.maven.runtime_3.9.900.20250220-2013\jars\maven-artifact-3.9.9.jar
2025-11-07 20:28:48,527 [Worker-177: Launching Lost-and-found (4)] INFO  o.eclipse.m2e.core.internal.Bundles - 	Entry: C:\Users\apoor\.p2\pool\plugins\org.eclipse.m2e.maven.runtime_3.9.900.20250220-2013\jars\maven-builder-support-3.9.9.jar
2025-11-07 20:28:48,527 [Worker-177: Launching Lost-and-found (4)] INFO  o.eclipse.m2e.core.internal.Bundles - 	Entry: C:\Users\apoor\.p2\pool\plugins\org.eclipse.m2e.maven.runtime_3.9.900.20250220-2013\jars\maven-compat-3.9.9.jar
2025-11-07 20:28:48,527 [Worker-177: Launching Lost-and-found (4)] INFO  o.eclipse.m2e.core.internal.Bundles - 	Entry: C:\Users\apoor\.p2\pool\plugins\org.eclipse.m2e.maven.runtime_3.9.900.20250220-2013\jars\maven-core-3.9.9.jar
2025-11-07 20:28:48,528 [Worker-177: Launching Lost-and-found (4)] INFO  o.eclipse.m2e.core.internal.Bundles - 	Entry: C:\Users\apoor\.p2\pool\plugins\org.eclipse.m2e.maven.runtime_3.9.900.20250220-2013\jars\maven-embedder-3.9.9.jar
2025-11-07 20:28:48,528 [Worker-177: Launching Lost-and-found (4)] INFO  o.eclipse.m2e.core.internal.Bundles - 	Entry: C:\Users\apoor\.p2\pool\plugins\org.eclipse.m2e.maven.runtime_3.9.900.20250220-2013\jars\maven-model-3.9.9.jar
2025-11-07 20:28:48,528 [Worker-177: Launching Lost-and-found (4)] INFO  o.eclipse.m2e.core.internal.Bundles - 	Entry: C:\Users\apoor\.p2\pool\plugins\org.eclipse.m2e.maven.runtime_3.9.900.20250220-2013\jars\maven-model-builder-3.9.9.jar
2025-11-07 20:28:48,528 [Worker-177: Launching Lost-and-found (4)] INFO  o.eclipse.m2e.core.internal.Bundles - 	Entry: C:\Users\apoor\.p2\pool\plugins\org.eclipse.m2e.maven.runtime_3.9.900.20250220-2013\jars\maven-plugin-api-3.9.9.jar
2025-11-07 20:28:48,528 [Worker-177: Launching Lost-and-found (4)] INFO  o.eclipse.m2e.core.internal.Bundles - 	Entry: C:\Users\apoor\.p2\pool\plugins\org.eclipse.m2e.maven.runtime_3.9.900.20250220-2013\jars\maven-repository-metadata-3.9.9.jar
2025-11-07 20:28:48,529 [Worker-177: Launching Lost-and-found (4)] INFO  o.eclipse.m2e.core.internal.Bundles - 	Entry: C:\Users\apoor\.p2\pool\plugins\org.eclipse.m2e.maven.runtime_3.9.900.20250220-2013\jars\maven-resolver-api-1.9.22.jar
2025-11-07 20:28:48,529 [Worker-177: Launching Lost-and-found (4)] INFO  o.eclipse.m2e.core.internal.Bundles - 	Entry: C:\Users\apoor\.p2\pool\plugins\org.eclipse.m2e.maven.runtime_3.9.900.20250220-2013\jars\maven-resolver-connector-basic-1.9.22.jar
2025-11-07 20:28:48,529 [Worker-177: Launching Lost-and-found (4)] INFO  o.eclipse.m2e.core.internal.Bundles - 	Entry: C:\Users\apoor\.p2\pool\plugins\org.eclipse.m2e.maven.runtime_3.9.900.20250220-2013\jars\maven-resolver-impl-1.9.22.jar
2025-11-07 20:28:48,529 [Worker-177: Launching Lost-and-found (4)] INFO  o.eclipse.m2e.core.internal.Bundles - 	Entry: C:\Users\apoor\.p2\pool\plugins\org.eclipse.m2e.maven.runtime_3.9.900.20250220-2013\jars\maven-resolver-named-locks-1.9.22.jar
2025-11-07 20:28:48,530 [Worker-177: Launching Lost-and-found (4)] INFO  o.eclipse.m2e.core.internal.Bundles - 	Entry: C:\Users\apoor\.p2\pool\plugins\org.eclipse.m2e.maven.runtime_3.9.900.20250220-2013\jars\maven-resolver-provider-3.9.9.jar
2025-11-07 20:28:48,530 [Worker-177: Launching Lost-and-found (4)] INFO  o.eclipse.m2e.core.internal.Bundles - 	Entry: C:\Users\apoor\.p2\pool\plugins\org.eclipse.m2e.maven.runtime_3.9.900.20250220-2013\jars\maven-resolver-spi-1.9.22.jar
2025-11-07 20:28:48,530 [Worker-177: Launching Lost-and-found (4)] INFO  o.eclipse.m2e.core.internal.Bundles - 	Entry: C:\Users\apoor\.p2\pool\plugins\org.eclipse.m2e.maven.runtime_3.9.900.20250220-2013\jars\maven-resolver-transport-file-1.9.22.jar
2025-11-07 20:28:48,530 [Worker-177: Launching Lost-and-found (4)] INFO  o.eclipse.m2e.core.internal.Bundles - 	Entry: C:\Users\apoor\.p2\pool\plugins\org.eclipse.m2e.maven.runtime_3.9.900.20250220-2013\jars\maven-resolver-transport-http-1.9.22.jar
2025-11-07 20:28:48,530 [Worker-177: Launching Lost-and-found (4)] INFO  o.eclipse.m2e.core.internal.Bundles - 	Entry: C:\Users\apoor\.p2\pool\plugins\org.eclipse.m2e.maven.runtime_3.9.900.20250220-2013\jars\maven-resolver-transport-wagon-1.9.22.jar
2025-11-07 20:28:48,532 [Worker-177: Launching Lost-and-found (4)] INFO  o.eclipse.m2e.core.internal.Bundles - 	Entry: C:\Users\apoor\.p2\pool\plugins\org.eclipse.m2e.maven.runtime_3.9.900.20250220-2013\jars\maven-resolver-util-1.9.22.jar
2025-11-07 20:28:48,532 [Worker-177: Launching Lost-and-found (4)] INFO  o.eclipse.m2e.core.internal.Bundles - 	Entry: C:\Users\apoor\.p2\pool\plugins\org.eclipse.m2e.maven.runtime_3.9.900.20250220-2013\jars\maven-settings-3.9.9.jar
2025-11-07 20:28:48,532 [Worker-177: Launching Lost-and-found (4)] INFO  o.eclipse.m2e.core.internal.Bundles - 	Entry: C:\Users\apoor\.p2\pool\plugins\org.eclipse.m2e.maven.runtime_3.9.900.20250220-2013\jars\maven-settings-builder-3.9.9.jar
2025-11-07 20:28:48,532 [Worker-177: Launching Lost-and-found (4)] INFO  o.eclipse.m2e.core.internal.Bundles - 	Entry: C:\Users\apoor\.p2\pool\plugins\org.eclipse.m2e.maven.runtime_3.9.900.20250220-2013\jars\maven-shared-utils-3.4.2.jar
2025-11-07 20:28:48,533 [Worker-177: Launching Lost-and-found (4)] INFO  o.eclipse.m2e.core.internal.Bundles - 	Entry: C:\Users\apoor\.p2\pool\plugins\org.eclipse.m2e.maven.runtime_3.9.900.20250220-2013\jars\org.eclipse.sisu.inject-0.9.0.M3.jar
2025-11-07 20:28:48,533 [Worker-177: Launching Lost-and-found (4)] INFO  o.eclipse.m2e.core.internal.Bundles - 	Entry: C:\Users\apoor\.p2\pool\plugins\org.eclipse.m2e.maven.runtime_3.9.900.20250220-2013\jars\org.eclipse.sisu.plexus-0.9.0.M3.jar
2025-11-07 20:28:48,533 [Worker-177: Launching Lost-and-found (4)] INFO  o.eclipse.m2e.core.internal.Bundles - 	Entry: C:\Users\apoor\.p2\pool\plugins\org.eclipse.m2e.maven.runtime_3.9.900.20250220-2013\jars\plexus-build-api-0.0.7.jar
2025-11-07 20:28:48,534 [Worker-177: Launching Lost-and-found (4)] INFO  o.eclipse.m2e.core.internal.Bundles - 	Entry: C:\Users\apoor\.p2\pool\plugins\org.eclipse.m2e.maven.runtime_3.9.900.20250220-2013\jars\plexus-build-api-1.2.0.jar
2025-11-07 20:28:48,534 [Worker-177: Launching Lost-and-found (4)] INFO  o.eclipse.m2e.core.internal.Bundles - 	Entry: C:\Users\apoor\.p2\pool\plugins\org.eclipse.m2e.maven.runtime_3.9.900.20250220-2013\jars\plexus-cipher-2.0.jar
2025-11-07 20:28:48,535 [Worker-177: Launching Lost-and-found (4)] INFO  o.eclipse.m2e.core.internal.Bundles - 	Entry: C:\Users\apoor\.p2\pool\plugins\org.eclipse.m2e.maven.runtime_3.9.900.20250220-2013\jars\plexus-classworlds-2.8.0.jar
2025-11-07 20:28:48,535 [Worker-177: Launching Lost-and-found (4)] INFO  o.eclipse.m2e.core.internal.Bundles - 	Entry: C:\Users\apoor\.p2\pool\plugins\org.eclipse.m2e.maven.runtime_3.9.900.20250220-2013\jars\plexus-component-annotations-2.1.0.jar
2025-11-07 20:28:48,535 [Worker-177: Launching Lost-and-found (4)] INFO  o.eclipse.m2e.core.internal.Bundles - 	Entry: C:\Users\apoor\.p2\pool\plugins\org.eclipse.m2e.maven.runtime_3.9.900.20250220-2013\jars\plexus-interpolation-1.27.jar
2025-11-07 20:28:48,536 [Worker-177: Launching Lost-and-found (4)] INFO  o.eclipse.m2e.core.internal.Bundles - 	Entry: C:\Users\apoor\.p2\pool\plugins\org.eclipse.m2e.maven.runtime_3.9.900.20250220-2013\jars\plexus-sec-dispatcher-2.0.jar
2025-11-07 20:28:48,536 [Worker-177: Launching Lost-and-found (4)] INFO  o.eclipse.m2e.core.internal.Bundles - 	Entry: C:\Users\apoor\.p2\pool\plugins\org.eclipse.m2e.maven.runtime_3.9.900.20250220-2013\jars\plexus-utils-3.5.1.jar
2025-11-07 20:28:48,536 [Worker-177: Launching Lost-and-found (4)] INFO  o.eclipse.m2e.core.internal.Bundles - 	Entry: C:\Users\apoor\.p2\pool\plugins\org.eclipse.m2e.maven.runtime_3.9.900.20250220-2013\jars\plexus-xml-3.0.1.jar
2025-11-07 20:28:48,537 [Worker-177: Launching Lost-and-found (4)] INFO  o.eclipse.m2e.core.internal.Bundles - 	Entry: C:\Users\apoor\.p2\pool\plugins\org.eclipse.m2e.maven.runtime_3.9.900.20250220-2013\jars\wagon-file-3.5.3.jar
2025-11-07 20:28:48,537 [Worker-177: Launching Lost-and-found (4)] INFO  o.eclipse.m2e.core.internal.Bundles - 	Entry: C:\Users\apoor\.p2\pool\plugins\org.eclipse.m2e.maven.runtime_3.9.900.20250220-2013\jars\wagon-http-3.5.3.jar
2025-11-07 20:28:48,538 [Worker-177: Launching Lost-and-found (4)] INFO  o.eclipse.m2e.core.internal.Bundles - 	Entry: C:\Users\apoor\.p2\pool\plugins\org.eclipse.m2e.maven.runtime_3.9.900.20250220-2013\jars\wagon-http-shared-3.5.3.jar
2025-11-07 20:28:48,539 [Worker-177: Launching Lost-and-found (4)] INFO  o.eclipse.m2e.core.internal.Bundles - 	Entry: C:\Users\apoor\.p2\pool\plugins\org.eclipse.m2e.maven.runtime_3.9.900.20250220-2013\jars\wagon-provider-api-3.5.3.jar
2025-11-07 20:28:48,540 [Worker-177: Launching Lost-and-found (4)] INFO  o.eclipse.m2e.core.internal.Bundles - getClasspathEntries(Bundle=com.google.guava_33.4.0.jre [12])
2025-11-07 20:28:48,541 [Worker-177: Launching Lost-and-found (4)] INFO  o.eclipse.m2e.core.internal.Bundles - 	Entry: C:\Users\apoor\.p2\pool\plugins\com.google.guava_33.4.0.jre.jar
2025-11-07 20:28:48,541 [Worker-177: Launching Lost-and-found (4)] INFO  o.eclipse.m2e.core.internal.Bundles - getClasspathEntries(Bundle=slf4j.api_2.0.17 [522])
2025-11-07 20:28:48,542 [Worker-177: Launching Lost-and-found (4)] INFO  o.eclipse.m2e.core.internal.Bundles - 	Entry: C:\Users\apoor\.p2\pool\plugins\slf4j.api_2.0.17.jar
2025-11-07 20:28:48,542 [Worker-177: Launching Lost-and-found (4)] INFO  o.eclipse.m2e.core.internal.Bundles - getClasspathEntries(Bundle=jakarta.inject.jakarta.inject-api_1.0.5 [24])
2025-11-07 20:28:48,543 [Worker-177: Launching Lost-and-found (4)] INFO  o.eclipse.m2e.core.internal.Bundles - 	Entry: C:\Users\apoor\.p2\pool\plugins\jakarta.inject.jakarta.inject-api_1.0.5.jar
2025-11-07 20:28:48,543 [Worker-177: Launching Lost-and-found (4)] INFO  o.eclipse.m2e.core.internal.Bundles - getClasspathEntries(Bundle=jakarta.annotation-api_1.3.5 [22])
2025-11-07 20:28:48,544 [Worker-177: Launching Lost-and-found (4)] INFO  o.eclipse.m2e.core.internal.Bundles - 	Entry: C:\Users\apoor\.p2\pool\plugins\jakarta.annotation-api_1.3.5.jar
2025-11-07 20:28:48,544 [Worker-177: Launching Lost-and-found (4)] INFO  o.eclipse.m2e.core.internal.Bundles - getClasspathEntries(Bundle=org.apache.commons.cli_1.9.0 [48])
2025-11-07 20:28:48,545 [Worker-177: Launching Lost-and-found (4)] INFO  o.eclipse.m2e.core.internal.Bundles - 	Entry: C:\Users\apoor\.p2\pool\plugins\org.apache.commons.cli_1.9.0.jar
2025-11-07 20:28:48,545 [Worker-177: Launching Lost-and-found (4)] INFO  o.eclipse.m2e.core.internal.Bundles - getClasspathEntries(Bundle=org.apache.commons.commons-codec_1.16.0 [49])
2025-11-07 20:28:48,546 [Worker-177: Launching Lost-and-found (4)] INFO  o.eclipse.m2e.core.internal.Bundles - 	Entry: C:\Users\apoor\.p2\pool\plugins\org.apache.commons.commons-codec_1.16.0.jar
2025-11-07 20:28:48,546 [Worker-177: Launching Lost-and-found (4)] INFO  o.eclipse.m2e.core.internal.Bundles - getClasspathEntries(Bundle=com.google.guava.failureaccess_1.0.2 [13])
2025-11-07 20:28:48,547 [Worker-177: Launching Lost-and-found (4)] INFO  o.eclipse.m2e.core.internal.Bundles - 	Entry: C:\Users\apoor\.p2\pool\plugins\com.google.guava.failureaccess_1.0.2.jar
2025-11-07 20:28:48,553 [Worker-177: Launching Lost-and-found (4)] INFO  o.e.m.i.launch.MavenLaunchDelegate - Run build in "C:\Users\apoor\OneDrive\Desktop\Lost_and_found\Lost-and-found":
2025-11-07 20:28:48,553 [Worker-177: Launching Lost-and-found (4)] INFO  o.e.m.i.launch.MavenLaunchDelegate -  mvn  -B -Dstyle.color=always clean install -DskipTests
2025-11-07 20:56:25,187 [Worker-5: Loading available Gradle versions] INFO  o.e.b.c.i.u.g.PublishedGradleVersions - Gradle version information cache is out-of-date. Trying to update.
2025-11-07 20:56:31,566 [Worker-10: Building] INFO  o.e.m.c.i.e.AbstractTransferListenerAdapter - Downloading https://repo.maven.apache.org/maven2/org/springframework/boot/spring-boot-starter-parent/3.5.4/spring-boot-starter-parent-3.5.4.pom
2025-11-07 20:56:31,792 [Worker-10: Building] INFO  o.e.m.c.i.e.AbstractTransferListenerAdapter - Downloaded https://repo.maven.apache.org/maven2/org/springframework/boot/spring-boot-starter-parent/3.5.4/spring-boot-starter-parent-3.5.4.pom
2025-11-07 20:56:31,938 [Worker-10: Building] INFO  o.e.m.c.i.e.AbstractTransferListenerAdapter - Downloading https://repo.maven.apache.org/maven2/org/springframework/boot/spring-boot-dependencies/3.5.4/spring-boot-dependencies-3.5.4.pom
2025-11-07 20:56:32,236 [Worker-10: Building] INFO  o.e.m.c.i.e.AbstractTransferListenerAdapter - Downloaded https://repo.maven.apache.org/maven2/org/springframework/boot/spring-boot-dependencies/3.5.4/spring-boot-dependencies-3.5.4.pom
2025-11-07 20:56:32,473 [Worker-10: Building] INFO  o.e.m.c.i.e.AbstractTransferListenerAdapter - Downloading https://repo.maven.apache.org/maven2/org/apache/activemq/activemq-bom/6.1.7/activemq-bom-6.1.7.pom
2025-11-07 20:56:32,560 [Worker-10: Building] INFO  o.e.m.c.i.e.AbstractTransferListenerAdapter - Downloaded https://repo.maven.apache.org/maven2/org/apache/activemq/activemq-bom/6.1.7/activemq-bom-6.1.7.pom
2025-11-07 20:56:32,662 [Worker-10: Building] INFO  o.e.m.c.i.e.AbstractTransferListenerAdapter - Downloading https://repo.maven.apache.org/maven2/org/apache/activemq/artemis-bom/2.40.0/artemis-bom-2.40.0.pom
2025-11-07 20:56:32,787 [Worker-10: Building] INFO  o.e.m.c.i.e.AbstractTransferListenerAdapter - Downloaded https://repo.maven.apache.org/maven2/org/apache/activemq/artemis-bom/2.40.0/artemis-bom-2.40.0.pom
2025-11-07 20:56:32,875 [Worker-10: Building] INFO  o.e.m.c.i.e.AbstractTransferListenerAdapter - Downloading https://repo.maven.apache.org/maven2/org/apache/activemq/artemis-project/2.40.0/artemis-project-2.40.0.pom
2025-11-07 20:56:32,997 [Worker-10: Building] INFO  o.e.m.c.i.e.AbstractTransferListenerAdapter - Downloaded https://repo.maven.apache.org/maven2/org/apache/activemq/artemis-project/2.40.0/artemis-project-2.40.0.pom
2025-11-07 20:56:33,114 [Worker-10: Building] INFO  o.e.m.c.i.e.AbstractTransferListenerAdapter - Downloading https://repo.maven.apache.org/maven2/org/apache/apache/33/apache-33.pom
2025-11-07 20:56:33,239 [Worker-10: Building] INFO  o.e.m.c.i.e.AbstractTransferListenerAdapter - Downloaded https://repo.maven.apache.org/maven2/org/apache/apache/33/apache-33.pom
2025-11-07 20:56:33,329 [Worker-10: Building] INFO  o.e.m.c.i.e.AbstractTransferListenerAdapter - Downloading https://repo.maven.apache.org/maven2/org/assertj/assertj-bom/3.27.3/assertj-bom-3.27.3.pom
2025-11-07 20:56:33,389 [Worker-10: Building] INFO  o.e.m.c.i.e.AbstractTransferListenerAdapter - Downloaded https://repo.maven.apache.org/maven2/org/assertj/assertj-bom/3.27.3/assertj-bom-3.27.3.pom
2025-11-07 20:56:33,483 [Worker-10: Building] INFO  o.e.m.c.i.e.AbstractTransferListenerAdapter - Downloading https://repo.maven.apache.org/maven2/io/zipkin/reporter2/zipkin-reporter-bom/3.5.1/zipkin-reporter-bom-3.5.1.pom
2025-11-07 20:56:33,553 [Worker-10: Building] INFO  o.e.m.c.i.e.AbstractTransferListenerAdapter - Downloaded https://repo.maven.apache.org/maven2/io/zipkin/reporter2/zipkin-reporter-bom/3.5.1/zipkin-reporter-bom-3.5.1.pom
2025-11-07 20:56:33,643 [Worker-10: Building] INFO  o.e.m.c.i.e.AbstractTransferListenerAdapter - Downloading https://repo.maven.apache.org/maven2/io/zipkin/brave/brave-bom/6.1.0/brave-bom-6.1.0.pom
2025-11-07 20:56:33,760 [Worker-10: Building] INFO  o.e.m.c.i.e.AbstractTransferListenerAdapter - Downloaded https://repo.maven.apache.org/maven2/io/zipkin/brave/brave-bom/6.1.0/brave-bom-6.1.0.pom
2025-11-07 20:56:33,839 [Worker-10: Building] INFO  o.e.m.c.i.e.AbstractTransferListenerAdapter - Downloading https://repo.maven.apache.org/maven2/org/apache/cassandra/java-driver-bom/4.19.0/java-driver-bom-4.19.0.pom
2025-11-07 20:56:33,889 [Worker-10: Building] INFO  o.e.m.c.i.e.AbstractTransferListenerAdapter - Downloaded https://repo.maven.apache.org/maven2/org/apache/cassandra/java-driver-bom/4.19.0/java-driver-bom-4.19.0.pom
2025-11-07 20:56:33,964 [Worker-10: Building] INFO  o.e.m.c.i.e.AbstractTransferListenerAdapter - Downloading https://repo.maven.apache.org/maven2/org/glassfish/jaxb/jaxb-bom/4.0.5/jaxb-bom-4.0.5.pom
2025-11-07 20:56:34,042 [Worker-10: Building] INFO  o.e.m.c.i.e.AbstractTransferListenerAdapter - Downloaded https://repo.maven.apache.org/maven2/org/glassfish/jaxb/jaxb-bom/4.0.5/jaxb-bom-4.0.5.pom
2025-11-07 20:56:34,118 [Worker-10: Building] INFO  o.e.m.c.i.e.AbstractTransferListenerAdapter - Downloading https://repo.maven.apache.org/maven2/org/eclipse/ee4j/project/1.0.9/project-1.0.9.pom
2025-11-07 20:56:34,208 [Worker-10: Building] INFO  o.e.m.c.i.e.AbstractTransferListenerAdapter - Downloaded https://repo.maven.apache.org/maven2/org/eclipse/ee4j/project/1.0.9/project-1.0.9.pom
2025-11-07 20:56:34,281 [Worker-10: Building] INFO  o.e.m.c.i.e.AbstractTransferListenerAdapter - Downloading https://repo.maven.apache.org/maven2/org/apache/groovy/groovy-bom/4.0.28/groovy-bom-4.0.28.pom
2025-11-07 20:56:34,362 [Worker-10: Building] INFO  o.e.m.c.i.e.AbstractTransferListenerAdapter - Downloaded https://repo.maven.apache.org/maven2/org/apache/groovy/groovy-bom/4.0.28/groovy-bom-4.0.28.pom
2025-11-07 20:56:34,448 [Worker-10: Building] INFO  o.e.m.c.i.e.AbstractTransferListenerAdapter - Downloading https://repo.maven.apache.org/maven2/org/infinispan/infinispan-bom/15.2.5.Final/infinispan-bom-15.2.5.Final.pom
2025-11-07 20:56:34,527 [Worker-10: Building] INFO  o.e.m.c.i.e.AbstractTransferListenerAdapter - Downloaded https://repo.maven.apache.org/maven2/org/infinispan/infinispan-bom/15.2.5.Final/infinispan-bom-15.2.5.Final.pom
2025-11-07 20:56:34,606 [Worker-10: Building] INFO  o.e.m.c.i.e.AbstractTransferListenerAdapter - Downloading https://repo.maven.apache.org/maven2/org/infinispan/infinispan-build-configuration-parent/15.2.5.Final/infinispan-build-configuration-parent-15.2.5.Final.pom
2025-11-07 20:56:34,696 [Worker-10: Building] INFO  o.e.m.c.i.e.AbstractTransferListenerAdapter - Downloaded https://repo.maven.apache.org/maven2/org/infinispan/infinispan-build-configuration-parent/15.2.5.Final/infinispan-build-configuration-parent-15.2.5.Final.pom
2025-11-07 20:56:34,779 [Worker-10: Building] INFO  o.e.m.c.i.e.AbstractTransferListenerAdapter - Downloading https://repo.maven.apache.org/maven2/com/fasterxml/jackson/jackson-bom/2.19.2/jackson-bom-2.19.2.pom
2025-11-07 20:56:34,856 [Worker-10: Building] INFO  o.e.m.c.i.e.AbstractTransferListenerAdapter - Downloaded https://repo.maven.apache.org/maven2/com/fasterxml/jackson/jackson-bom/2.19.2/jackson-bom-2.19.2.pom
2025-11-07 20:56:34,940 [Worker-10: Building] INFO  o.e.m.c.i.e.AbstractTransferListenerAdapter - Downloading https://repo.maven.apache.org/maven2/com/fasterxml/jackson/jackson-parent/2.19.3/jackson-parent-2.19.3.pom
2025-11-07 20:56:34,994 [Worker-10: Building] INFO  o.e.m.c.i.e.AbstractTransferListenerAdapter - Downloaded https://repo.maven.apache.org/maven2/com/fasterxml/jackson/jackson-parent/2.19.3/jackson-parent-2.19.3.pom
2025-11-07 20:56:35,072 [Worker-10: Building] INFO  o.e.m.c.i.e.AbstractTransferListenerAdapter - Downloading https://repo.maven.apache.org/maven2/com/fasterxml/oss-parent/69/oss-parent-69.pom
2025-11-07 20:56:35,155 [Worker-10: Building] INFO  o.e.m.c.i.e.AbstractTransferListenerAdapter - Downloaded https://repo.maven.apache.org/maven2/com/fasterxml/oss-parent/69/oss-parent-69.pom
2025-11-07 20:56:35,263 [Worker-10: Building] INFO  o.e.m.c.i.e.AbstractTransferListenerAdapter - Downloading https://repo.maven.apache.org/maven2/org/glassfish/jersey/jersey-bom/3.1.10/jersey-bom-3.1.10.pom
2025-11-07 20:56:35,344 [Worker-10: Building] INFO  o.e.m.c.i.e.AbstractTransferListenerAdapter - Downloaded https://repo.maven.apache.org/maven2/org/glassfish/jersey/jersey-bom/3.1.10/jersey-bom-3.1.10.pom
2025-11-07 20:56:35,439 [Worker-10: Building] INFO  o.e.m.c.i.e.AbstractTransferListenerAdapter - Downloading https://repo.maven.apache.org/maven2/org/eclipse/jetty/ee10/jetty-ee10-bom/12.0.23/jetty-ee10-bom-12.0.23.pom
2025-11-07 20:56:35,544 [Worker-10: Building] INFO  o.e.m.c.i.e.AbstractTransferListenerAdapter - Downloaded https://repo.maven.apache.org/maven2/org/eclipse/jetty/ee10/jetty-ee10-bom/12.0.23/jetty-ee10-bom-12.0.23.pom
2025-11-07 20:56:35,620 [Worker-10: Building] INFO  o.e.m.c.i.e.AbstractTransferListenerAdapter - Downloading https://repo.maven.apache.org/maven2/org/eclipse/jetty/jetty-bom/12.0.23/jetty-bom-12.0.23.pom
2025-11-07 20:56:35,714 [Worker-10: Building] INFO  o.e.m.c.i.e.AbstractTransferListenerAdapter - Downloaded https://repo.maven.apache.org/maven2/org/eclipse/jetty/jetty-bom/12.0.23/jetty-bom-12.0.23.pom
2025-11-07 20:56:35,813 [Worker-10: Building] INFO  o.e.m.c.i.e.AbstractTransferListenerAdapter - Downloading https://repo.maven.apache.org/maven2/org/junit/junit-bom/5.12.2/junit-bom-5.12.2.pom
2025-11-07 20:56:35,937 [Worker-10: Building] INFO  o.e.m.c.i.e.AbstractTransferListenerAdapter - Downloaded https://repo.maven.apache.org/maven2/org/junit/junit-bom/5.12.2/junit-bom-5.12.2.pom
2025-11-07 20:56:36,051 [Worker-10: Building] INFO  o.e.m.c.i.e.AbstractTransferListenerAdapter - Downloading https://repo.maven.apache.org/maven2/org/jetbrains/kotlin/kotlin-bom/1.9.25/kotlin-bom-1.9.25.pom
2025-11-07 20:56:36,235 [Worker-10: Building] INFO  o.e.m.c.i.e.AbstractTransferListenerAdapter - Downloaded https://repo.maven.apache.org/maven2/org/jetbrains/kotlin/kotlin-bom/1.9.25/kotlin-bom-1.9.25.pom
2025-11-07 20:56:36,401 [Worker-10: Building] INFO  o.e.m.c.i.e.AbstractTransferListenerAdapter - Downloading https://repo.maven.apache.org/maven2/org/jetbrains/kotlinx/kotlinx-coroutines-bom/1.8.1/kotlinx-coroutines-bom-1.8.1.pom
2025-11-07 20:56:36,554 [Worker-10: Building] INFO  o.e.m.c.i.e.AbstractTransferListenerAdapter - Downloaded https://repo.maven.apache.org/maven2/org/jetbrains/kotlinx/kotlinx-coroutines-bom/1.8.1/kotlinx-coroutines-bom-1.8.1.pom
2025-11-07 20:56:36,698 [Worker-10: Building] INFO  o.e.m.c.i.e.AbstractTransferListenerAdapter - Downloading https://repo.maven.apache.org/maven2/org/jetbrains/kotlinx/kotlinx-serialization-bom/1.6.3/kotlinx-serialization-bom-1.6.3.pom
2025-11-07 20:56:36,792 [Worker-10: Building] INFO  o.e.m.c.i.e.AbstractTransferListenerAdapter - Downloaded https://repo.maven.apache.org/maven2/org/jetbrains/kotlinx/kotlinx-serialization-bom/1.6.3/kotlinx-serialization-bom-1.6.3.pom
2025-11-07 20:56:36,945 [Worker-10: Building] INFO  o.e.m.c.i.e.AbstractTransferListenerAdapter - Downloading https://repo.maven.apache.org/maven2/org/apache/logging/log4j/log4j-bom/2.24.3/log4j-bom-2.24.3.pom
2025-11-07 20:56:37,086 [Worker-10: Building] INFO  o.e.m.c.i.e.AbstractTransferListenerAdapter - Downloaded https://repo.maven.apache.org/maven2/org/apache/logging/log4j/log4j-bom/2.24.3/log4j-bom-2.24.3.pom
2025-11-07 20:56:37,198 [Worker-10: Building] INFO  o.e.m.c.i.e.AbstractTransferListenerAdapter - Downloading https://repo.maven.apache.org/maven2/org/apache/logging/logging-parent/11.3.0/logging-parent-11.3.0.pom
2025-11-07 20:56:37,458 [Worker-10: Building] INFO  o.e.m.c.i.e.AbstractTransferListenerAdapter - Downloaded https://repo.maven.apache.org/maven2/org/apache/logging/logging-parent/11.3.0/logging-parent-11.3.0.pom
2025-11-07 20:56:38,010 [Worker-10: Building] INFO  o.e.m.c.i.e.AbstractTransferListenerAdapter - Downloading https://repo.maven.apache.org/maven2/io/micrometer/micrometer-bom/1.15.2/micrometer-bom-1.15.2.pom
2025-11-07 20:56:38,315 [Worker-10: Building] INFO  o.e.m.c.i.e.AbstractTransferListenerAdapter - Downloaded https://repo.maven.apache.org/maven2/io/micrometer/micrometer-bom/1.15.2/micrometer-bom-1.15.2.pom
2025-11-07 20:56:38,486 [Worker-10: Building] INFO  o.e.m.c.i.e.AbstractTransferListenerAdapter - Downloading https://repo.maven.apache.org/maven2/io/micrometer/micrometer-tracing-bom/1.5.2/micrometer-tracing-bom-1.5.2.pom
2025-11-07 20:56:38,641 [Worker-10: Building] INFO  o.e.m.c.i.e.AbstractTransferListenerAdapter - Downloaded https://repo.maven.apache.org/maven2/io/micrometer/micrometer-tracing-bom/1.5.2/micrometer-tracing-bom-1.5.2.pom
2025-11-07 20:56:38,779 [Worker-10: Building] INFO  o.e.m.c.i.e.AbstractTransferListenerAdapter - Downloading https://repo.maven.apache.org/maven2/org/mockito/mockito-bom/5.17.0/mockito-bom-5.17.0.pom
2025-11-07 20:56:38,850 [Worker-10: Building] INFO  o.e.m.c.i.e.AbstractTransferListenerAdapter - Downloaded https://repo.maven.apache.org/maven2/org/mockito/mockito-bom/5.17.0/mockito-bom-5.17.0.pom
2025-11-07 20:56:38,973 [Worker-10: Building] INFO  o.e.m.c.i.e.AbstractTransferListenerAdapter - Downloading https://repo.maven.apache.org/maven2/org/mongodb/mongodb-driver-bom/5.5.1/mongodb-driver-bom-5.5.1.pom
2025-11-07 20:56:39,084 [Worker-10: Building] INFO  o.e.m.c.i.e.AbstractTransferListenerAdapter - Downloaded https://repo.maven.apache.org/maven2/org/mongodb/mongodb-driver-bom/5.5.1/mongodb-driver-bom-5.5.1.pom
2025-11-07 20:56:39,216 [Worker-10: Building] INFO  o.e.m.c.i.e.AbstractTransferListenerAdapter - Downloading https://repo.maven.apache.org/maven2/io/netty/netty-bom/4.1.123.Final/netty-bom-4.1.123.Final.pom
2025-11-07 20:56:39,472 [Worker-10: Building] INFO  o.e.m.c.i.e.AbstractTransferListenerAdapter - Downloaded https://repo.maven.apache.org/maven2/io/netty/netty-bom/4.1.123.Final/netty-bom-4.1.123.Final.pom
2025-11-07 20:56:39,629 [Worker-10: Building] INFO  o.e.m.c.i.e.AbstractTransferListenerAdapter - Downloading https://repo.maven.apache.org/maven2/org/sonatype/oss/oss-parent/7/oss-parent-7.pom
2025-11-07 20:56:39,750 [Worker-10: Building] INFO  o.e.m.c.i.e.AbstractTransferListenerAdapter - Downloaded https://repo.maven.apache.org/maven2/org/sonatype/oss/oss-parent/7/oss-parent-7.pom
2025-11-07 20:56:39,873 [Worker-10: Building] INFO  o.e.m.c.i.e.AbstractTransferListenerAdapter - Downloading https://repo.maven.apache.org/maven2/io/opentelemetry/opentelemetry-bom/1.49.0/opentelemetry-bom-1.49.0.pom
2025-11-07 20:56:39,962 [Worker-10: Building] INFO  o.e.m.c.i.e.AbstractTransferListenerAdapter - Downloaded https://repo.maven.apache.org/maven2/io/opentelemetry/opentelemetry-bom/1.49.0/opentelemetry-bom-1.49.0.pom
2025-11-07 20:56:40,087 [Worker-10: Building] INFO  o.e.m.c.i.e.AbstractTransferListenerAdapter - Downloading https://repo.maven.apache.org/maven2/io/prometheus/prometheus-metrics-bom/1.3.10/prometheus-metrics-bom-1.3.10.pom
2025-11-07 20:56:40,175 [Worker-10: Building] INFO  o.e.m.c.i.e.AbstractTransferListenerAdapter - Downloaded https://repo.maven.apache.org/maven2/io/prometheus/prometheus-metrics-bom/1.3.10/prometheus-metrics-bom-1.3.10.pom
2025-11-07 20:56:40,283 [Worker-10: Building] INFO  o.e.m.c.i.e.AbstractTransferListenerAdapter - Downloading https://repo.maven.apache.org/maven2/io/prometheus/client_java_parent/1.3.10/client_java_parent-1.3.10.pom
2025-11-07 20:56:40,371 [Worker-10: Building] INFO  o.e.m.c.i.e.AbstractTransferListenerAdapter - Downloaded https://repo.maven.apache.org/maven2/io/prometheus/client_java_parent/1.3.10/client_java_parent-1.3.10.pom
2025-11-07 20:56:40,525 [Worker-10: Building] INFO  o.e.m.c.i.e.AbstractTransferListenerAdapter - Downloading https://repo.maven.apache.org/maven2/io/prometheus/simpleclient_bom/0.16.0/simpleclient_bom-0.16.0.pom
2025-11-07 20:56:40,606 [Worker-10: Building] INFO  o.e.m.c.i.e.AbstractTransferListenerAdapter - Downloaded https://repo.maven.apache.org/maven2/io/prometheus/simpleclient_bom/0.16.0/simpleclient_bom-0.16.0.pom
2025-11-07 20:56:40,728 [Worker-10: Building] INFO  o.e.m.c.i.e.AbstractTransferListenerAdapter - Downloading https://repo.maven.apache.org/maven2/io/prometheus/parent/0.16.0/parent-0.16.0.pom
2025-11-07 20:56:40,901 [Worker-10: Building] INFO  o.e.m.c.i.e.AbstractTransferListenerAdapter - Downloaded https://repo.maven.apache.org/maven2/io/prometheus/parent/0.16.0/parent-0.16.0.pom
2025-11-07 20:56:41,029 [Worker-10: Building] INFO  o.e.m.c.i.e.AbstractTransferListenerAdapter - Downloading https://repo.maven.apache.org/maven2/org/apache/pulsar/pulsar-bom/4.0.5/pulsar-bom-4.0.5.pom
2025-11-07 20:56:41,223 [Worker-10: Building] INFO  o.e.m.c.i.e.AbstractTransferListenerAdapter - Downloaded https://repo.maven.apache.org/maven2/org/apache/pulsar/pulsar-bom/4.0.5/pulsar-bom-4.0.5.pom
2025-11-07 20:56:41,318 [Worker-10: Building] INFO  o.e.m.c.i.e.AbstractTransferListenerAdapter - Downloading https://repo.maven.apache.org/maven2/org/apache/apache/29/apache-29.pom
2025-11-07 20:56:41,457 [Worker-10: Building] INFO  o.e.m.c.i.e.AbstractTransferListenerAdapter - Downloaded https://repo.maven.apache.org/maven2/org/apache/apache/29/apache-29.pom
2025-11-07 20:56:41,558 [Worker-10: Building] INFO  o.e.m.c.i.e.AbstractTransferListenerAdapter - Downloading https://repo.maven.apache.org/maven2/org/apache/pulsar/pulsar-client-reactive-bom/0.6.0/pulsar-client-reactive-bom-0.6.0.pom
2025-11-07 20:56:41,634 [Worker-10: Building] INFO  o.e.m.c.i.e.AbstractTransferListenerAdapter - Downloaded https://repo.maven.apache.org/maven2/org/apache/pulsar/pulsar-client-reactive-bom/0.6.0/pulsar-client-reactive-bom-0.6.0.pom
2025-11-07 20:56:41,722 [Worker-10: Building] INFO  o.e.m.c.i.e.AbstractTransferListenerAdapter - Downloading https://repo.maven.apache.org/maven2/com/querydsl/querydsl-bom/5.1.0/querydsl-bom-5.1.0.pom
2025-11-07 20:56:41,794 [Worker-10: Building] INFO  o.e.m.c.i.e.AbstractTransferListenerAdapter - Downloaded https://repo.maven.apache.org/maven2/com/querydsl/querydsl-bom/5.1.0/querydsl-bom-5.1.0.pom
2025-11-07 20:56:41,889 [Worker-10: Building] INFO  o.e.m.c.i.e.AbstractTransferListenerAdapter - Downloading https://repo.maven.apache.org/maven2/io/projectreactor/reactor-bom/2024.0.8/reactor-bom-2024.0.8.pom
2025-11-07 20:56:41,938 [Worker-10: Building] INFO  o.e.m.c.i.e.AbstractTransferListenerAdapter - Downloaded https://repo.maven.apache.org/maven2/io/projectreactor/reactor-bom/2024.0.8/reactor-bom-2024.0.8.pom
2025-11-07 20:56:42,022 [Worker-10: Building] INFO  o.e.m.c.i.e.AbstractTransferListenerAdapter - Downloading https://repo.maven.apache.org/maven2/io/rest-assured/rest-assured-bom/5.5.5/rest-assured-bom-5.5.5.pom
2025-11-07 20:56:42,067 [Worker-10: Building] INFO  o.e.m.c.i.e.AbstractTransferListenerAdapter - Downloaded https://repo.maven.apache.org/maven2/io/rest-assured/rest-assured-bom/5.5.5/rest-assured-bom-5.5.5.pom
2025-11-07 20:56:42,142 [Worker-10: Building] INFO  o.e.m.c.i.e.AbstractTransferListenerAdapter - Downloading https://repo.maven.apache.org/maven2/io/rsocket/rsocket-bom/1.1.5/rsocket-bom-1.1.5.pom
2025-11-07 20:56:42,196 [Worker-10: Building] INFO  o.e.m.c.i.e.AbstractTransferListenerAdapter - Downloaded https://repo.maven.apache.org/maven2/io/rsocket/rsocket-bom/1.1.5/rsocket-bom-1.1.5.pom
2025-11-07 20:56:42,311 [Worker-10: Building] INFO  o.e.m.c.i.e.AbstractTransferListenerAdapter - Downloading https://repo.maven.apache.org/maven2/org/seleniumhq/selenium/selenium-bom/4.31.0/selenium-bom-4.31.0.pom
2025-11-07 20:56:42,360 [Worker-10: Building] INFO  o.e.m.c.i.e.AbstractTransferListenerAdapter - Downloaded https://repo.maven.apache.org/maven2/org/seleniumhq/selenium/selenium-bom/4.31.0/selenium-bom-4.31.0.pom
2025-11-07 20:56:42,438 [Worker-10: Building] INFO  o.e.m.c.i.e.AbstractTransferListenerAdapter - Downloading https://repo.maven.apache.org/maven2/org/springframework/amqp/spring-amqp-bom/3.2.6/spring-amqp-bom-3.2.6.pom
2025-11-07 20:56:42,493 [Worker-10: Building] INFO  o.e.m.c.i.e.AbstractTransferListenerAdapter - Downloaded https://repo.maven.apache.org/maven2/org/springframework/amqp/spring-amqp-bom/3.2.6/spring-amqp-bom-3.2.6.pom
2025-11-07 20:56:42,579 [Worker-10: Building] INFO  o.e.m.c.i.e.AbstractTransferListenerAdapter - Downloading https://repo.maven.apache.org/maven2/org/springframework/batch/spring-batch-bom/5.2.2/spring-batch-bom-5.2.2.pom
2025-11-07 20:56:42,637 [Worker-10: Building] INFO  o.e.m.c.i.e.AbstractTransferListenerAdapter - Downloaded https://repo.maven.apache.org/maven2/org/springframework/batch/spring-batch-bom/5.2.2/spring-batch-bom-5.2.2.pom
2025-11-07 20:56:42,716 [Worker-10: Building] INFO  o.e.m.c.i.e.AbstractTransferListenerAdapter - Downloading https://repo.maven.apache.org/maven2/org/springframework/data/spring-data-bom/2025.0.2/spring-data-bom-2025.0.2.pom
2025-11-07 20:56:42,782 [Worker-10: Building] INFO  o.e.m.c.i.e.AbstractTransferListenerAdapter - Downloaded https://repo.maven.apache.org/maven2/org/springframework/data/spring-data-bom/2025.0.2/spring-data-bom-2025.0.2.pom
2025-11-07 20:56:42,856 [Worker-10: Building] INFO  o.e.m.c.i.e.AbstractTransferListenerAdapter - Downloading https://repo.maven.apache.org/maven2/org/springframework/spring-framework-bom/6.2.9/spring-framework-bom-6.2.9.pom
2025-11-07 20:56:42,923 [Worker-10: Building] INFO  o.e.m.c.i.e.AbstractTransferListenerAdapter - Downloaded https://repo.maven.apache.org/maven2/org/springframework/spring-framework-bom/6.2.9/spring-framework-bom-6.2.9.pom
2025-11-07 20:56:43,042 [Worker-10: Building] INFO  o.e.m.c.i.e.AbstractTransferListenerAdapter - Downloading https://repo.maven.apache.org/maven2/org/springframework/integration/spring-integration-bom/6.5.1/spring-integration-bom-6.5.1.pom
2025-11-07 20:56:43,156 [Worker-10: Building] INFO  o.e.m.c.i.e.AbstractTransferListenerAdapter - Downloaded https://repo.maven.apache.org/maven2/org/springframework/integration/spring-integration-bom/6.5.1/spring-integration-bom-6.5.1.pom
2025-11-07 20:56:43,252 [Worker-10: Building] INFO  o.e.m.c.i.e.AbstractTransferListenerAdapter - Downloading https://repo.maven.apache.org/maven2/org/springframework/pulsar/spring-pulsar-bom/1.2.8/spring-pulsar-bom-1.2.8.pom
2025-11-07 20:56:43,326 [Worker-10: Building] INFO  o.e.m.c.i.e.AbstractTransferListenerAdapter - Downloaded https://repo.maven.apache.org/maven2/org/springframework/pulsar/spring-pulsar-bom/1.2.8/spring-pulsar-bom-1.2.8.pom
2025-11-07 20:56:43,410 [Worker-10: Building] INFO  o.e.m.c.i.e.AbstractTransferListenerAdapter - Downloading https://repo.maven.apache.org/maven2/org/springframework/restdocs/spring-restdocs-bom/3.0.4/spring-restdocs-bom-3.0.4.pom
2025-11-07 20:56:43,496 [Worker-10: Building] INFO  o.e.m.c.i.e.AbstractTransferListenerAdapter - Downloaded https://repo.maven.apache.org/maven2/org/springframework/restdocs/spring-restdocs-bom/3.0.4/spring-restdocs-bom-3.0.4.pom
2025-11-07 20:56:43,590 [Worker-10: Building] INFO  o.e.m.c.i.e.AbstractTransferListenerAdapter - Downloading https://repo.maven.apache.org/maven2/org/springframework/security/spring-security-bom/6.5.2/spring-security-bom-6.5.2.pom
2025-11-07 20:56:43,655 [Worker-10: Building] INFO  o.e.m.c.i.e.AbstractTransferListenerAdapter - Downloaded https://repo.maven.apache.org/maven2/org/springframework/security/spring-security-bom/6.5.2/spring-security-bom-6.5.2.pom
2025-11-07 20:56:43,747 [Worker-10: Building] INFO  o.e.m.c.i.e.AbstractTransferListenerAdapter - Downloading https://repo.maven.apache.org/maven2/org/springframework/session/spring-session-bom/3.5.1/spring-session-bom-3.5.1.pom
2025-11-07 20:56:43,827 [Worker-10: Building] INFO  o.e.m.c.i.e.AbstractTransferListenerAdapter - Downloaded https://repo.maven.apache.org/maven2/org/springframework/session/spring-session-bom/3.5.1/spring-session-bom-3.5.1.pom
2025-11-07 20:56:43,920 [Worker-10: Building] INFO  o.e.m.c.i.e.AbstractTransferListenerAdapter - Downloading https://repo.maven.apache.org/maven2/org/springframework/ws/spring-ws-bom/4.1.1/spring-ws-bom-4.1.1.pom
2025-11-07 20:56:43,988 [Worker-10: Building] INFO  o.e.m.c.i.e.AbstractTransferListenerAdapter - Downloaded https://repo.maven.apache.org/maven2/org/springframework/ws/spring-ws-bom/4.1.1/spring-ws-bom-4.1.1.pom
2025-11-07 20:56:44,077 [Worker-10: Building] INFO  o.e.m.c.i.e.AbstractTransferListenerAdapter - Downloading https://repo.maven.apache.org/maven2/org/testcontainers/testcontainers-bom/1.21.3/testcontainers-bom-1.21.3.pom
2025-11-07 20:56:44,175 [Worker-10: Building] INFO  o.e.m.c.i.e.AbstractTransferListenerAdapter - Downloaded https://repo.maven.apache.org/maven2/org/testcontainers/testcontainers-bom/1.21.3/testcontainers-bom-1.21.3.pom
2025-11-07 20:56:44,923 [Worker-10: Building] INFO  o.e.m.c.i.e.AbstractTransferListenerAdapter - Downloading https://repo.maven.apache.org/maven2/org/springframework/boot/spring-boot-starter/3.5.4/spring-boot-starter-3.5.4.pom
2025-11-07 20:56:44,971 [Worker-10: Building] INFO  o.e.m.c.i.e.AbstractTransferListenerAdapter - Downloaded https://repo.maven.apache.org/maven2/org/springframework/boot/spring-boot-starter/3.5.4/spring-boot-starter-3.5.4.pom
2025-11-07 20:56:45,050 [Worker-10: Building] INFO  o.e.m.c.i.e.AbstractTransferListenerAdapter - Downloading https://repo.maven.apache.org/maven2/org/springframework/boot/spring-boot/3.5.4/spring-boot-3.5.4.pom
2025-11-07 20:56:45,098 [Worker-10: Building] INFO  o.e.m.c.i.e.AbstractTransferListenerAdapter - Downloaded https://repo.maven.apache.org/maven2/org/springframework/boot/spring-boot/3.5.4/spring-boot-3.5.4.pom
2025-11-07 20:56:45,166 [Worker-10: Building] INFO  o.e.m.c.i.e.AbstractTransferListenerAdapter - Downloading https://repo.maven.apache.org/maven2/org/springframework/spring-core/6.2.9/spring-core-6.2.9.pom
2025-11-07 20:56:45,215 [Worker-10: Building] INFO  o.e.m.c.i.e.AbstractTransferListenerAdapter - Downloaded https://repo.maven.apache.org/maven2/org/springframework/spring-core/6.2.9/spring-core-6.2.9.pom
2025-11-07 20:56:45,286 [Worker-10: Building] INFO  o.e.m.c.i.e.AbstractTransferListenerAdapter - Downloading https://repo.maven.apache.org/maven2/org/springframework/spring-jcl/6.2.9/spring-jcl-6.2.9.pom
2025-11-07 20:56:45,334 [Worker-10: Building] INFO  o.e.m.c.i.e.AbstractTransferListenerAdapter - Downloaded https://repo.maven.apache.org/maven2/org/springframework/spring-jcl/6.2.9/spring-jcl-6.2.9.pom
2025-11-07 20:56:45,424 [Worker-10: Building] INFO  o.e.m.c.i.e.AbstractTransferListenerAdapter - Downloading https://repo.maven.apache.org/maven2/org/springframework/spring-context/6.2.9/spring-context-6.2.9.pom
2025-11-07 20:56:45,484 [Worker-10: Building] INFO  o.e.m.c.i.e.AbstractTransferListenerAdapter - Downloaded https://repo.maven.apache.org/maven2/org/springframework/spring-context/6.2.9/spring-context-6.2.9.pom
2025-11-07 20:56:45,556 [Worker-10: Building] INFO  o.e.m.c.i.e.AbstractTransferListenerAdapter - Downloading https://repo.maven.apache.org/maven2/org/springframework/spring-aop/6.2.9/spring-aop-6.2.9.pom
2025-11-07 20:56:45,603 [Worker-10: Building] INFO  o.e.m.c.i.e.AbstractTransferListenerAdapter - Downloaded https://repo.maven.apache.org/maven2/org/springframework/spring-aop/6.2.9/spring-aop-6.2.9.pom
2025-11-07 20:56:45,678 [Worker-10: Building] INFO  o.e.m.c.i.e.AbstractTransferListenerAdapter - Downloading https://repo.maven.apache.org/maven2/org/springframework/spring-beans/6.2.9/spring-beans-6.2.9.pom
2025-11-07 20:56:45,723 [Worker-10: Building] INFO  o.e.m.c.i.e.AbstractTransferListenerAdapter - Downloaded https://repo.maven.apache.org/maven2/org/springframework/spring-beans/6.2.9/spring-beans-6.2.9.pom
2025-11-07 20:56:45,798 [Worker-10: Building] INFO  o.e.m.c.i.e.AbstractTransferListenerAdapter - Downloading https://repo.maven.apache.org/maven2/org/springframework/spring-expression/6.2.9/spring-expression-6.2.9.pom
2025-11-07 20:56:45,843 [Worker-10: Building] INFO  o.e.m.c.i.e.AbstractTransferListenerAdapter - Downloaded https://repo.maven.apache.org/maven2/org/springframework/spring-expression/6.2.9/spring-expression-6.2.9.pom
2025-11-07 20:56:45,916 [Worker-10: Building] INFO  o.e.m.c.i.e.AbstractTransferListenerAdapter - Downloading https://repo.maven.apache.org/maven2/io/micrometer/micrometer-observation/1.15.2/micrometer-observation-1.15.2.pom
2025-11-07 20:56:45,962 [Worker-10: Building] INFO  o.e.m.c.i.e.AbstractTransferListenerAdapter - Downloaded https://repo.maven.apache.org/maven2/io/micrometer/micrometer-observation/1.15.2/micrometer-observation-1.15.2.pom
2025-11-07 20:56:46,032 [Worker-10: Building] INFO  o.e.m.c.i.e.AbstractTransferListenerAdapter - Downloading https://repo.maven.apache.org/maven2/io/micrometer/micrometer-commons/1.15.2/micrometer-commons-1.15.2.pom
2025-11-07 20:56:46,084 [Worker-10: Building] INFO  o.e.m.c.i.e.AbstractTransferListenerAdapter - Downloaded https://repo.maven.apache.org/maven2/io/micrometer/micrometer-commons/1.15.2/micrometer-commons-1.15.2.pom
2025-11-07 20:56:46,167 [Worker-10: Building] INFO  o.e.m.c.i.e.AbstractTransferListenerAdapter - Downloading https://repo.maven.apache.org/maven2/org/springframework/boot/spring-boot-autoconfigure/3.5.4/spring-boot-autoconfigure-3.5.4.pom
2025-11-07 20:56:46,223 [Worker-10: Building] INFO  o.e.m.c.i.e.AbstractTransferListenerAdapter - Downloaded https://repo.maven.apache.org/maven2/org/springframework/boot/spring-boot-autoconfigure/3.5.4/spring-boot-autoconfigure-3.5.4.pom
2025-11-07 20:56:46,301 [Worker-10: Building] INFO  o.e.m.c.i.e.AbstractTransferListenerAdapter - Downloading https://repo.maven.apache.org/maven2/org/springframework/boot/spring-boot-starter-logging/3.5.4/spring-boot-starter-logging-3.5.4.pom
2025-11-07 20:56:46,347 [Worker-10: Building] INFO  o.e.m.c.i.e.AbstractTransferListenerAdapter - Downloaded https://repo.maven.apache.org/maven2/org/springframework/boot/spring-boot-starter-logging/3.5.4/spring-boot-starter-logging-3.5.4.pom
2025-11-07 20:56:46,417 [Worker-10: Building] INFO  o.e.m.c.i.e.AbstractTransferListenerAdapter - Downloading https://repo.maven.apache.org/maven2/ch/qos/logback/logback-classic/1.5.18/logback-classic-1.5.18.pom
2025-11-07 20:56:46,494 [Worker-10: Building] INFO  o.e.m.c.i.e.AbstractTransferListenerAdapter - Downloaded https://repo.maven.apache.org/maven2/ch/qos/logback/logback-classic/1.5.18/logback-classic-1.5.18.pom
2025-11-07 20:56:46,580 [Worker-10: Building] INFO  o.e.m.c.i.e.AbstractTransferListenerAdapter - Downloading https://repo.maven.apache.org/maven2/ch/qos/logback/logback-parent/1.5.18/logback-parent-1.5.18.pom
2025-11-07 20:56:46,667 [Worker-10: Building] INFO  o.e.m.c.i.e.AbstractTransferListenerAdapter - Downloaded https://repo.maven.apache.org/maven2/ch/qos/logback/logback-parent/1.5.18/logback-parent-1.5.18.pom
2025-11-07 20:56:46,744 [Worker-10: Building] INFO  o.e.m.c.i.e.AbstractTransferListenerAdapter - Downloading https://repo.maven.apache.org/maven2/ch/qos/logback/logback-core/1.5.18/logback-core-1.5.18.pom
2025-11-07 20:56:46,823 [Worker-10: Building] INFO  o.e.m.c.i.e.AbstractTransferListenerAdapter - Downloaded https://repo.maven.apache.org/maven2/ch/qos/logback/logback-core/1.5.18/logback-core-1.5.18.pom
2025-11-07 20:56:46,900 [Worker-10: Building] INFO  o.e.m.c.i.e.AbstractTransferListenerAdapter - Downloading https://repo.maven.apache.org/maven2/org/slf4j/slf4j-api/2.0.17/slf4j-api-2.0.17.pom
2025-11-07 20:56:46,948 [Worker-10: Building] INFO  o.e.m.c.i.e.AbstractTransferListenerAdapter - Downloaded https://repo.maven.apache.org/maven2/org/slf4j/slf4j-api/2.0.17/slf4j-api-2.0.17.pom
2025-11-07 20:56:47,018 [Worker-10: Building] INFO  o.e.m.c.i.e.AbstractTransferListenerAdapter - Downloading https://repo.maven.apache.org/maven2/org/slf4j/slf4j-parent/2.0.17/slf4j-parent-2.0.17.pom
2025-11-07 20:56:47,100 [Worker-10: Building] INFO  o.e.m.c.i.e.AbstractTransferListenerAdapter - Downloaded https://repo.maven.apache.org/maven2/org/slf4j/slf4j-parent/2.0.17/slf4j-parent-2.0.17.pom
2025-11-07 20:56:47,175 [Worker-10: Building] INFO  o.e.m.c.i.e.AbstractTransferListenerAdapter - Downloading https://repo.maven.apache.org/maven2/org/slf4j/slf4j-bom/2.0.17/slf4j-bom-2.0.17.pom
2025-11-07 20:56:47,221 [Worker-10: Building] INFO  o.e.m.c.i.e.AbstractTransferListenerAdapter - Downloaded https://repo.maven.apache.org/maven2/org/slf4j/slf4j-bom/2.0.17/slf4j-bom-2.0.17.pom
2025-11-07 20:56:47,293 [Worker-10: Building] INFO  o.e.m.c.i.e.AbstractTransferListenerAdapter - Downloading https://repo.maven.apache.org/maven2/org/apache/logging/log4j/log4j-to-slf4j/2.24.3/log4j-to-slf4j-2.24.3.pom
2025-11-07 20:56:47,345 [Worker-10: Building] INFO  o.e.m.c.i.e.AbstractTransferListenerAdapter - Downloaded https://repo.maven.apache.org/maven2/org/apache/logging/log4j/log4j-to-slf4j/2.24.3/log4j-to-slf4j-2.24.3.pom
2025-11-07 20:56:47,417 [Worker-10: Building] INFO  o.e.m.c.i.e.AbstractTransferListenerAdapter - Downloading https://repo.maven.apache.org/maven2/org/apache/logging/log4j/log4j/2.24.3/log4j-2.24.3.pom
2025-11-07 20:56:47,555 [Worker-10: Building] INFO  o.e.m.c.i.e.AbstractTransferListenerAdapter - Downloaded https://repo.maven.apache.org/maven2/org/apache/logging/log4j/log4j/2.24.3/log4j-2.24.3.pom
2025-11-07 20:56:47,654 [Worker-10: Building] INFO  o.e.m.c.i.e.AbstractTransferListenerAdapter - Downloading https://repo.maven.apache.org/maven2/org/apache/groovy/groovy-bom/4.0.22/groovy-bom-4.0.22.pom
2025-11-07 20:56:47,739 [Worker-10: Building] INFO  o.e.m.c.i.e.AbstractTransferListenerAdapter - Downloaded https://repo.maven.apache.org/maven2/org/apache/groovy/groovy-bom/4.0.22/groovy-bom-4.0.22.pom
2025-11-07 20:56:47,808 [Worker-10: Building] INFO  o.e.m.c.i.e.AbstractTransferListenerAdapter - Downloading https://repo.maven.apache.org/maven2/com/fasterxml/jackson/jackson-bom/2.17.2/jackson-bom-2.17.2.pom
2025-11-07 20:56:47,925 [Worker-10: Building] INFO  o.e.m.c.i.e.AbstractTransferListenerAdapter - Downloaded https://repo.maven.apache.org/maven2/com/fasterxml/jackson/jackson-bom/2.17.2/jackson-bom-2.17.2.pom
2025-11-07 20:56:48,005 [Worker-10: Building] INFO  o.e.m.c.i.e.AbstractTransferListenerAdapter - Downloading https://repo.maven.apache.org/maven2/com/fasterxml/jackson/jackson-parent/2.17/jackson-parent-2.17.pom
2025-11-07 20:56:48,058 [Worker-10: Building] INFO  o.e.m.c.i.e.AbstractTransferListenerAdapter - Downloaded https://repo.maven.apache.org/maven2/com/fasterxml/jackson/jackson-parent/2.17/jackson-parent-2.17.pom
2025-11-07 20:56:48,142 [Worker-10: Building] INFO  o.e.m.c.i.e.AbstractTransferListenerAdapter - Downloading https://repo.maven.apache.org/maven2/com/fasterxml/oss-parent/58/oss-parent-58.pom
2025-11-07 20:56:48,227 [Worker-10: Building] INFO  o.e.m.c.i.e.AbstractTransferListenerAdapter - Downloaded https://repo.maven.apache.org/maven2/com/fasterxml/oss-parent/58/oss-parent-58.pom
2025-11-07 20:56:48,302 [Worker-10: Building] INFO  o.e.m.c.i.e.AbstractTransferListenerAdapter - Downloading https://repo.maven.apache.org/maven2/jakarta/platform/jakarta.jakartaee-bom/9.1.0/jakarta.jakartaee-bom-9.1.0.pom
2025-11-07 20:56:48,377 [Worker-10: Building] INFO  o.e.m.c.i.e.AbstractTransferListenerAdapter - Downloaded https://repo.maven.apache.org/maven2/jakarta/platform/jakarta.jakartaee-bom/9.1.0/jakarta.jakartaee-bom-9.1.0.pom
2025-11-07 20:56:48,453 [Worker-10: Building] INFO  o.e.m.c.i.e.AbstractTransferListenerAdapter - Downloading https://repo.maven.apache.org/maven2/jakarta/platform/jakartaee-api-parent/9.1.0/jakartaee-api-parent-9.1.0.pom
2025-11-07 20:56:48,534 [Worker-10: Building] INFO  o.e.m.c.i.e.AbstractTransferListenerAdapter - Downloaded https://repo.maven.apache.org/maven2/jakarta/platform/jakartaee-api-parent/9.1.0/jakartaee-api-parent-9.1.0.pom
2025-11-07 20:56:48,604 [Worker-10: Building] INFO  o.e.m.c.i.e.AbstractTransferListenerAdapter - Downloading https://repo.maven.apache.org/maven2/org/eclipse/ee4j/project/1.0.7/project-1.0.7.pom
2025-11-07 20:56:48,688 [Worker-10: Building] INFO  o.e.m.c.i.e.AbstractTransferListenerAdapter - Downloaded https://repo.maven.apache.org/maven2/org/eclipse/ee4j/project/1.0.7/project-1.0.7.pom
2025-11-07 20:56:48,776 [Worker-10: Building] INFO  o.e.m.c.i.e.AbstractTransferListenerAdapter - Downloading https://repo.maven.apache.org/maven2/org/junit/junit-bom/5.10.3/junit-bom-5.10.3.pom
2025-11-07 20:56:48,831 [Worker-10: Building] INFO  o.e.m.c.i.e.AbstractTransferListenerAdapter - Downloaded https://repo.maven.apache.org/maven2/org/junit/junit-bom/5.10.3/junit-bom-5.10.3.pom
2025-11-07 20:56:48,905 [Worker-10: Building] INFO  o.e.m.c.i.e.AbstractTransferListenerAdapter - Downloading https://repo.maven.apache.org/maven2/org/mockito/mockito-bom/4.11.0/mockito-bom-4.11.0.pom
2025-11-07 20:56:48,956 [Worker-10: Building] INFO  o.e.m.c.i.e.AbstractTransferListenerAdapter - Downloaded https://repo.maven.apache.org/maven2/org/mockito/mockito-bom/4.11.0/mockito-bom-4.11.0.pom
2025-11-07 20:56:49,029 [Worker-10: Building] INFO  o.e.m.c.i.e.AbstractTransferListenerAdapter - Downloading https://repo.maven.apache.org/maven2/org/springframework/spring-framework-bom/5.3.39/spring-framework-bom-5.3.39.pom
2025-11-07 20:56:49,077 [Worker-10: Building] INFO  o.e.m.c.i.e.AbstractTransferListenerAdapter - Downloaded https://repo.maven.apache.org/maven2/org/springframework/spring-framework-bom/5.3.39/spring-framework-bom-5.3.39.pom
2025-11-07 20:56:49,150 [Worker-10: Building] INFO  o.e.m.c.i.e.AbstractTransferListenerAdapter - Downloading https://repo.maven.apache.org/maven2/org/apache/logging/log4j/log4j-api/2.24.3/log4j-api-2.24.3.pom
2025-11-07 20:56:49,196 [Worker-10: Building] INFO  o.e.m.c.i.e.AbstractTransferListenerAdapter - Downloaded https://repo.maven.apache.org/maven2/org/apache/logging/log4j/log4j-api/2.24.3/log4j-api-2.24.3.pom
2025-11-07 20:56:49,273 [Worker-10: Building] INFO  o.e.m.c.i.e.AbstractTransferListenerAdapter - Downloading https://repo.maven.apache.org/maven2/org/slf4j/jul-to-slf4j/2.0.17/jul-to-slf4j-2.0.17.pom
2025-11-07 20:56:49,344 [Worker-10: Building] INFO  o.e.m.c.i.e.AbstractTransferListenerAdapter - Downloaded https://repo.maven.apache.org/maven2/org/slf4j/jul-to-slf4j/2.0.17/jul-to-slf4j-2.0.17.pom
2025-11-07 20:56:49,428 [Worker-10: Building] INFO  o.e.m.c.i.e.AbstractTransferListenerAdapter - Downloading https://repo.maven.apache.org/maven2/jakarta/annotation/jakarta.annotation-api/2.1.1/jakarta.annotation-api-2.1.1.pom
2025-11-07 20:56:49,568 [Worker-10: Building] INFO  o.e.m.c.i.e.AbstractTransferListenerAdapter - Downloaded https://repo.maven.apache.org/maven2/jakarta/annotation/jakarta.annotation-api/2.1.1/jakarta.annotation-api-2.1.1.pom
2025-11-07 20:56:49,713 [Worker-10: Building] INFO  o.e.m.c.i.e.AbstractTransferListenerAdapter - Downloading https://repo.maven.apache.org/maven2/org/yaml/snakeyaml/2.4/snakeyaml-2.4.pom
2025-11-07 20:56:49,842 [Worker-10: Building] INFO  o.e.m.c.i.e.AbstractTransferListenerAdapter - Downloaded https://repo.maven.apache.org/maven2/org/yaml/snakeyaml/2.4/snakeyaml-2.4.pom
2025-11-07 20:56:49,931 [Worker-10: Building] INFO  o.e.m.c.i.e.AbstractTransferListenerAdapter - Downloading https://repo.maven.apache.org/maven2/org/springframework/boot/spring-boot-starter-data-jpa/3.5.4/spring-boot-starter-data-jpa-3.5.4.pom
2025-11-07 20:56:49,987 [Worker-10: Building] INFO  o.e.m.c.i.e.AbstractTransferListenerAdapter - Downloaded https://repo.maven.apache.org/maven2/org/springframework/boot/spring-boot-starter-data-jpa/3.5.4/spring-boot-starter-data-jpa-3.5.4.pom
2025-11-07 20:56:50,064 [Worker-10: Building] INFO  o.e.m.c.i.e.AbstractTransferListenerAdapter - Downloading https://repo.maven.apache.org/maven2/org/springframework/boot/spring-boot-starter-jdbc/3.5.4/spring-boot-starter-jdbc-3.5.4.pom
2025-11-07 20:56:50,114 [Worker-10: Building] INFO  o.e.m.c.i.e.AbstractTransferListenerAdapter - Downloaded https://repo.maven.apache.org/maven2/org/springframework/boot/spring-boot-starter-jdbc/3.5.4/spring-boot-starter-jdbc-3.5.4.pom
2025-11-07 20:56:50,193 [Worker-10: Building] INFO  o.e.m.c.i.e.AbstractTransferListenerAdapter - Downloading https://repo.maven.apache.org/maven2/com/zaxxer/HikariCP/6.3.1/HikariCP-6.3.1.pom
2025-11-07 20:56:50,281 [Worker-10: Building] INFO  o.e.m.c.i.e.AbstractTransferListenerAdapter - Downloaded https://repo.maven.apache.org/maven2/com/zaxxer/HikariCP/6.3.1/HikariCP-6.3.1.pom
2025-11-07 20:56:50,359 [Worker-10: Building] INFO  o.e.m.c.i.e.AbstractTransferListenerAdapter - Downloading https://repo.maven.apache.org/maven2/org/springframework/spring-jdbc/6.2.9/spring-jdbc-6.2.9.pom
2025-11-07 20:56:50,408 [Worker-10: Building] INFO  o.e.m.c.i.e.AbstractTransferListenerAdapter - Downloaded https://repo.maven.apache.org/maven2/org/springframework/spring-jdbc/6.2.9/spring-jdbc-6.2.9.pom
2025-11-07 20:56:50,479 [Worker-10: Building] INFO  o.e.m.c.i.e.AbstractTransferListenerAdapter - Downloading https://repo.maven.apache.org/maven2/org/springframework/spring-tx/6.2.9/spring-tx-6.2.9.pom
2025-11-07 20:56:50,524 [Worker-10: Building] INFO  o.e.m.c.i.e.AbstractTransferListenerAdapter - Downloaded https://repo.maven.apache.org/maven2/org/springframework/spring-tx/6.2.9/spring-tx-6.2.9.pom
2025-11-07 20:56:50,598 [Worker-10: Building] INFO  o.e.m.c.i.e.AbstractTransferListenerAdapter - Downloading https://repo.maven.apache.org/maven2/org/hibernate/orm/hibernate-core/6.6.22.Final/hibernate-core-6.6.22.Final.pom
2025-11-07 20:56:50,655 [Worker-10: Building] INFO  o.e.m.c.i.e.AbstractTransferListenerAdapter - Downloaded https://repo.maven.apache.org/maven2/org/hibernate/orm/hibernate-core/6.6.22.Final/hibernate-core-6.6.22.Final.pom
2025-11-07 20:56:50,743 [Worker-10: Building] INFO  o.e.m.c.i.e.AbstractTransferListenerAdapter - Downloading https://repo.maven.apache.org/maven2/jakarta/persistence/jakarta.persistence-api/3.1.0/jakarta.persistence-api-3.1.0.pom
2025-11-07 20:56:50,826 [Worker-10: Building] INFO  o.e.m.c.i.e.AbstractTransferListenerAdapter - Downloaded https://repo.maven.apache.org/maven2/jakarta/persistence/jakarta.persistence-api/3.1.0/jakarta.persistence-api-3.1.0.pom
2025-11-07 20:56:50,901 [Worker-10: Building] INFO  o.e.m.c.i.e.AbstractTransferListenerAdapter - Downloading https://repo.maven.apache.org/maven2/jakarta/transaction/jakarta.transaction-api/2.0.1/jakarta.transaction-api-2.0.1.pom
2025-11-07 20:56:50,991 [Worker-10: Building] INFO  o.e.m.c.i.e.AbstractTransferListenerAdapter - Downloaded https://repo.maven.apache.org/maven2/jakarta/transaction/jakarta.transaction-api/2.0.1/jakarta.transaction-api-2.0.1.pom
2025-11-07 20:56:51,078 [Worker-10: Building] INFO  o.e.m.c.i.e.AbstractTransferListenerAdapter - Downloading https://repo.maven.apache.org/maven2/org/eclipse/ee4j/project/1.0.6/project-1.0.6.pom
2025-11-07 20:56:51,167 [Worker-10: Building] INFO  o.e.m.c.i.e.AbstractTransferListenerAdapter - Downloaded https://repo.maven.apache.org/maven2/org/eclipse/ee4j/project/1.0.6/project-1.0.6.pom
2025-11-07 20:56:51,242 [Worker-10: Building] INFO  o.e.m.c.i.e.AbstractTransferListenerAdapter - Downloading https://repo.maven.apache.org/maven2/org/jboss/logging/jboss-logging/3.6.1.Final/jboss-logging-3.6.1.Final.pom
2025-11-07 20:56:51,328 [Worker-10: Building] INFO  o.e.m.c.i.e.AbstractTransferListenerAdapter - Downloaded https://repo.maven.apache.org/maven2/org/jboss/logging/jboss-logging/3.6.1.Final/jboss-logging-3.6.1.Final.pom
2025-11-07 20:56:51,397 [Worker-10: Building] INFO  o.e.m.c.i.e.AbstractTransferListenerAdapter - Downloading https://repo.maven.apache.org/maven2/org/jboss/logging/logging-parent/1.0.3.Final/logging-parent-1.0.3.Final.pom
2025-11-07 20:56:51,445 [Worker-10: Building] INFO  o.e.m.c.i.e.AbstractTransferListenerAdapter - Downloaded https://repo.maven.apache.org/maven2/org/jboss/logging/logging-parent/1.0.3.Final/logging-parent-1.0.3.Final.pom
2025-11-07 20:56:51,530 [Worker-10: Building] INFO  o.e.m.c.i.e.AbstractTransferListenerAdapter - Downloading https://repo.maven.apache.org/maven2/org/jboss/jboss-parent/42/jboss-parent-42.pom
2025-11-07 20:56:51,621 [Worker-10: Building] INFO  o.e.m.c.i.e.AbstractTransferListenerAdapter - Downloaded https://repo.maven.apache.org/maven2/org/jboss/jboss-parent/42/jboss-parent-42.pom
2025-11-07 20:56:51,695 [Worker-10: Building] INFO  o.e.m.c.i.e.AbstractTransferListenerAdapter - Downloading https://repo.maven.apache.org/maven2/org/junit/junit-bom/5.11.0/junit-bom-5.11.0.pom
2025-11-07 20:56:51,744 [Worker-10: Building] INFO  o.e.m.c.i.e.AbstractTransferListenerAdapter - Downloaded https://repo.maven.apache.org/maven2/org/junit/junit-bom/5.11.0/junit-bom-5.11.0.pom
2025-11-07 20:56:51,837 [Worker-10: Building] INFO  o.e.m.c.i.e.AbstractTransferListenerAdapter - Downloading https://repo.maven.apache.org/maven2/org/hibernate/common/hibernate-commons-annotations/7.0.3.Final/hibernate-commons-annotations-7.0.3.Final.pom
2025-11-07 20:56:51,885 [Worker-10: Building] INFO  o.e.m.c.i.e.AbstractTransferListenerAdapter - Downloaded https://repo.maven.apache.org/maven2/org/hibernate/common/hibernate-commons-annotations/7.0.3.Final/hibernate-commons-annotations-7.0.3.Final.pom
2025-11-07 20:56:52,006 [Worker-10: Building] INFO  o.e.m.c.i.e.AbstractTransferListenerAdapter - Downloading https://repo.maven.apache.org/maven2/io/smallrye/jandex/3.2.0/jandex-3.2.0.pom
2025-11-07 20:56:52,063 [Worker-10: Building] INFO  o.e.m.c.i.e.AbstractTransferListenerAdapter - Downloaded https://repo.maven.apache.org/maven2/io/smallrye/jandex/3.2.0/jandex-3.2.0.pom
2025-11-07 20:56:52,138 [Worker-10: Building] INFO  o.e.m.c.i.e.AbstractTransferListenerAdapter - Downloading https://repo.maven.apache.org/maven2/io/smallrye/jandex-parent/3.2.0/jandex-parent-3.2.0.pom
2025-11-07 20:56:52,187 [Worker-10: Building] INFO  o.e.m.c.i.e.AbstractTransferListenerAdapter - Downloaded https://repo.maven.apache.org/maven2/io/smallrye/jandex-parent/3.2.0/jandex-parent-3.2.0.pom
2025-11-07 20:56:52,256 [Worker-10: Building] INFO  o.e.m.c.i.e.AbstractTransferListenerAdapter - Downloading https://repo.maven.apache.org/maven2/io/smallrye/smallrye-build-parent/42/smallrye-build-parent-42.pom
2025-11-07 20:56:52,368 [Worker-10: Building] INFO  o.e.m.c.i.e.AbstractTransferListenerAdapter - Downloaded https://repo.maven.apache.org/maven2/io/smallrye/smallrye-build-parent/42/smallrye-build-parent-42.pom
2025-11-07 20:56:52,451 [Worker-10: Building] INFO  o.e.m.c.i.e.AbstractTransferListenerAdapter - Downloading https://repo.maven.apache.org/maven2/com/fasterxml/classmate/1.7.0/classmate-1.7.0.pom
2025-11-07 20:56:52,503 [Worker-10: Building] INFO  o.e.m.c.i.e.AbstractTransferListenerAdapter - Downloaded https://repo.maven.apache.org/maven2/com/fasterxml/classmate/1.7.0/classmate-1.7.0.pom
2025-11-07 20:56:52,571 [Worker-10: Building] INFO  o.e.m.c.i.e.AbstractTransferListenerAdapter - Downloading https://repo.maven.apache.org/maven2/com/fasterxml/oss-parent/56/oss-parent-56.pom
2025-11-07 20:56:52,679 [Worker-10: Building] INFO  o.e.m.c.i.e.AbstractTransferListenerAdapter - Downloaded https://repo.maven.apache.org/maven2/com/fasterxml/oss-parent/56/oss-parent-56.pom
2025-11-07 20:56:52,766 [Worker-10: Building] INFO  o.e.m.c.i.e.AbstractTransferListenerAdapter - Downloading https://repo.maven.apache.org/maven2/net/bytebuddy/byte-buddy/1.17.6/byte-buddy-1.17.6.pom
2025-11-07 20:56:52,854 [Worker-10: Building] INFO  o.e.m.c.i.e.AbstractTransferListenerAdapter - Downloaded https://repo.maven.apache.org/maven2/net/bytebuddy/byte-buddy/1.17.6/byte-buddy-1.17.6.pom
2025-11-07 20:56:52,937 [Worker-10: Building] INFO  o.e.m.c.i.e.AbstractTransferListenerAdapter - Downloading https://repo.maven.apache.org/maven2/net/bytebuddy/byte-buddy-parent/1.17.6/byte-buddy-parent-1.17.6.pom
2025-11-07 20:56:53,023 [Worker-10: Building] INFO  o.e.m.c.i.e.AbstractTransferListenerAdapter - Downloaded https://repo.maven.apache.org/maven2/net/bytebuddy/byte-buddy-parent/1.17.6/byte-buddy-parent-1.17.6.pom
2025-11-07 20:56:53,143 [Worker-10: Building] INFO  o.e.m.c.i.e.AbstractTransferListenerAdapter - Downloading https://repo.maven.apache.org/maven2/jakarta/xml/bind/jakarta.xml.bind-api/4.0.2/jakarta.xml.bind-api-4.0.2.pom
2025-11-07 20:56:53,222 [Worker-10: Building] INFO  o.e.m.c.i.e.AbstractTransferListenerAdapter - Downloaded https://repo.maven.apache.org/maven2/jakarta/xml/bind/jakarta.xml.bind-api/4.0.2/jakarta.xml.bind-api-4.0.2.pom
2025-11-07 20:56:53,298 [Worker-10: Building] INFO  o.e.m.c.i.e.AbstractTransferListenerAdapter - Downloading https://repo.maven.apache.org/maven2/jakarta/xml/bind/jakarta.xml.bind-api-parent/4.0.2/jakarta.xml.bind-api-parent-4.0.2.pom
2025-11-07 20:56:53,393 [Worker-10: Building] INFO  o.e.m.c.i.e.AbstractTransferListenerAdapter - Downloaded https://repo.maven.apache.org/maven2/jakarta/xml/bind/jakarta.xml.bind-api-parent/4.0.2/jakarta.xml.bind-api-parent-4.0.2.pom
2025-11-07 20:56:53,472 [Worker-10: Building] INFO  o.e.m.c.i.e.AbstractTransferListenerAdapter - Downloading https://repo.maven.apache.org/maven2/jakarta/activation/jakarta.activation-api/2.1.3/jakarta.activation-api-2.1.3.pom
2025-11-07 20:56:53,557 [Worker-10: Building] INFO  o.e.m.c.i.e.AbstractTransferListenerAdapter - Downloaded https://repo.maven.apache.org/maven2/jakarta/activation/jakarta.activation-api/2.1.3/jakarta.activation-api-2.1.3.pom
2025-11-07 20:56:53,632 [Worker-10: Building] INFO  o.e.m.c.i.e.AbstractTransferListenerAdapter - Downloading https://repo.maven.apache.org/maven2/org/glassfish/jaxb/jaxb-runtime/4.0.5/jaxb-runtime-4.0.5.pom
2025-11-07 20:56:53,717 [Worker-10: Building] INFO  o.e.m.c.i.e.AbstractTransferListenerAdapter - Downloaded https://repo.maven.apache.org/maven2/org/glassfish/jaxb/jaxb-runtime/4.0.5/jaxb-runtime-4.0.5.pom
2025-11-07 20:56:53,805 [Worker-10: Building] INFO  o.e.m.c.i.e.AbstractTransferListenerAdapter - Downloading https://repo.maven.apache.org/maven2/com/sun/xml/bind/mvn/jaxb-runtime-parent/4.0.5/jaxb-runtime-parent-4.0.5.pom
2025-11-07 20:56:53,853 [Worker-10: Building] INFO  o.e.m.c.i.e.AbstractTransferListenerAdapter - Downloaded https://repo.maven.apache.org/maven2/com/sun/xml/bind/mvn/jaxb-runtime-parent/4.0.5/jaxb-runtime-parent-4.0.5.pom
2025-11-07 20:56:53,926 [Worker-10: Building] INFO  o.e.m.c.i.e.AbstractTransferListenerAdapter - Downloading https://repo.maven.apache.org/maven2/com/sun/xml/bind/mvn/jaxb-parent/4.0.5/jaxb-parent-4.0.5.pom
2025-11-07 20:56:54,011 [Worker-10: Building] INFO  o.e.m.c.i.e.AbstractTransferListenerAdapter - Downloaded https://repo.maven.apache.org/maven2/com/sun/xml/bind/mvn/jaxb-parent/4.0.5/jaxb-parent-4.0.5.pom
2025-11-07 20:56:54,101 [Worker-10: Building] INFO  o.e.m.c.i.e.AbstractTransferListenerAdapter - Downloading https://repo.maven.apache.org/maven2/com/sun/xml/bind/jaxb-bom-ext/4.0.5/jaxb-bom-ext-4.0.5.pom
2025-11-07 20:56:54,178 [Worker-10: Building] INFO  o.e.m.c.i.e.AbstractTransferListenerAdapter - Downloaded https://repo.maven.apache.org/maven2/com/sun/xml/bind/jaxb-bom-ext/4.0.5/jaxb-bom-ext-4.0.5.pom
2025-11-07 20:56:54,282 [Worker-10: Building] INFO  o.e.m.c.i.e.AbstractTransferListenerAdapter - Downloading https://repo.maven.apache.org/maven2/org/glassfish/jaxb/jaxb-core/4.0.5/jaxb-core-4.0.5.pom
2025-11-07 20:56:54,347 [Worker-10: Building] INFO  o.e.m.c.i.e.AbstractTransferListenerAdapter - Downloaded https://repo.maven.apache.org/maven2/org/glassfish/jaxb/jaxb-core/4.0.5/jaxb-core-4.0.5.pom
2025-11-07 20:56:54,439 [Worker-10: Building] INFO  o.e.m.c.i.e.AbstractTransferListenerAdapter - Downloading https://repo.maven.apache.org/maven2/org/eclipse/angus/angus-activation/2.0.2/angus-activation-2.0.2.pom
2025-11-07 20:56:54,499 [Worker-10: Building] INFO  o.e.m.c.i.e.AbstractTransferListenerAdapter - Downloaded https://repo.maven.apache.org/maven2/org/eclipse/angus/angus-activation/2.0.2/angus-activation-2.0.2.pom
2025-11-07 20:56:54,575 [Worker-10: Building] INFO  o.e.m.c.i.e.AbstractTransferListenerAdapter - Downloading https://repo.maven.apache.org/maven2/org/eclipse/angus/angus-activation-project/2.0.2/angus-activation-project-2.0.2.pom
2025-11-07 20:56:54,658 [Worker-10: Building] INFO  o.e.m.c.i.e.AbstractTransferListenerAdapter - Downloaded https://repo.maven.apache.org/maven2/org/eclipse/angus/angus-activation-project/2.0.2/angus-activation-project-2.0.2.pom
2025-11-07 20:56:54,760 [Worker-10: Building] INFO  o.e.m.c.i.e.AbstractTransferListenerAdapter - Downloading https://repo.maven.apache.org/maven2/org/glassfish/jaxb/txw2/4.0.5/txw2-4.0.5.pom
2025-11-07 20:56:54,811 [Worker-10: Building] INFO  o.e.m.c.i.e.AbstractTransferListenerAdapter - Downloaded https://repo.maven.apache.org/maven2/org/glassfish/jaxb/txw2/4.0.5/txw2-4.0.5.pom
2025-11-07 20:56:54,880 [Worker-10: Building] INFO  o.e.m.c.i.e.AbstractTransferListenerAdapter - Downloading https://repo.maven.apache.org/maven2/com/sun/xml/bind/mvn/jaxb-txw-parent/4.0.5/jaxb-txw-parent-4.0.5.pom
2025-11-07 20:56:54,927 [Worker-10: Building] INFO  o.e.m.c.i.e.AbstractTransferListenerAdapter - Downloaded https://repo.maven.apache.org/maven2/com/sun/xml/bind/mvn/jaxb-txw-parent/4.0.5/jaxb-txw-parent-4.0.5.pom
2025-11-07 20:56:55,013 [Worker-10: Building] INFO  o.e.m.c.i.e.AbstractTransferListenerAdapter - Downloading https://repo.maven.apache.org/maven2/com/sun/istack/istack-commons-runtime/4.1.2/istack-commons-runtime-4.1.2.pom
2025-11-07 20:56:55,074 [Worker-10: Building] INFO  o.e.m.c.i.e.AbstractTransferListenerAdapter - Downloaded https://repo.maven.apache.org/maven2/com/sun/istack/istack-commons-runtime/4.1.2/istack-commons-runtime-4.1.2.pom
2025-11-07 20:56:55,171 [Worker-10: Building] INFO  o.e.m.c.i.e.AbstractTransferListenerAdapter - Downloading https://repo.maven.apache.org/maven2/com/sun/istack/istack-commons/4.1.2/istack-commons-4.1.2.pom
2025-11-07 20:56:55,260 [Worker-10: Building] INFO  o.e.m.c.i.e.AbstractTransferListenerAdapter - Downloaded https://repo.maven.apache.org/maven2/com/sun/istack/istack-commons/4.1.2/istack-commons-4.1.2.pom
2025-11-07 20:56:55,342 [Worker-10: Building] INFO  o.e.m.c.i.e.AbstractTransferListenerAdapter - Downloading https://repo.maven.apache.org/maven2/jakarta/inject/jakarta.inject-api/2.0.1/jakarta.inject-api-2.0.1.pom
2025-11-07 20:56:55,390 [Worker-10: Building] INFO  o.e.m.c.i.e.AbstractTransferListenerAdapter - Downloaded https://repo.maven.apache.org/maven2/jakarta/inject/jakarta.inject-api/2.0.1/jakarta.inject-api-2.0.1.pom
2025-11-07 20:56:55,464 [Worker-10: Building] INFO  o.e.m.c.i.e.AbstractTransferListenerAdapter - Downloading https://repo.maven.apache.org/maven2/org/antlr/antlr4-runtime/4.13.0/antlr4-runtime-4.13.0.pom
2025-11-07 20:56:55,511 [Worker-10: Building] INFO  o.e.m.c.i.e.AbstractTransferListenerAdapter - Downloaded https://repo.maven.apache.org/maven2/org/antlr/antlr4-runtime/4.13.0/antlr4-runtime-4.13.0.pom
2025-11-07 20:56:55,585 [Worker-10: Building] INFO  o.e.m.c.i.e.AbstractTransferListenerAdapter - Downloading https://repo.maven.apache.org/maven2/org/antlr/antlr4-master/4.13.0/antlr4-master-4.13.0.pom
2025-11-07 20:56:55,638 [Worker-10: Building] INFO  o.e.m.c.i.e.AbstractTransferListenerAdapter - Downloaded https://repo.maven.apache.org/maven2/org/antlr/antlr4-master/4.13.0/antlr4-master-4.13.0.pom
2025-11-07 20:56:55,710 [Worker-10: Building] INFO  o.e.m.c.i.e.AbstractTransferListenerAdapter - Downloading https://repo.maven.apache.org/maven2/org/sonatype/oss/oss-parent/9/oss-parent-9.pom
2025-11-07 20:56:55,759 [Worker-10: Building] INFO  o.e.m.c.i.e.AbstractTransferListenerAdapter - Downloaded https://repo.maven.apache.org/maven2/org/sonatype/oss/oss-parent/9/oss-parent-9.pom
2025-11-07 20:56:55,832 [Worker-10: Building] INFO  o.e.m.c.i.e.AbstractTransferListenerAdapter - Downloading https://repo.maven.apache.org/maven2/org/springframework/data/spring-data-jpa/3.5.2/spring-data-jpa-3.5.2.pom
2025-11-07 20:56:55,914 [Worker-10: Building] INFO  o.e.m.c.i.e.AbstractTransferListenerAdapter - Downloaded https://repo.maven.apache.org/maven2/org/springframework/data/spring-data-jpa/3.5.2/spring-data-jpa-3.5.2.pom
2025-11-07 20:56:55,985 [Worker-10: Building] INFO  o.e.m.c.i.e.AbstractTransferListenerAdapter - Downloading https://repo.maven.apache.org/maven2/org/springframework/data/spring-data-jpa-parent/3.5.2/spring-data-jpa-parent-3.5.2.pom
2025-11-07 20:56:56,034 [Worker-10: Building] INFO  o.e.m.c.i.e.AbstractTransferListenerAdapter - Downloaded https://repo.maven.apache.org/maven2/org/springframework/data/spring-data-jpa-parent/3.5.2/spring-data-jpa-parent-3.5.2.pom
2025-11-07 20:56:56,112 [Worker-10: Building] INFO  o.e.m.c.i.e.AbstractTransferListenerAdapter - Downloading https://repo.maven.apache.org/maven2/org/springframework/data/build/spring-data-parent/3.5.2/spring-data-parent-3.5.2.pom
2025-11-07 20:56:56,202 [Worker-10: Building] INFO  o.e.m.c.i.e.AbstractTransferListenerAdapter - Downloaded https://repo.maven.apache.org/maven2/org/springframework/data/build/spring-data-parent/3.5.2/spring-data-parent-3.5.2.pom
2025-11-07 20:56:56,304 [Worker-10: Building] INFO  o.e.m.c.i.e.AbstractTransferListenerAdapter - Downloading https://repo.maven.apache.org/maven2/org/springframework/data/build/spring-data-build/3.5.2/spring-data-build-3.5.2.pom
2025-11-07 20:56:56,361 [Worker-10: Building] INFO  o.e.m.c.i.e.AbstractTransferListenerAdapter - Downloaded https://repo.maven.apache.org/maven2/org/springframework/data/build/spring-data-build/3.5.2/spring-data-build-3.5.2.pom
2025-11-07 20:56:56,437 [Worker-10: Building] INFO  o.e.m.c.i.e.AbstractTransferListenerAdapter - Downloading https://repo.maven.apache.org/maven2/org/testcontainers/testcontainers-bom/1.20.6/testcontainers-bom-1.20.6.pom
2025-11-07 20:56:56,512 [Worker-10: Building] INFO  o.e.m.c.i.e.AbstractTransferListenerAdapter - Downloaded https://repo.maven.apache.org/maven2/org/testcontainers/testcontainers-bom/1.20.6/testcontainers-bom-1.20.6.pom
2025-11-07 20:56:56,617 [Worker-10: Building] INFO  o.e.m.c.i.e.AbstractTransferListenerAdapter - Downloading https://repo.maven.apache.org/maven2/org/jetbrains/kotlinx/kotlinx-coroutines-bom/1.9.0/kotlinx-coroutines-bom-1.9.0.pom
2025-11-07 20:56:56,675 [Worker-10: Building] INFO  o.e.m.c.i.e.AbstractTransferListenerAdapter - Downloaded https://repo.maven.apache.org/maven2/org/jetbrains/kotlinx/kotlinx-coroutines-bom/1.9.0/kotlinx-coroutines-bom-1.9.0.pom
2025-11-07 20:56:56,758 [Worker-10: Building] INFO  o.e.m.c.i.e.AbstractTransferListenerAdapter - Downloading https://repo.maven.apache.org/maven2/com/fasterxml/jackson/jackson-bom/2.19.0/jackson-bom-2.19.0.pom
2025-11-07 20:56:56,862 [Worker-10: Building] INFO  o.e.m.c.i.e.AbstractTransferListenerAdapter - Downloaded https://repo.maven.apache.org/maven2/com/fasterxml/jackson/jackson-bom/2.19.0/jackson-bom-2.19.0.pom
2025-11-07 20:56:56,934 [Worker-10: Building] INFO  o.e.m.c.i.e.AbstractTransferListenerAdapter - Downloading https://repo.maven.apache.org/maven2/com/fasterxml/jackson/jackson-parent/2.19/jackson-parent-2.19.pom
2025-11-07 20:56:56,989 [Worker-10: Building] INFO  o.e.m.c.i.e.AbstractTransferListenerAdapter - Downloaded https://repo.maven.apache.org/maven2/com/fasterxml/jackson/jackson-parent/2.19/jackson-parent-2.19.pom
2025-11-07 20:56:57,070 [Worker-10: Building] INFO  o.e.m.c.i.e.AbstractTransferListenerAdapter - Downloading https://repo.maven.apache.org/maven2/com/fasterxml/oss-parent/65/oss-parent-65.pom
2025-11-07 20:56:57,164 [Worker-10: Building] INFO  o.e.m.c.i.e.AbstractTransferListenerAdapter - Downloaded https://repo.maven.apache.org/maven2/com/fasterxml/oss-parent/65/oss-parent-65.pom
2025-11-07 20:56:57,262 [Worker-10: Building] INFO  o.e.m.c.i.e.AbstractTransferListenerAdapter - Downloading https://repo.maven.apache.org/maven2/org/springframework/data/spring-data-commons/3.5.2/spring-data-commons-3.5.2.pom
2025-11-07 20:56:57,369 [Worker-10: Building] INFO  o.e.m.c.i.e.AbstractTransferListenerAdapter - Downloaded https://repo.maven.apache.org/maven2/org/springframework/data/spring-data-commons/3.5.2/spring-data-commons-3.5.2.pom
2025-11-07 20:56:57,482 [Worker-10: Building] INFO  o.e.m.c.i.e.AbstractTransferListenerAdapter - Downloading https://repo.maven.apache.org/maven2/org/springframework/spring-orm/6.2.9/spring-orm-6.2.9.pom
2025-11-07 20:56:57,528 [Worker-10: Building] INFO  o.e.m.c.i.e.AbstractTransferListenerAdapter - Downloaded https://repo.maven.apache.org/maven2/org/springframework/spring-orm/6.2.9/spring-orm-6.2.9.pom
2025-11-07 20:56:57,601 [Worker-10: Building] INFO  o.e.m.c.i.e.AbstractTransferListenerAdapter - Downloading https://repo.maven.apache.org/maven2/org/springframework/spring-aspects/6.2.9/spring-aspects-6.2.9.pom
2025-11-07 20:56:57,658 [Worker-10: Building] INFO  o.e.m.c.i.e.AbstractTransferListenerAdapter - Downloaded https://repo.maven.apache.org/maven2/org/springframework/spring-aspects/6.2.9/spring-aspects-6.2.9.pom
2025-11-07 20:56:57,734 [Worker-10: Building] INFO  o.e.m.c.i.e.AbstractTransferListenerAdapter - Downloading https://repo.maven.apache.org/maven2/org/aspectj/aspectjweaver/1.9.24/aspectjweaver-1.9.24.pom
2025-11-07 20:56:57,789 [Worker-10: Building] INFO  o.e.m.c.i.e.AbstractTransferListenerAdapter - Downloaded https://repo.maven.apache.org/maven2/org/aspectj/aspectjweaver/1.9.24/aspectjweaver-1.9.24.pom
2025-11-07 20:56:57,880 [Worker-10: Building] INFO  o.e.m.c.i.e.AbstractTransferListenerAdapter - Downloading https://repo.maven.apache.org/maven2/org/springframework/boot/spring-boot-starter-validation/3.5.4/spring-boot-starter-validation-3.5.4.pom
2025-11-07 20:56:57,928 [Worker-10: Building] INFO  o.e.m.c.i.e.AbstractTransferListenerAdapter - Downloaded https://repo.maven.apache.org/maven2/org/springframework/boot/spring-boot-starter-validation/3.5.4/spring-boot-starter-validation-3.5.4.pom
2025-11-07 20:56:58,002 [Worker-10: Building] INFO  o.e.m.c.i.e.AbstractTransferListenerAdapter - Downloading https://repo.maven.apache.org/maven2/org/apache/tomcat/embed/tomcat-embed-el/10.1.43/tomcat-embed-el-10.1.43.pom
2025-11-07 20:56:58,050 [Worker-10: Building] INFO  o.e.m.c.i.e.AbstractTransferListenerAdapter - Downloaded https://repo.maven.apache.org/maven2/org/apache/tomcat/embed/tomcat-embed-el/10.1.43/tomcat-embed-el-10.1.43.pom
2025-11-07 20:56:58,123 [Worker-10: Building] INFO  o.e.m.c.i.e.AbstractTransferListenerAdapter - Downloading https://repo.maven.apache.org/maven2/org/hibernate/validator/hibernate-validator/8.0.2.Final/hibernate-validator-8.0.2.Final.pom
2025-11-07 20:56:58,199 [Worker-10: Building] INFO  o.e.m.c.i.e.AbstractTransferListenerAdapter - Downloaded https://repo.maven.apache.org/maven2/org/hibernate/validator/hibernate-validator/8.0.2.Final/hibernate-validator-8.0.2.Final.pom
2025-11-07 20:56:58,277 [Worker-10: Building] INFO  o.e.m.c.i.e.AbstractTransferListenerAdapter - Downloading https://repo.maven.apache.org/maven2/org/hibernate/validator/hibernate-validator-parent/8.0.2.Final/hibernate-validator-parent-8.0.2.Final.pom
2025-11-07 20:56:58,378 [Worker-10: Building] INFO  o.e.m.c.i.e.AbstractTransferListenerAdapter - Downloaded https://repo.maven.apache.org/maven2/org/hibernate/validator/hibernate-validator-parent/8.0.2.Final/hibernate-validator-parent-8.0.2.Final.pom
2025-11-07 20:56:58,460 [Worker-10: Building] INFO  o.e.m.c.i.e.AbstractTransferListenerAdapter - Downloading https://repo.maven.apache.org/maven2/org/jboss/arquillian/arquillian-bom/1.7.0.Alpha10/arquillian-bom-1.7.0.Alpha10.pom
2025-11-07 20:56:58,533 [Worker-10: Building] INFO  o.e.m.c.i.e.AbstractTransferListenerAdapter - Downloaded https://repo.maven.apache.org/maven2/org/jboss/arquillian/arquillian-bom/1.7.0.Alpha10/arquillian-bom-1.7.0.Alpha10.pom
2025-11-07 20:56:58,612 [Worker-10: Building] INFO  o.e.m.c.i.e.AbstractTransferListenerAdapter - Downloading https://repo.maven.apache.org/maven2/org/jboss/shrinkwrap/shrinkwrap-bom/1.2.6/shrinkwrap-bom-1.2.6.pom
2025-11-07 20:56:58,655 [Worker-10: Building] INFO  o.e.m.c.i.e.AbstractTransferListenerAdapter - Downloaded https://repo.maven.apache.org/maven2/org/jboss/shrinkwrap/shrinkwrap-bom/1.2.6/shrinkwrap-bom-1.2.6.pom
2025-11-07 20:56:58,740 [Worker-10: Building] INFO  o.e.m.c.i.e.AbstractTransferListenerAdapter - Downloading https://repo.maven.apache.org/maven2/org/jboss/shrinkwrap/resolver/shrinkwrap-resolver-bom/3.1.4/shrinkwrap-resolver-bom-3.1.4.pom
2025-11-07 20:56:58,758 [Worker-10: Building] INFO  o.e.m.c.i.e.AbstractTransferListenerAdapter - Downloaded https://repo.maven.apache.org/maven2/org/jboss/shrinkwrap/resolver/shrinkwrap-resolver-bom/3.1.4/shrinkwrap-resolver-bom-3.1.4.pom
2025-11-07 20:56:58,840 [Worker-10: Building] INFO  o.e.m.c.i.e.AbstractTransferListenerAdapter - Downloading https://repo.maven.apache.org/maven2/org/apache/maven/maven/3.6.3/maven-3.6.3.pom
2025-11-07 20:56:58,927 [Worker-10: Building] INFO  o.e.m.c.i.e.AbstractTransferListenerAdapter - Downloaded https://repo.maven.apache.org/maven2/org/apache/maven/maven/3.6.3/maven-3.6.3.pom
2025-11-07 20:56:59,015 [Worker-10: Building] INFO  o.e.m.c.i.e.AbstractTransferListenerAdapter - Downloading https://repo.maven.apache.org/maven2/org/apache/maven/maven-parent/33/maven-parent-33.pom
2025-11-07 20:56:59,121 [Worker-10: Building] INFO  o.e.m.c.i.e.AbstractTransferListenerAdapter - Downloaded https://repo.maven.apache.org/maven2/org/apache/maven/maven-parent/33/maven-parent-33.pom
2025-11-07 20:56:59,207 [Worker-10: Building] INFO  o.e.m.c.i.e.AbstractTransferListenerAdapter - Downloading https://repo.maven.apache.org/maven2/org/apache/apache/21/apache-21.pom
2025-11-07 20:56:59,313 [Worker-10: Building] INFO  o.e.m.c.i.e.AbstractTransferListenerAdapter - Downloaded https://repo.maven.apache.org/maven2/org/apache/apache/21/apache-21.pom
2025-11-07 20:56:59,402 [Worker-10: Building] INFO  o.e.m.c.i.e.AbstractTransferListenerAdapter - Downloading https://repo.maven.apache.org/maven2/org/jboss/shrinkwrap/descriptors/shrinkwrap-descriptors-bom/2.0.0/shrinkwrap-descriptors-bom-2.0.0.pom
2025-11-07 20:56:59,420 [Worker-10: Building] INFO  o.e.m.c.i.e.AbstractTransferListenerAdapter - Downloaded https://repo.maven.apache.org/maven2/org/jboss/shrinkwrap/descriptors/shrinkwrap-descriptors-bom/2.0.0/shrinkwrap-descriptors-bom-2.0.0.pom
2025-11-07 20:56:59,497 [Worker-10: Building] INFO  o.e.m.c.i.e.AbstractTransferListenerAdapter - Downloading https://repo.maven.apache.org/maven2/jakarta/validation/jakarta.validation-api/3.0.2/jakarta.validation-api-3.0.2.pom
2025-11-07 20:56:59,570 [Worker-10: Building] INFO  o.e.m.c.i.e.AbstractTransferListenerAdapter - Downloaded https://repo.maven.apache.org/maven2/jakarta/validation/jakarta.validation-api/3.0.2/jakarta.validation-api-3.0.2.pom
2025-11-07 20:56:59,641 [Worker-10: Building] INFO  o.e.m.c.i.e.AbstractTransferListenerAdapter - Downloading https://repo.maven.apache.org/maven2/com/mysql/mysql-connector-j/8.0.33/mysql-connector-j-8.0.33.pom
2025-11-07 20:56:59,720 [Worker-10: Building] INFO  o.e.m.c.i.e.AbstractTransferListenerAdapter - Downloaded https://repo.maven.apache.org/maven2/com/mysql/mysql-connector-j/8.0.33/mysql-connector-j-8.0.33.pom
2025-11-07 20:56:59,840 [Worker-10: Building] INFO  o.e.m.c.i.e.AbstractTransferListenerAdapter - Downloading https://repo.maven.apache.org/maven2/org/springframework/boot/spring-boot-starter-web/3.5.4/spring-boot-starter-web-3.5.4.pom
2025-11-07 20:56:59,916 [Worker-10: Building] INFO  o.e.m.c.i.e.AbstractTransferListenerAdapter - Downloaded https://repo.maven.apache.org/maven2/org/springframework/boot/spring-boot-starter-web/3.5.4/spring-boot-starter-web-3.5.4.pom
2025-11-07 20:57:00,020 [Worker-10: Building] INFO  o.e.m.c.i.e.AbstractTransferListenerAdapter - Downloading https://repo.maven.apache.org/maven2/org/springframework/boot/spring-boot-starter-json/3.5.4/spring-boot-starter-json-3.5.4.pom
2025-11-07 20:57:00,104 [Worker-10: Building] INFO  o.e.m.c.i.e.AbstractTransferListenerAdapter - Downloaded https://repo.maven.apache.org/maven2/org/springframework/boot/spring-boot-starter-json/3.5.4/spring-boot-starter-json-3.5.4.pom
2025-11-07 20:57:00,214 [Worker-10: Building] INFO  o.e.m.c.i.e.AbstractTransferListenerAdapter - Downloading https://repo.maven.apache.org/maven2/org/springframework/spring-web/6.2.9/spring-web-6.2.9.pom
2025-11-07 20:57:00,290 [Worker-10: Building] INFO  o.e.m.c.i.e.AbstractTransferListenerAdapter - Downloaded https://repo.maven.apache.org/maven2/org/springframework/spring-web/6.2.9/spring-web-6.2.9.pom
2025-11-07 20:57:00,384 [Worker-10: Building] INFO  o.e.m.c.i.e.AbstractTransferListenerAdapter - Downloading https://repo.maven.apache.org/maven2/com/fasterxml/jackson/core/jackson-databind/2.19.2/jackson-databind-2.19.2.pom
2025-11-07 20:57:00,517 [Worker-10: Building] INFO  o.e.m.c.i.e.AbstractTransferListenerAdapter - Downloaded https://repo.maven.apache.org/maven2/com/fasterxml/jackson/core/jackson-databind/2.19.2/jackson-databind-2.19.2.pom
2025-11-07 20:57:00,645 [Worker-10: Building] INFO  o.e.m.c.i.e.AbstractTransferListenerAdapter - Downloading https://repo.maven.apache.org/maven2/com/fasterxml/jackson/jackson-base/2.19.2/jackson-base-2.19.2.pom
2025-11-07 20:57:00,784 [Worker-10: Building] INFO  o.e.m.c.i.e.AbstractTransferListenerAdapter - Downloaded https://repo.maven.apache.org/maven2/com/fasterxml/jackson/jackson-base/2.19.2/jackson-base-2.19.2.pom
2025-11-07 20:57:00,879 [Worker-10: Building] INFO  o.e.m.c.i.e.AbstractTransferListenerAdapter - Downloading https://repo.maven.apache.org/maven2/org/junit/junit-bom/5.11.4/junit-bom-5.11.4.pom
2025-11-07 20:57:00,944 [Worker-10: Building] INFO  o.e.m.c.i.e.AbstractTransferListenerAdapter - Downloaded https://repo.maven.apache.org/maven2/org/junit/junit-bom/5.11.4/junit-bom-5.11.4.pom
2025-11-07 20:57:01,031 [Worker-10: Building] INFO  o.e.m.c.i.e.AbstractTransferListenerAdapter - Downloading https://repo.maven.apache.org/maven2/com/fasterxml/jackson/core/jackson-annotations/2.19.2/jackson-annotations-2.19.2.pom
2025-11-07 20:57:01,100 [Worker-10: Building] INFO  o.e.m.c.i.e.AbstractTransferListenerAdapter - Downloaded https://repo.maven.apache.org/maven2/com/fasterxml/jackson/core/jackson-annotations/2.19.2/jackson-annotations-2.19.2.pom
2025-11-07 20:57:01,188 [Worker-10: Building] INFO  o.e.m.c.i.e.AbstractTransferListenerAdapter - Downloading https://repo.maven.apache.org/maven2/com/fasterxml/jackson/core/jackson-core/2.19.2/jackson-core-2.19.2.pom
2025-11-07 20:57:01,273 [Worker-10: Building] INFO  o.e.m.c.i.e.AbstractTransferListenerAdapter - Downloaded https://repo.maven.apache.org/maven2/com/fasterxml/jackson/core/jackson-core/2.19.2/jackson-core-2.19.2.pom
2025-11-07 20:57:01,359 [Worker-10: Building] INFO  o.e.m.c.i.e.AbstractTransferListenerAdapter - Downloading https://repo.maven.apache.org/maven2/com/fasterxml/jackson/datatype/jackson-datatype-jdk8/2.19.2/jackson-datatype-jdk8-2.19.2.pom
2025-11-07 20:57:01,406 [Worker-10: Building] INFO  o.e.m.c.i.e.AbstractTransferListenerAdapter - Downloaded https://repo.maven.apache.org/maven2/com/fasterxml/jackson/datatype/jackson-datatype-jdk8/2.19.2/jackson-datatype-jdk8-2.19.2.pom
2025-11-07 20:57:01,481 [Worker-10: Building] INFO  o.e.m.c.i.e.AbstractTransferListenerAdapter - Downloading https://repo.maven.apache.org/maven2/com/fasterxml/jackson/module/jackson-modules-java8/2.19.2/jackson-modules-java8-2.19.2.pom
2025-11-07 20:57:01,536 [Worker-10: Building] INFO  o.e.m.c.i.e.AbstractTransferListenerAdapter - Downloaded https://repo.maven.apache.org/maven2/com/fasterxml/jackson/module/jackson-modules-java8/2.19.2/jackson-modules-java8-2.19.2.pom
2025-11-07 20:57:01,613 [Worker-10: Building] INFO  o.e.m.c.i.e.AbstractTransferListenerAdapter - Downloading https://repo.maven.apache.org/maven2/com/fasterxml/jackson/datatype/jackson-datatype-jsr310/2.19.2/jackson-datatype-jsr310-2.19.2.pom
2025-11-07 20:57:01,659 [Worker-10: Building] INFO  o.e.m.c.i.e.AbstractTransferListenerAdapter - Downloaded https://repo.maven.apache.org/maven2/com/fasterxml/jackson/datatype/jackson-datatype-jsr310/2.19.2/jackson-datatype-jsr310-2.19.2.pom
2025-11-07 20:57:01,739 [Worker-10: Building] INFO  o.e.m.c.i.e.AbstractTransferListenerAdapter - Downloading https://repo.maven.apache.org/maven2/com/fasterxml/jackson/module/jackson-module-parameter-names/2.19.2/jackson-module-parameter-names-2.19.2.pom
2025-11-07 20:57:01,788 [Worker-10: Building] INFO  o.e.m.c.i.e.AbstractTransferListenerAdapter - Downloaded https://repo.maven.apache.org/maven2/com/fasterxml/jackson/module/jackson-module-parameter-names/2.19.2/jackson-module-parameter-names-2.19.2.pom
2025-11-07 20:57:01,875 [Worker-10: Building] INFO  o.e.m.c.i.e.AbstractTransferListenerAdapter - Downloading https://repo.maven.apache.org/maven2/org/springframework/boot/spring-boot-starter-tomcat/3.5.4/spring-boot-starter-tomcat-3.5.4.pom
2025-11-07 20:57:01,930 [Worker-10: Building] INFO  o.e.m.c.i.e.AbstractTransferListenerAdapter - Downloaded https://repo.maven.apache.org/maven2/org/springframework/boot/spring-boot-starter-tomcat/3.5.4/spring-boot-starter-tomcat-3.5.4.pom
2025-11-07 20:57:02,031 [Worker-10: Building] INFO  o.e.m.c.i.e.AbstractTransferListenerAdapter - Downloading https://repo.maven.apache.org/maven2/org/apache/tomcat/embed/tomcat-embed-core/10.1.43/tomcat-embed-core-10.1.43.pom
2025-11-07 20:57:02,085 [Worker-10: Building] INFO  o.e.m.c.i.e.AbstractTransferListenerAdapter - Downloaded https://repo.maven.apache.org/maven2/org/apache/tomcat/embed/tomcat-embed-core/10.1.43/tomcat-embed-core-10.1.43.pom
2025-11-07 20:57:02,169 [Worker-10: Building] INFO  o.e.m.c.i.e.AbstractTransferListenerAdapter - Downloading https://repo.maven.apache.org/maven2/org/apache/tomcat/embed/tomcat-embed-websocket/10.1.43/tomcat-embed-websocket-10.1.43.pom
2025-11-07 20:57:02,215 [Worker-10: Building] INFO  o.e.m.c.i.e.AbstractTransferListenerAdapter - Downloaded https://repo.maven.apache.org/maven2/org/apache/tomcat/embed/tomcat-embed-websocket/10.1.43/tomcat-embed-websocket-10.1.43.pom
2025-11-07 20:57:02,303 [Worker-10: Building] INFO  o.e.m.c.i.e.AbstractTransferListenerAdapter - Downloading https://repo.maven.apache.org/maven2/org/springframework/spring-webmvc/6.2.9/spring-webmvc-6.2.9.pom
2025-11-07 20:57:02,357 [Worker-10: Building] INFO  o.e.m.c.i.e.AbstractTransferListenerAdapter - Downloaded https://repo.maven.apache.org/maven2/org/springframework/spring-webmvc/6.2.9/spring-webmvc-6.2.9.pom
2025-11-07 20:57:02,435 [Worker-10: Building] INFO  o.e.m.c.i.e.AbstractTransferListenerAdapter - Downloading https://repo.maven.apache.org/maven2/org/springframework/boot/spring-boot-starter-test/3.5.4/spring-boot-starter-test-3.5.4.pom
2025-11-07 20:57:02,491 [Worker-10: Building] INFO  o.e.m.c.i.e.AbstractTransferListenerAdapter - Downloaded https://repo.maven.apache.org/maven2/org/springframework/boot/spring-boot-starter-test/3.5.4/spring-boot-starter-test-3.5.4.pom
2025-11-07 20:57:02,575 [Worker-10: Building] INFO  o.e.m.c.i.e.AbstractTransferListenerAdapter - Downloading https://repo.maven.apache.org/maven2/org/springframework/boot/spring-boot-test/3.5.4/spring-boot-test-3.5.4.pom
2025-11-07 20:57:02,627 [Worker-10: Building] INFO  o.e.m.c.i.e.AbstractTransferListenerAdapter - Downloaded https://repo.maven.apache.org/maven2/org/springframework/boot/spring-boot-test/3.5.4/spring-boot-test-3.5.4.pom
2025-11-07 20:57:02,710 [Worker-10: Building] INFO  o.e.m.c.i.e.AbstractTransferListenerAdapter - Downloading https://repo.maven.apache.org/maven2/org/springframework/spring-test/6.2.9/spring-test-6.2.9.pom
2025-11-07 20:57:02,763 [Worker-10: Building] INFO  o.e.m.c.i.e.AbstractTransferListenerAdapter - Downloaded https://repo.maven.apache.org/maven2/org/springframework/spring-test/6.2.9/spring-test-6.2.9.pom
2025-11-07 20:57:02,842 [Worker-10: Building] INFO  o.e.m.c.i.e.AbstractTransferListenerAdapter - Downloading https://repo.maven.apache.org/maven2/org/springframework/boot/spring-boot-test-autoconfigure/3.5.4/spring-boot-test-autoconfigure-3.5.4.pom
2025-11-07 20:57:02,898 [Worker-10: Building] INFO  o.e.m.c.i.e.AbstractTransferListenerAdapter - Downloaded https://repo.maven.apache.org/maven2/org/springframework/boot/spring-boot-test-autoconfigure/3.5.4/spring-boot-test-autoconfigure-3.5.4.pom
2025-11-07 20:57:02,978 [Worker-10: Building] INFO  o.e.m.c.i.e.AbstractTransferListenerAdapter - Downloading https://repo.maven.apache.org/maven2/com/jayway/jsonpath/json-path/2.9.0/json-path-2.9.0.pom
2025-11-07 20:57:03,058 [Worker-10: Building] INFO  o.e.m.c.i.e.AbstractTransferListenerAdapter - Downloaded https://repo.maven.apache.org/maven2/com/jayway/jsonpath/json-path/2.9.0/json-path-2.9.0.pom
2025-11-07 20:57:03,144 [Worker-10: Building] INFO  o.e.m.c.i.e.AbstractTransferListenerAdapter - Downloading https://repo.maven.apache.org/maven2/net/minidev/json-smart/2.5.2/json-smart-2.5.2.pom
2025-11-07 20:57:03,258 [Worker-10: Building] INFO  o.e.m.c.i.e.AbstractTransferListenerAdapter - Downloaded https://repo.maven.apache.org/maven2/net/minidev/json-smart/2.5.2/json-smart-2.5.2.pom
2025-11-07 20:57:03,373 [Worker-10: Building] INFO  o.e.m.c.i.e.AbstractTransferListenerAdapter - Downloading https://repo.maven.apache.org/maven2/net/minidev/accessors-smart/2.5.2/accessors-smart-2.5.2.pom
2025-11-07 20:57:03,484 [Worker-10: Building] INFO  o.e.m.c.i.e.AbstractTransferListenerAdapter - Downloaded https://repo.maven.apache.org/maven2/net/minidev/accessors-smart/2.5.2/accessors-smart-2.5.2.pom
2025-11-07 20:57:03,565 [Worker-10: Building] INFO  o.e.m.c.i.e.AbstractTransferListenerAdapter - Downloading https://repo.maven.apache.org/maven2/org/ow2/asm/asm/9.7.1/asm-9.7.1.pom
2025-11-07 20:57:03,636 [Worker-10: Building] INFO  o.e.m.c.i.e.AbstractTransferListenerAdapter - Downloaded https://repo.maven.apache.org/maven2/org/ow2/asm/asm/9.7.1/asm-9.7.1.pom
2025-11-07 20:57:03,717 [Worker-10: Building] INFO  o.e.m.c.i.e.AbstractTransferListenerAdapter - Downloading https://repo.maven.apache.org/maven2/org/ow2/ow2/1.5.1/ow2-1.5.1.pom
2025-11-07 20:57:03,814 [Worker-10: Building] INFO  o.e.m.c.i.e.AbstractTransferListenerAdapter - Downloaded https://repo.maven.apache.org/maven2/org/ow2/ow2/1.5.1/ow2-1.5.1.pom
2025-11-07 20:57:03,894 [Worker-10: Building] INFO  o.e.m.c.i.e.AbstractTransferListenerAdapter - Downloading https://repo.maven.apache.org/maven2/org/assertj/assertj-core/3.27.3/assertj-core-3.27.3.pom
2025-11-07 20:57:03,948 [Worker-10: Building] INFO  o.e.m.c.i.e.AbstractTransferListenerAdapter - Downloaded https://repo.maven.apache.org/maven2/org/assertj/assertj-core/3.27.3/assertj-core-3.27.3.pom
2025-11-07 20:57:04,023 [Worker-10: Building] INFO  o.e.m.c.i.e.AbstractTransferListenerAdapter - Downloading https://repo.maven.apache.org/maven2/org/awaitility/awaitility/4.2.2/awaitility-4.2.2.pom
2025-11-07 20:57:04,073 [Worker-10: Building] INFO  o.e.m.c.i.e.AbstractTransferListenerAdapter - Downloaded https://repo.maven.apache.org/maven2/org/awaitility/awaitility/4.2.2/awaitility-4.2.2.pom
2025-11-07 20:57:04,153 [Worker-10: Building] INFO  o.e.m.c.i.e.AbstractTransferListenerAdapter - Downloading https://repo.maven.apache.org/maven2/org/awaitility/awaitility-parent/4.2.2/awaitility-parent-4.2.2.pom
2025-11-07 20:57:04,244 [Worker-10: Building] INFO  o.e.m.c.i.e.AbstractTransferListenerAdapter - Downloaded https://repo.maven.apache.org/maven2/org/awaitility/awaitility-parent/4.2.2/awaitility-parent-4.2.2.pom
2025-11-07 20:57:04,319 [Worker-10: Building] INFO  o.e.m.c.i.e.AbstractTransferListenerAdapter - Downloading https://repo.maven.apache.org/maven2/org/hamcrest/hamcrest/3.0/hamcrest-3.0.pom
2025-11-07 20:57:04,368 [Worker-10: Building] INFO  o.e.m.c.i.e.AbstractTransferListenerAdapter - Downloaded https://repo.maven.apache.org/maven2/org/hamcrest/hamcrest/3.0/hamcrest-3.0.pom
2025-11-07 20:57:04,444 [Worker-10: Building] INFO  o.e.m.c.i.e.AbstractTransferListenerAdapter - Downloading https://repo.maven.apache.org/maven2/org/junit/jupiter/junit-jupiter/5.12.2/junit-jupiter-5.12.2.pom
2025-11-07 20:57:04,505 [Worker-10: Building] INFO  o.e.m.c.i.e.AbstractTransferListenerAdapter - Downloaded https://repo.maven.apache.org/maven2/org/junit/jupiter/junit-jupiter/5.12.2/junit-jupiter-5.12.2.pom
2025-11-07 20:57:04,588 [Worker-10: Building] INFO  o.e.m.c.i.e.AbstractTransferListenerAdapter - Downloading https://repo.maven.apache.org/maven2/org/junit/jupiter/junit-jupiter-api/5.12.2/junit-jupiter-api-5.12.2.pom
2025-11-07 20:57:04,655 [Worker-10: Building] INFO  o.e.m.c.i.e.AbstractTransferListenerAdapter - Downloaded https://repo.maven.apache.org/maven2/org/junit/jupiter/junit-jupiter-api/5.12.2/junit-jupiter-api-5.12.2.pom
2025-11-07 20:57:04,739 [Worker-10: Building] INFO  o.e.m.c.i.e.AbstractTransferListenerAdapter - Downloading https://repo.maven.apache.org/maven2/org/opentest4j/opentest4j/1.3.0/opentest4j-1.3.0.pom
2025-11-07 20:57:04,791 [Worker-10: Building] INFO  o.e.m.c.i.e.AbstractTransferListenerAdapter - Downloaded https://repo.maven.apache.org/maven2/org/opentest4j/opentest4j/1.3.0/opentest4j-1.3.0.pom
2025-11-07 20:57:04,872 [Worker-10: Building] INFO  o.e.m.c.i.e.AbstractTransferListenerAdapter - Downloading https://repo.maven.apache.org/maven2/org/junit/platform/junit-platform-commons/1.12.2/junit-platform-commons-1.12.2.pom
2025-11-07 20:57:04,930 [Worker-10: Building] INFO  o.e.m.c.i.e.AbstractTransferListenerAdapter - Downloaded https://repo.maven.apache.org/maven2/org/junit/platform/junit-platform-commons/1.12.2/junit-platform-commons-1.12.2.pom
2025-11-07 20:57:05,019 [Worker-10: Building] INFO  o.e.m.c.i.e.AbstractTransferListenerAdapter - Downloading https://repo.maven.apache.org/maven2/org/apiguardian/apiguardian-api/1.1.2/apiguardian-api-1.1.2.pom
2025-11-07 20:57:05,070 [Worker-10: Building] INFO  o.e.m.c.i.e.AbstractTransferListenerAdapter - Downloaded https://repo.maven.apache.org/maven2/org/apiguardian/apiguardian-api/1.1.2/apiguardian-api-1.1.2.pom
2025-11-07 20:57:05,150 [Worker-10: Building] INFO  o.e.m.c.i.e.AbstractTransferListenerAdapter - Downloading https://repo.maven.apache.org/maven2/org/junit/jupiter/junit-jupiter-params/5.12.2/junit-jupiter-params-5.12.2.pom
2025-11-07 20:57:05,201 [Worker-10: Building] INFO  o.e.m.c.i.e.AbstractTransferListenerAdapter - Downloaded https://repo.maven.apache.org/maven2/org/junit/jupiter/junit-jupiter-params/5.12.2/junit-jupiter-params-5.12.2.pom
2025-11-07 20:57:05,296 [Worker-10: Building] INFO  o.e.m.c.i.e.AbstractTransferListenerAdapter - Downloading https://repo.maven.apache.org/maven2/org/junit/jupiter/junit-jupiter-engine/5.12.2/junit-jupiter-engine-5.12.2.pom
2025-11-07 20:57:05,348 [Worker-10: Building] INFO  o.e.m.c.i.e.AbstractTransferListenerAdapter - Downloaded https://repo.maven.apache.org/maven2/org/junit/jupiter/junit-jupiter-engine/5.12.2/junit-jupiter-engine-5.12.2.pom
2025-11-07 20:57:05,424 [Worker-10: Building] INFO  o.e.m.c.i.e.AbstractTransferListenerAdapter - Downloading https://repo.maven.apache.org/maven2/org/junit/platform/junit-platform-engine/1.12.2/junit-platform-engine-1.12.2.pom
2025-11-07 20:57:05,481 [Worker-10: Building] INFO  o.e.m.c.i.e.AbstractTransferListenerAdapter - Downloaded https://repo.maven.apache.org/maven2/org/junit/platform/junit-platform-engine/1.12.2/junit-platform-engine-1.12.2.pom
2025-11-07 20:57:05,558 [Worker-10: Building] INFO  o.e.m.c.i.e.AbstractTransferListenerAdapter - Downloading https://repo.maven.apache.org/maven2/org/mockito/mockito-core/5.17.0/mockito-core-5.17.0.pom
2025-11-07 20:57:05,614 [Worker-10: Building] INFO  o.e.m.c.i.e.AbstractTransferListenerAdapter - Downloaded https://repo.maven.apache.org/maven2/org/mockito/mockito-core/5.17.0/mockito-core-5.17.0.pom
2025-11-07 20:57:05,704 [Worker-10: Building] INFO  o.e.m.c.i.e.AbstractTransferListenerAdapter - Downloading https://repo.maven.apache.org/maven2/net/bytebuddy/byte-buddy-agent/1.17.6/byte-buddy-agent-1.17.6.pom
2025-11-07 20:57:05,786 [Worker-10: Building] INFO  o.e.m.c.i.e.AbstractTransferListenerAdapter - Downloaded https://repo.maven.apache.org/maven2/net/bytebuddy/byte-buddy-agent/1.17.6/byte-buddy-agent-1.17.6.pom
2025-11-07 20:57:05,865 [Worker-10: Building] INFO  o.e.m.c.i.e.AbstractTransferListenerAdapter - Downloading https://repo.maven.apache.org/maven2/org/objenesis/objenesis/3.3/objenesis-3.3.pom
2025-11-07 20:57:05,921 [Worker-10: Building] INFO  o.e.m.c.i.e.AbstractTransferListenerAdapter - Downloaded https://repo.maven.apache.org/maven2/org/objenesis/objenesis/3.3/objenesis-3.3.pom
2025-11-07 20:57:06,000 [Worker-10: Building] INFO  o.e.m.c.i.e.AbstractTransferListenerAdapter - Downloading https://repo.maven.apache.org/maven2/org/objenesis/objenesis-parent/3.3/objenesis-parent-3.3.pom
2025-11-07 20:57:06,092 [Worker-10: Building] INFO  o.e.m.c.i.e.AbstractTransferListenerAdapter - Downloaded https://repo.maven.apache.org/maven2/org/objenesis/objenesis-parent/3.3/objenesis-parent-3.3.pom
2025-11-07 20:57:06,184 [Worker-10: Building] INFO  o.e.m.c.i.e.AbstractTransferListenerAdapter - Downloading https://repo.maven.apache.org/maven2/org/mockito/mockito-junit-jupiter/5.17.0/mockito-junit-jupiter-5.17.0.pom
2025-11-07 20:57:06,235 [Worker-10: Building] INFO  o.e.m.c.i.e.AbstractTransferListenerAdapter - Downloaded https://repo.maven.apache.org/maven2/org/mockito/mockito-junit-jupiter/5.17.0/mockito-junit-jupiter-5.17.0.pom
2025-11-07 20:57:06,344 [Worker-10: Building] INFO  o.e.m.c.i.e.AbstractTransferListenerAdapter - Downloading https://repo.maven.apache.org/maven2/org/skyscreamer/jsonassert/1.5.3/jsonassert-1.5.3.pom
2025-11-07 20:57:06,395 [Worker-10: Building] INFO  o.e.m.c.i.e.AbstractTransferListenerAdapter - Downloaded https://repo.maven.apache.org/maven2/org/skyscreamer/jsonassert/1.5.3/jsonassert-1.5.3.pom
2025-11-07 20:57:06,470 [Worker-10: Building] INFO  o.e.m.c.i.e.AbstractTransferListenerAdapter - Downloading https://repo.maven.apache.org/maven2/com/vaadin/external/google/android-json/0.0.20131108.vaadin1/android-json-0.0.20131108.vaadin1.pom
2025-11-07 20:57:06,536 [Worker-10: Building] INFO  o.e.m.c.i.e.AbstractTransferListenerAdapter - Downloaded https://repo.maven.apache.org/maven2/com/vaadin/external/google/android-json/0.0.20131108.vaadin1/android-json-0.0.20131108.vaadin1.pom
2025-11-07 20:57:06,616 [Worker-10: Building] INFO  o.e.m.c.i.e.AbstractTransferListenerAdapter - Downloading https://repo.maven.apache.org/maven2/org/xmlunit/xmlunit-core/2.10.3/xmlunit-core-2.10.3.pom
2025-11-07 20:57:06,665 [Worker-10: Building] INFO  o.e.m.c.i.e.AbstractTransferListenerAdapter - Downloaded https://repo.maven.apache.org/maven2/org/xmlunit/xmlunit-core/2.10.3/xmlunit-core-2.10.3.pom
2025-11-07 20:57:06,735 [Worker-10: Building] INFO  o.e.m.c.i.e.AbstractTransferListenerAdapter - Downloading https://repo.maven.apache.org/maven2/org/xmlunit/xmlunit-parent/2.10.3/xmlunit-parent-2.10.3.pom
2025-11-07 20:57:06,830 [Worker-10: Building] INFO  o.e.m.c.i.e.AbstractTransferListenerAdapter - Downloaded https://repo.maven.apache.org/maven2/org/xmlunit/xmlunit-parent/2.10.3/xmlunit-parent-2.10.3.pom
2025-11-07 20:57:06,912 [Worker-10: Building] INFO  o.e.m.c.i.e.AbstractTransferListenerAdapter - Downloading https://repo.maven.apache.org/maven2/org/apache/commons/commons-text/1.10.0/commons-text-1.10.0.pom
2025-11-07 20:57:07,012 [Worker-10: Building] INFO  o.e.m.c.i.e.AbstractTransferListenerAdapter - Downloaded https://repo.maven.apache.org/maven2/org/apache/commons/commons-text/1.10.0/commons-text-1.10.0.pom
2025-11-07 20:57:07,091 [Worker-10: Building] INFO  o.e.m.c.i.e.AbstractTransferListenerAdapter - Downloading https://repo.maven.apache.org/maven2/org/apache/commons/commons-parent/54/commons-parent-54.pom
2025-11-07 20:57:07,184 [Worker-10: Building] INFO  o.e.m.c.i.e.AbstractTransferListenerAdapter - Downloaded https://repo.maven.apache.org/maven2/org/apache/commons/commons-parent/54/commons-parent-54.pom
2025-11-07 20:57:07,257 [Worker-10: Building] INFO  o.e.m.c.i.e.AbstractTransferListenerAdapter - Downloading https://repo.maven.apache.org/maven2/org/apache/apache/27/apache-27.pom
2025-11-07 20:57:07,354 [Worker-10: Building] INFO  o.e.m.c.i.e.AbstractTransferListenerAdapter - Downloaded https://repo.maven.apache.org/maven2/org/apache/apache/27/apache-27.pom
2025-11-07 20:57:07,423 [Worker-10: Building] INFO  o.e.m.c.i.e.AbstractTransferListenerAdapter - Downloading https://repo.maven.apache.org/maven2/org/junit/junit-bom/5.9.1/junit-bom-5.9.1.pom
2025-11-07 20:57:07,482 [Worker-10: Building] INFO  o.e.m.c.i.e.AbstractTransferListenerAdapter - Downloaded https://repo.maven.apache.org/maven2/org/junit/junit-bom/5.9.1/junit-bom-5.9.1.pom
2025-11-07 20:57:07,556 [Worker-10: Building] INFO  o.e.m.c.i.e.AbstractTransferListenerAdapter - Downloading https://repo.maven.apache.org/maven2/org/apache/commons/commons-lang3/3.17.0/commons-lang3-3.17.0.pom
2025-11-07 20:57:07,657 [Worker-10: Building] INFO  o.e.m.c.i.e.AbstractTransferListenerAdapter - Downloaded https://repo.maven.apache.org/maven2/org/apache/commons/commons-lang3/3.17.0/commons-lang3-3.17.0.pom
2025-11-07 20:57:07,743 [Worker-10: Building] INFO  o.e.m.c.i.e.AbstractTransferListenerAdapter - Downloading https://repo.maven.apache.org/maven2/org/apache/commons/commons-parent/73/commons-parent-73.pom
2025-11-07 20:57:07,874 [Worker-10: Building] INFO  o.e.m.c.i.e.AbstractTransferListenerAdapter - Downloaded https://repo.maven.apache.org/maven2/org/apache/commons/commons-parent/73/commons-parent-73.pom
2025-11-07 20:57:07,963 [Worker-10: Building] INFO  o.e.m.c.i.e.AbstractTransferListenerAdapter - Downloading https://repo.maven.apache.org/maven2/com/twilio/sdk/twilio/9.15.1/twilio-9.15.1.pom
2025-11-07 20:57:08,055 [Worker-10: Building] INFO  o.e.m.c.i.e.AbstractTransferListenerAdapter - Downloaded https://repo.maven.apache.org/maven2/com/twilio/sdk/twilio/9.15.1/twilio-9.15.1.pom
2025-11-07 20:57:08,148 [Worker-10: Building] INFO  o.e.m.c.i.e.AbstractTransferListenerAdapter - Downloading https://repo.maven.apache.org/maven2/commons-codec/commons-codec/1.18.0/commons-codec-1.18.0.pom
2025-11-07 20:57:08,263 [Worker-10: Building] INFO  o.e.m.c.i.e.AbstractTransferListenerAdapter - Downloaded https://repo.maven.apache.org/maven2/commons-codec/commons-codec/1.18.0/commons-codec-1.18.0.pom
2025-11-07 20:57:08,348 [Worker-10: Building] INFO  o.e.m.c.i.e.AbstractTransferListenerAdapter - Downloading https://repo.maven.apache.org/maven2/org/apache/commons/commons-parent/79/commons-parent-79.pom
2025-11-07 20:57:08,457 [Worker-10: Building] INFO  o.e.m.c.i.e.AbstractTransferListenerAdapter - Downloaded https://repo.maven.apache.org/maven2/org/apache/commons/commons-parent/79/commons-parent-79.pom
2025-11-07 20:57:08,535 [Worker-10: Building] INFO  o.e.m.c.i.e.AbstractTransferListenerAdapter - Downloading https://repo.maven.apache.org/maven2/commons-io/commons-io/2.7/commons-io-2.7.pom
2025-11-07 20:57:08,635 [Worker-10: Building] INFO  o.e.m.c.i.e.AbstractTransferListenerAdapter - Downloaded https://repo.maven.apache.org/maven2/commons-io/commons-io/2.7/commons-io-2.7.pom
2025-11-07 20:57:08,708 [Worker-10: Building] INFO  o.e.m.c.i.e.AbstractTransferListenerAdapter - Downloading https://repo.maven.apache.org/maven2/org/apache/commons/commons-parent/50/commons-parent-50.pom
2025-11-07 20:57:08,802 [Worker-10: Building] INFO  o.e.m.c.i.e.AbstractTransferListenerAdapter - Downloaded https://repo.maven.apache.org/maven2/org/apache/commons/commons-parent/50/commons-parent-50.pom
2025-11-07 20:57:08,891 [Worker-10: Building] INFO  o.e.m.c.i.e.AbstractTransferListenerAdapter - Downloading https://repo.maven.apache.org/maven2/io/jsonwebtoken/jjwt-api/0.11.2/jjwt-api-0.11.2.pom
2025-11-07 20:57:08,953 [Worker-10: Building] INFO  o.e.m.c.i.e.AbstractTransferListenerAdapter - Downloaded https://repo.maven.apache.org/maven2/io/jsonwebtoken/jjwt-api/0.11.2/jjwt-api-0.11.2.pom
2025-11-07 20:57:09,031 [Worker-10: Building] INFO  o.e.m.c.i.e.AbstractTransferListenerAdapter - Downloading https://repo.maven.apache.org/maven2/io/jsonwebtoken/jjwt-root/0.11.2/jjwt-root-0.11.2.pom
2025-11-07 20:57:09,149 [Worker-10: Building] INFO  o.e.m.c.i.e.AbstractTransferListenerAdapter - Downloaded https://repo.maven.apache.org/maven2/io/jsonwebtoken/jjwt-root/0.11.2/jjwt-root-0.11.2.pom
2025-11-07 20:57:09,228 [Worker-10: Building] INFO  o.e.m.c.i.e.AbstractTransferListenerAdapter - Downloading https://repo.maven.apache.org/maven2/io/jsonwebtoken/jjwt-jackson/0.11.2/jjwt-jackson-0.11.2.pom
2025-11-07 20:57:09,293 [Worker-10: Building] INFO  o.e.m.c.i.e.AbstractTransferListenerAdapter - Downloaded https://repo.maven.apache.org/maven2/io/jsonwebtoken/jjwt-jackson/0.11.2/jjwt-jackson-0.11.2.pom
2025-11-07 20:57:09,385 [Worker-10: Building] INFO  o.e.m.c.i.e.AbstractTransferListenerAdapter - Downloading https://repo.maven.apache.org/maven2/io/jsonwebtoken/jjwt-impl/0.11.2/jjwt-impl-0.11.2.pom
2025-11-07 20:57:09,440 [Worker-10: Building] INFO  o.e.m.c.i.e.AbstractTransferListenerAdapter - Downloaded https://repo.maven.apache.org/maven2/io/jsonwebtoken/jjwt-impl/0.11.2/jjwt-impl-0.11.2.pom
2025-11-07 20:57:09,518 [Worker-10: Building] INFO  o.e.m.c.i.e.AbstractTransferListenerAdapter - Downloading https://repo.maven.apache.org/maven2/org/apache/httpcomponents/httpclient/4.5.13/httpclient-4.5.13.pom
2025-11-07 20:57:09,573 [Worker-10: Building] INFO  o.e.m.c.i.e.AbstractTransferListenerAdapter - Downloaded https://repo.maven.apache.org/maven2/org/apache/httpcomponents/httpclient/4.5.13/httpclient-4.5.13.pom
2025-11-07 20:57:09,649 [Worker-10: Building] INFO  o.e.m.c.i.e.AbstractTransferListenerAdapter - Downloading https://repo.maven.apache.org/maven2/org/apache/httpcomponents/httpcomponents-client/4.5.13/httpcomponents-client-4.5.13.pom
2025-11-07 20:57:09,753 [Worker-10: Building] INFO  o.e.m.c.i.e.AbstractTransferListenerAdapter - Downloaded https://repo.maven.apache.org/maven2/org/apache/httpcomponents/httpcomponents-client/4.5.13/httpcomponents-client-4.5.13.pom
2025-11-07 20:57:09,836 [Worker-10: Building] INFO  o.e.m.c.i.e.AbstractTransferListenerAdapter - Downloading https://repo.maven.apache.org/maven2/org/apache/httpcomponents/httpcomponents-parent/11/httpcomponents-parent-11.pom
2025-11-07 20:57:09,936 [Worker-10: Building] INFO  o.e.m.c.i.e.AbstractTransferListenerAdapter - Downloaded https://repo.maven.apache.org/maven2/org/apache/httpcomponents/httpcomponents-parent/11/httpcomponents-parent-11.pom
2025-11-07 20:57:10,022 [Worker-10: Building] INFO  o.e.m.c.i.e.AbstractTransferListenerAdapter - Downloading https://repo.maven.apache.org/maven2/org/apache/httpcomponents/httpcore/4.4.16/httpcore-4.4.16.pom
2025-11-07 20:57:10,077 [Worker-10: Building] INFO  o.e.m.c.i.e.AbstractTransferListenerAdapter - Downloaded https://repo.maven.apache.org/maven2/org/apache/httpcomponents/httpcore/4.4.16/httpcore-4.4.16.pom
2025-11-07 20:57:10,155 [Worker-10: Building] INFO  o.e.m.c.i.e.AbstractTransferListenerAdapter - Downloading https://repo.maven.apache.org/maven2/org/apache/httpcomponents/httpcomponents-core/4.4.16/httpcomponents-core-4.4.16.pom
2025-11-07 20:57:10,261 [Worker-10: Building] INFO  o.e.m.c.i.e.AbstractTransferListenerAdapter - Downloaded https://repo.maven.apache.org/maven2/org/apache/httpcomponents/httpcomponents-core/4.4.16/httpcomponents-core-4.4.16.pom
2025-11-07 20:57:10,342 [Worker-10: Building] INFO  o.e.m.c.i.e.AbstractTransferListenerAdapter - Downloading https://repo.maven.apache.org/maven2/commons-logging/commons-logging/1.2/commons-logging-1.2.pom
2025-11-07 20:57:10,477 [Worker-10: Building] INFO  o.e.m.c.i.e.AbstractTransferListenerAdapter - Downloaded https://repo.maven.apache.org/maven2/commons-logging/commons-logging/1.2/commons-logging-1.2.pom
2025-11-07 20:57:10,596 [Worker-10: Building] INFO  o.e.m.c.i.e.AbstractTransferListenerAdapter - Downloading https://repo.maven.apache.org/maven2/org/apache/commons/commons-parent/34/commons-parent-34.pom
2025-11-07 20:57:10,726 [Worker-10: Building] INFO  o.e.m.c.i.e.AbstractTransferListenerAdapter - Downloaded https://repo.maven.apache.org/maven2/org/apache/commons/commons-parent/34/commons-parent-34.pom
2025-11-07 20:57:10,821 [Worker-10: Building] INFO  o.e.m.c.i.e.AbstractTransferListenerAdapter - Downloading https://repo.maven.apache.org/maven2/org/apache/apache/13/apache-13.pom
2025-11-07 20:57:10,945 [Worker-10: Building] INFO  o.e.m.c.i.e.AbstractTransferListenerAdapter - Downloaded https://repo.maven.apache.org/maven2/org/apache/apache/13/apache-13.pom
2025-11-07 20:57:11,037 [Worker-10: Building] INFO  o.e.m.c.i.e.AbstractTransferListenerAdapter - Downloading https://repo.maven.apache.org/maven2/com/fasterxml/jackson/dataformat/jackson-dataformat-xml/2.19.2/jackson-dataformat-xml-2.19.2.pom
2025-11-07 20:57:11,145 [Worker-10: Building] INFO  o.e.m.c.i.e.AbstractTransferListenerAdapter - Downloaded https://repo.maven.apache.org/maven2/com/fasterxml/jackson/dataformat/jackson-dataformat-xml/2.19.2/jackson-dataformat-xml-2.19.2.pom
2025-11-07 20:57:11,232 [Worker-10: Building] INFO  o.e.m.c.i.e.AbstractTransferListenerAdapter - Downloading https://repo.maven.apache.org/maven2/org/codehaus/woodstox/stax2-api/4.2.2/stax2-api-4.2.2.pom
2025-11-07 20:57:11,288 [Worker-10: Building] INFO  o.e.m.c.i.e.AbstractTransferListenerAdapter - Downloaded https://repo.maven.apache.org/maven2/org/codehaus/woodstox/stax2-api/4.2.2/stax2-api-4.2.2.pom
2025-11-07 20:57:11,383 [Worker-10: Building] INFO  o.e.m.c.i.e.AbstractTransferListenerAdapter - Downloading https://repo.maven.apache.org/maven2/com/fasterxml/oss-parent/55/oss-parent-55.pom
2025-11-07 20:57:11,498 [Worker-10: Building] INFO  o.e.m.c.i.e.AbstractTransferListenerAdapter - Downloaded https://repo.maven.apache.org/maven2/com/fasterxml/oss-parent/55/oss-parent-55.pom
2025-11-07 20:57:11,590 [Worker-10: Building] INFO  o.e.m.c.i.e.AbstractTransferListenerAdapter - Downloading https://repo.maven.apache.org/maven2/com/fasterxml/woodstox/woodstox-core/7.1.1/woodstox-core-7.1.1.pom
2025-11-07 20:57:11,684 [Worker-10: Building] INFO  o.e.m.c.i.e.AbstractTransferListenerAdapter - Downloaded https://repo.maven.apache.org/maven2/com/fasterxml/woodstox/woodstox-core/7.1.1/woodstox-core-7.1.1.pom
2025-11-07 20:57:11,770 [Worker-10: Building] INFO  o.e.m.c.i.e.AbstractTransferListenerAdapter - Downloading https://repo.maven.apache.org/maven2/com/fasterxml/oss-parent/68/oss-parent-68.pom
2025-11-07 20:57:11,882 [Worker-10: Building] INFO  o.e.m.c.i.e.AbstractTransferListenerAdapter - Downloaded https://repo.maven.apache.org/maven2/com/fasterxml/oss-parent/68/oss-parent-68.pom
2025-11-07 20:57:11,974 [Worker-10: Building] INFO  o.e.m.c.i.e.AbstractTransferListenerAdapter - Downloading https://repo.maven.apache.org/maven2/io/jsonwebtoken/jjwt/0.9.1/jjwt-0.9.1.pom
2025-11-07 20:57:12,077 [Worker-10: Building] INFO  o.e.m.c.i.e.AbstractTransferListenerAdapter - Downloaded https://repo.maven.apache.org/maven2/io/jsonwebtoken/jjwt/0.9.1/jjwt-0.9.1.pom
2025-11-07 20:57:12,156 [Worker-10: Building] INFO  o.e.m.c.i.e.AbstractTransferListenerAdapter - Downloading https://repo.maven.apache.org/maven2/org/springframework/boot/spring-boot-starter-security/3.5.4/spring-boot-starter-security-3.5.4.pom
2025-11-07 20:57:12,214 [Worker-10: Building] INFO  o.e.m.c.i.e.AbstractTransferListenerAdapter - Downloaded https://repo.maven.apache.org/maven2/org/springframework/boot/spring-boot-starter-security/3.5.4/spring-boot-starter-security-3.5.4.pom
2025-11-07 20:57:12,299 [Worker-10: Building] INFO  o.e.m.c.i.e.AbstractTransferListenerAdapter - Downloading https://repo.maven.apache.org/maven2/org/springframework/security/spring-security-config/6.5.2/spring-security-config-6.5.2.pom
2025-11-07 20:57:12,369 [Worker-10: Building] INFO  o.e.m.c.i.e.AbstractTransferListenerAdapter - Downloaded https://repo.maven.apache.org/maven2/org/springframework/security/spring-security-config/6.5.2/spring-security-config-6.5.2.pom
2025-11-07 20:57:12,548 [Worker-10: Building] INFO  o.e.m.c.i.e.AbstractTransferListenerAdapter - Downloading https://repo.maven.apache.org/maven2/org/springframework/security/spring-security-core/6.5.2/spring-security-core-6.5.2.pom
2025-11-07 20:57:12,602 [Worker-10: Building] INFO  o.e.m.c.i.e.AbstractTransferListenerAdapter - Downloaded https://repo.maven.apache.org/maven2/org/springframework/security/spring-security-core/6.5.2/spring-security-core-6.5.2.pom
2025-11-07 20:57:12,686 [Worker-10: Building] INFO  o.e.m.c.i.e.AbstractTransferListenerAdapter - Downloading https://repo.maven.apache.org/maven2/org/springframework/security/spring-security-crypto/6.5.2/spring-security-crypto-6.5.2.pom
2025-11-07 20:57:12,747 [Worker-10: Building] INFO  o.e.m.c.i.e.AbstractTransferListenerAdapter - Downloaded https://repo.maven.apache.org/maven2/org/springframework/security/spring-security-crypto/6.5.2/spring-security-crypto-6.5.2.pom
2025-11-07 20:57:12,847 [Worker-10: Building] INFO  o.e.m.c.i.e.AbstractTransferListenerAdapter - Downloading https://repo.maven.apache.org/maven2/org/springframework/security/spring-security-web/6.5.2/spring-security-web-6.5.2.pom
2025-11-07 20:57:12,912 [Worker-10: Building] INFO  o.e.m.c.i.e.AbstractTransferListenerAdapter - Downloaded https://repo.maven.apache.org/maven2/org/springframework/security/spring-security-web/6.5.2/spring-security-web-6.5.2.pom
2025-11-07 20:57:13,344 [Worker-10: Building] INFO  o.e.m.c.i.e.AbstractTransferListenerAdapter - Downloading https://repo.maven.apache.org/maven2/org/springframework/boot/spring-boot-starter/3.5.4/spring-boot-starter-3.5.4.jar
2025-11-07 20:57:13,520 [Worker-10: Building] INFO  o.e.m.c.i.e.AbstractTransferListenerAdapter - Downloaded https://repo.maven.apache.org/maven2/org/springframework/boot/spring-boot-starter/3.5.4/spring-boot-starter-3.5.4.jar
2025-11-07 20:57:13,574 [BasicRepositoryConnector-repo.maven.apache.org-0-0] INFO  o.e.m.c.i.e.AbstractTransferListenerAdapter - Downloading https://repo.maven.apache.org/maven2/org/springframework/boot/spring-boot/3.5.4/spring-boot-3.5.4.jar
2025-11-07 20:57:13,842 [BasicRepositoryConnector-repo.maven.apache.org-0-3] INFO  o.e.m.c.i.e.AbstractTransferListenerAdapter - Downloading https://repo.maven.apache.org/maven2/org/springframework/boot/spring-boot-starter-logging/3.5.4/spring-boot-starter-logging-3.5.4.jar
2025-11-07 20:57:13,846 [BasicRepositoryConnector-repo.maven.apache.org-0-4] INFO  o.e.m.c.i.e.AbstractTransferListenerAdapter - Downloading https://repo.maven.apache.org/maven2/ch/qos/logback/logback-classic/1.5.18/logback-classic-1.5.18.jar
2025-11-07 20:57:13,860 [BasicRepositoryConnector-repo.maven.apache.org-0-1] INFO  o.e.m.c.i.e.AbstractTransferListenerAdapter - Downloading https://repo.maven.apache.org/maven2/org/springframework/spring-context/6.2.9/spring-context-6.2.9.jar
2025-11-07 20:57:13,874 [BasicRepositoryConnector-repo.maven.apache.org-0-2] INFO  o.e.m.c.i.e.AbstractTransferListenerAdapter - Downloading https://repo.maven.apache.org/maven2/org/springframework/boot/spring-boot-autoconfigure/3.5.4/spring-boot-autoconfigure-3.5.4.jar
2025-11-07 20:57:14,153 [BasicRepositoryConnector-repo.maven.apache.org-0-3] INFO  o.e.m.c.i.e.AbstractTransferListenerAdapter - Downloaded https://repo.maven.apache.org/maven2/org/springframework/boot/spring-boot-starter-logging/3.5.4/spring-boot-starter-logging-3.5.4.jar
2025-11-07 20:57:14,171 [BasicRepositoryConnector-repo.maven.apache.org-0-0] INFO  o.e.m.c.i.e.AbstractTransferListenerAdapter - Downloaded https://repo.maven.apache.org/maven2/org/springframework/boot/spring-boot/3.5.4/spring-boot-3.5.4.jar
2025-11-07 20:57:14,195 [BasicRepositoryConnector-repo.maven.apache.org-0-3] INFO  o.e.m.c.i.e.AbstractTransferListenerAdapter - Downloading https://repo.maven.apache.org/maven2/ch/qos/logback/logback-core/1.5.18/logback-core-1.5.18.jar
2025-11-07 20:57:14,210 [BasicRepositoryConnector-repo.maven.apache.org-0-0] INFO  o.e.m.c.i.e.AbstractTransferListenerAdapter - Downloading https://repo.maven.apache.org/maven2/org/apache/logging/log4j/log4j-to-slf4j/2.24.3/log4j-to-slf4j-2.24.3.jar
2025-11-07 20:57:14,700 [BasicRepositoryConnector-repo.maven.apache.org-0-3] INFO  o.e.m.c.i.e.AbstractTransferListenerAdapter - Downloaded https://repo.maven.apache.org/maven2/ch/qos/logback/logback-core/1.5.18/logback-core-1.5.18.jar
2025-11-07 20:57:14,740 [BasicRepositoryConnector-repo.maven.apache.org-0-3] INFO  o.e.m.c.i.e.AbstractTransferListenerAdapter - Downloading https://repo.maven.apache.org/maven2/org/apache/logging/log4j/log4j-api/2.24.3/log4j-api-2.24.3.jar
2025-11-07 20:57:14,864 [BasicRepositoryConnector-repo.maven.apache.org-0-4] INFO  o.e.m.c.i.e.AbstractTransferListenerAdapter - Downloaded https://repo.maven.apache.org/maven2/ch/qos/logback/logback-classic/1.5.18/logback-classic-1.5.18.jar
2025-11-07 20:57:15,001 [BasicRepositoryConnector-repo.maven.apache.org-0-1] INFO  o.e.m.c.i.e.AbstractTransferListenerAdapter - Downloaded https://repo.maven.apache.org/maven2/org/springframework/spring-context/6.2.9/spring-context-6.2.9.jar
2025-11-07 20:57:15,012 [BasicRepositoryConnector-repo.maven.apache.org-0-4] INFO  o.e.m.c.i.e.AbstractTransferListenerAdapter - Downloading https://repo.maven.apache.org/maven2/org/slf4j/jul-to-slf4j/2.0.17/jul-to-slf4j-2.0.17.jar
2025-11-07 20:57:15,089 [BasicRepositoryConnector-repo.maven.apache.org-0-3] INFO  o.e.m.c.i.e.AbstractTransferListenerAdapter - Downloaded https://repo.maven.apache.org/maven2/org/apache/logging/log4j/log4j-api/2.24.3/log4j-api-2.24.3.jar
2025-11-07 20:57:15,096 [BasicRepositoryConnector-repo.maven.apache.org-0-2] INFO  o.e.m.c.i.e.AbstractTransferListenerAdapter - Downloaded https://repo.maven.apache.org/maven2/org/springframework/boot/spring-boot-autoconfigure/3.5.4/spring-boot-autoconfigure-3.5.4.jar
2025-11-07 20:57:15,126 [BasicRepositoryConnector-repo.maven.apache.org-0-3] INFO  o.e.m.c.i.e.AbstractTransferListenerAdapter - Downloading https://repo.maven.apache.org/maven2/org/springframework/spring-core/6.2.9/spring-core-6.2.9.jar
2025-11-07 20:57:15,141 [BasicRepositoryConnector-repo.maven.apache.org-0-2] INFO  o.e.m.c.i.e.AbstractTransferListenerAdapter - Downloading https://repo.maven.apache.org/maven2/org/springframework/spring-jcl/6.2.9/spring-jcl-6.2.9.jar
2025-11-07 20:57:15,204 [BasicRepositoryConnector-repo.maven.apache.org-0-1] INFO  o.e.m.c.i.e.AbstractTransferListenerAdapter - Downloading https://repo.maven.apache.org/maven2/jakarta/annotation/jakarta.annotation-api/2.1.1/jakarta.annotation-api-2.1.1.jar
2025-11-07 20:57:15,535 [BasicRepositoryConnector-repo.maven.apache.org-0-0] INFO  o.e.m.c.i.e.AbstractTransferListenerAdapter - Downloaded https://repo.maven.apache.org/maven2/org/apache/logging/log4j/log4j-to-slf4j/2.24.3/log4j-to-slf4j-2.24.3.jar
2025-11-07 20:57:15,576 [BasicRepositoryConnector-repo.maven.apache.org-0-0] INFO  o.e.m.c.i.e.AbstractTransferListenerAdapter - Downloading https://repo.maven.apache.org/maven2/org/yaml/snakeyaml/2.4/snakeyaml-2.4.jar
2025-11-07 20:57:15,655 [BasicRepositoryConnector-repo.maven.apache.org-0-4] INFO  o.e.m.c.i.e.AbstractTransferListenerAdapter - Downloaded https://repo.maven.apache.org/maven2/org/slf4j/jul-to-slf4j/2.0.17/jul-to-slf4j-2.0.17.jar
2025-11-07 20:57:15,802 [BasicRepositoryConnector-repo.maven.apache.org-0-0] INFO  o.e.m.c.i.e.AbstractTransferListenerAdapter - Downloaded https://repo.maven.apache.org/maven2/org/yaml/snakeyaml/2.4/snakeyaml-2.4.jar
2025-11-07 20:57:15,830 [BasicRepositoryConnector-repo.maven.apache.org-0-4] INFO  o.e.m.c.i.e.AbstractTransferListenerAdapter - Downloading https://repo.maven.apache.org/maven2/org/springframework/boot/spring-boot-starter-data-jpa/3.5.4/spring-boot-starter-data-jpa-3.5.4.jar
2025-11-07 20:57:15,837 [BasicRepositoryConnector-repo.maven.apache.org-0-0] INFO  o.e.m.c.i.e.AbstractTransferListenerAdapter - Downloading https://repo.maven.apache.org/maven2/org/springframework/boot/spring-boot-starter-jdbc/3.5.4/spring-boot-starter-jdbc-3.5.4.jar
2025-11-07 20:57:15,935 [BasicRepositoryConnector-repo.maven.apache.org-0-3] INFO  o.e.m.c.i.e.AbstractTransferListenerAdapter - Downloaded https://repo.maven.apache.org/maven2/org/springframework/spring-core/6.2.9/spring-core-6.2.9.jar
2025-11-07 20:57:15,952 [BasicRepositoryConnector-repo.maven.apache.org-0-4] INFO  o.e.m.c.i.e.AbstractTransferListenerAdapter - Downloaded https://repo.maven.apache.org/maven2/org/springframework/boot/spring-boot-starter-data-jpa/3.5.4/spring-boot-starter-data-jpa-3.5.4.jar
2025-11-07 20:57:15,963 [BasicRepositoryConnector-repo.maven.apache.org-0-0] INFO  o.e.m.c.i.e.AbstractTransferListenerAdapter - Downloaded https://repo.maven.apache.org/maven2/org/springframework/boot/spring-boot-starter-jdbc/3.5.4/spring-boot-starter-jdbc-3.5.4.jar
2025-11-07 20:57:15,982 [BasicRepositoryConnector-repo.maven.apache.org-0-4] INFO  o.e.m.c.i.e.AbstractTransferListenerAdapter - Downloading https://repo.maven.apache.org/maven2/org/springframework/spring-jdbc/6.2.9/spring-jdbc-6.2.9.jar
2025-11-07 20:57:16,000 [BasicRepositoryConnector-repo.maven.apache.org-0-0] INFO  o.e.m.c.i.e.AbstractTransferListenerAdapter - Downloading https://repo.maven.apache.org/maven2/org/hibernate/orm/hibernate-core/6.6.22.Final/hibernate-core-6.6.22.Final.jar
2025-11-07 20:57:16,006 [BasicRepositoryConnector-repo.maven.apache.org-0-3] INFO  o.e.m.c.i.e.AbstractTransferListenerAdapter - Downloading https://repo.maven.apache.org/maven2/com/zaxxer/HikariCP/6.3.1/HikariCP-6.3.1.jar
2025-11-07 20:57:16,378 [BasicRepositoryConnector-repo.maven.apache.org-0-4] INFO  o.e.m.c.i.e.AbstractTransferListenerAdapter - Downloaded https://repo.maven.apache.org/maven2/org/springframework/spring-jdbc/6.2.9/spring-jdbc-6.2.9.jar
2025-11-07 20:57:16,514 [BasicRepositoryConnector-repo.maven.apache.org-0-3] INFO  o.e.m.c.i.e.AbstractTransferListenerAdapter - Downloaded https://repo.maven.apache.org/maven2/com/zaxxer/HikariCP/6.3.1/HikariCP-6.3.1.jar
2025-11-07 20:57:16,541 [BasicRepositoryConnector-repo.maven.apache.org-0-2] INFO  o.e.m.c.i.e.AbstractTransferListenerAdapter - Downloaded https://repo.maven.apache.org/maven2/org/springframework/spring-jcl/6.2.9/spring-jcl-6.2.9.jar
2025-11-07 20:57:16,643 [BasicRepositoryConnector-repo.maven.apache.org-0-3] INFO  o.e.m.c.i.e.AbstractTransferListenerAdapter - Downloading https://repo.maven.apache.org/maven2/org/jboss/logging/jboss-logging/3.6.1.Final/jboss-logging-3.6.1.Final.jar
2025-11-07 20:57:16,659 [BasicRepositoryConnector-repo.maven.apache.org-0-2] INFO  o.e.m.c.i.e.AbstractTransferListenerAdapter - Downloading https://repo.maven.apache.org/maven2/org/hibernate/common/hibernate-commons-annotations/7.0.3.Final/hibernate-commons-annotations-7.0.3.Final.jar
2025-11-07 20:57:16,668 [BasicRepositoryConnector-repo.maven.apache.org-0-4] INFO  o.e.m.c.i.e.AbstractTransferListenerAdapter - Downloading https://repo.maven.apache.org/maven2/jakarta/transaction/jakarta.transaction-api/2.0.1/jakarta.transaction-api-2.0.1.jar
2025-11-07 20:57:16,893 [BasicRepositoryConnector-repo.maven.apache.org-0-1] INFO  o.e.m.c.i.e.AbstractTransferListenerAdapter - Downloaded https://repo.maven.apache.org/maven2/jakarta/annotation/jakarta.annotation-api/2.1.1/jakarta.annotation-api-2.1.1.jar
2025-11-07 20:57:16,969 [BasicRepositoryConnector-repo.maven.apache.org-0-1] INFO  o.e.m.c.i.e.AbstractTransferListenerAdapter - Downloading https://repo.maven.apache.org/maven2/io/smallrye/jandex/3.2.0/jandex-3.2.0.jar
2025-11-07 20:57:17,106 [BasicRepositoryConnector-repo.maven.apache.org-0-3] INFO  o.e.m.c.i.e.AbstractTransferListenerAdapter - Downloaded https://repo.maven.apache.org/maven2/org/jboss/logging/jboss-logging/3.6.1.Final/jboss-logging-3.6.1.Final.jar
2025-11-07 20:57:17,167 [BasicRepositoryConnector-repo.maven.apache.org-0-2] INFO  o.e.m.c.i.e.AbstractTransferListenerAdapter - Downloaded https://repo.maven.apache.org/maven2/org/hibernate/common/hibernate-commons-annotations/7.0.3.Final/hibernate-commons-annotations-7.0.3.Final.jar
2025-11-07 20:57:17,187 [BasicRepositoryConnector-repo.maven.apache.org-0-3] INFO  o.e.m.c.i.e.AbstractTransferListenerAdapter - Downloading https://repo.maven.apache.org/maven2/com/fasterxml/classmate/1.7.0/classmate-1.7.0.jar
2025-11-07 20:57:17,203 [BasicRepositoryConnector-repo.maven.apache.org-0-2] INFO  o.e.m.c.i.e.AbstractTransferListenerAdapter - Downloading https://repo.maven.apache.org/maven2/net/bytebuddy/byte-buddy/1.17.6/byte-buddy-1.17.6.jar
2025-11-07 20:57:17,891 [BasicRepositoryConnector-repo.maven.apache.org-0-3] INFO  o.e.m.c.i.e.AbstractTransferListenerAdapter - Downloaded https://repo.maven.apache.org/maven2/com/fasterxml/classmate/1.7.0/classmate-1.7.0.jar
2025-11-07 20:57:17,903 [BasicRepositoryConnector-repo.maven.apache.org-0-1] INFO  o.e.m.c.i.e.AbstractTransferListenerAdapter - Downloaded https://repo.maven.apache.org/maven2/io/smallrye/jandex/3.2.0/jandex-3.2.0.jar
2025-11-07 20:57:17,937 [BasicRepositoryConnector-repo.maven.apache.org-0-3] INFO  o.e.m.c.i.e.AbstractTransferListenerAdapter - Downloading https://repo.maven.apache.org/maven2/org/glassfish/jaxb/jaxb-runtime/4.0.5/jaxb-runtime-4.0.5.jar
2025-11-07 20:57:17,940 [BasicRepositoryConnector-repo.maven.apache.org-0-1] INFO  o.e.m.c.i.e.AbstractTransferListenerAdapter - Downloading https://repo.maven.apache.org/maven2/org/glassfish/jaxb/jaxb-core/4.0.5/jaxb-core-4.0.5.jar
2025-11-07 20:57:18,172 [BasicRepositoryConnector-repo.maven.apache.org-0-1] INFO  o.e.m.c.i.e.AbstractTransferListenerAdapter - Downloaded https://repo.maven.apache.org/maven2/org/glassfish/jaxb/jaxb-core/4.0.5/jaxb-core-4.0.5.jar
2025-11-07 20:57:18,173 [BasicRepositoryConnector-repo.maven.apache.org-0-0] INFO  o.e.m.c.i.e.AbstractTransferListenerAdapter - Downloaded https://repo.maven.apache.org/maven2/org/hibernate/orm/hibernate-core/6.6.22.Final/hibernate-core-6.6.22.Final.jar
2025-11-07 20:57:18,175 [BasicRepositoryConnector-repo.maven.apache.org-0-3] INFO  o.e.m.c.i.e.AbstractTransferListenerAdapter - Downloaded https://repo.maven.apache.org/maven2/org/glassfish/jaxb/jaxb-runtime/4.0.5/jaxb-runtime-4.0.5.jar
2025-11-07 20:57:18,206 [BasicRepositoryConnector-repo.maven.apache.org-0-3] INFO  o.e.m.c.i.e.AbstractTransferListenerAdapter - Downloading https://repo.maven.apache.org/maven2/com/sun/istack/istack-commons-runtime/4.1.2/istack-commons-runtime-4.1.2.jar
2025-11-07 20:57:18,208 [BasicRepositoryConnector-repo.maven.apache.org-0-0] INFO  o.e.m.c.i.e.AbstractTransferListenerAdapter - Downloading https://repo.maven.apache.org/maven2/org/glassfish/jaxb/txw2/4.0.5/txw2-4.0.5.jar
2025-11-07 20:57:18,209 [BasicRepositoryConnector-repo.maven.apache.org-0-1] INFO  o.e.m.c.i.e.AbstractTransferListenerAdapter - Downloading https://repo.maven.apache.org/maven2/org/eclipse/angus/angus-activation/2.0.2/angus-activation-2.0.2.jar
2025-11-07 20:57:18,378 [BasicRepositoryConnector-repo.maven.apache.org-0-2] INFO  o.e.m.c.i.e.AbstractTransferListenerAdapter - Downloaded https://repo.maven.apache.org/maven2/net/bytebuddy/byte-buddy/1.17.6/byte-buddy-1.17.6.jar
2025-11-07 20:57:18,415 [BasicRepositoryConnector-repo.maven.apache.org-0-2] INFO  o.e.m.c.i.e.AbstractTransferListenerAdapter - Downloading https://repo.maven.apache.org/maven2/jakarta/inject/jakarta.inject-api/2.0.1/jakarta.inject-api-2.0.1.jar
2025-11-07 20:57:18,488 [BasicRepositoryConnector-repo.maven.apache.org-0-0] INFO  o.e.m.c.i.e.AbstractTransferListenerAdapter - Downloaded https://repo.maven.apache.org/maven2/org/glassfish/jaxb/txw2/4.0.5/txw2-4.0.5.jar
2025-11-07 20:57:18,534 [BasicRepositoryConnector-repo.maven.apache.org-0-0] INFO  o.e.m.c.i.e.AbstractTransferListenerAdapter - Downloading https://repo.maven.apache.org/maven2/org/antlr/antlr4-runtime/4.13.0/antlr4-runtime-4.13.0.jar
2025-11-07 20:57:18,709 [BasicRepositoryConnector-repo.maven.apache.org-0-0] INFO  o.e.m.c.i.e.AbstractTransferListenerAdapter - Downloaded https://repo.maven.apache.org/maven2/org/antlr/antlr4-runtime/4.13.0/antlr4-runtime-4.13.0.jar
2025-11-07 20:57:18,745 [BasicRepositoryConnector-repo.maven.apache.org-0-0] INFO  o.e.m.c.i.e.AbstractTransferListenerAdapter - Downloading https://repo.maven.apache.org/maven2/org/springframework/data/spring-data-jpa/3.5.2/spring-data-jpa-3.5.2.jar
2025-11-07 20:57:19,060 [BasicRepositoryConnector-repo.maven.apache.org-0-0] INFO  o.e.m.c.i.e.AbstractTransferListenerAdapter - Downloaded https://repo.maven.apache.org/maven2/org/springframework/data/spring-data-jpa/3.5.2/spring-data-jpa-3.5.2.jar
2025-11-07 20:57:19,098 [BasicRepositoryConnector-repo.maven.apache.org-0-0] INFO  o.e.m.c.i.e.AbstractTransferListenerAdapter - Downloading https://repo.maven.apache.org/maven2/org/springframework/data/spring-data-commons/3.5.2/spring-data-commons-3.5.2.jar
2025-11-07 20:57:19,238 [BasicRepositoryConnector-repo.maven.apache.org-0-2] INFO  o.e.m.c.i.e.AbstractTransferListenerAdapter - Downloaded https://repo.maven.apache.org/maven2/jakarta/inject/jakarta.inject-api/2.0.1/jakarta.inject-api-2.0.1.jar
2025-11-07 20:57:19,277 [BasicRepositoryConnector-repo.maven.apache.org-0-2] INFO  o.e.m.c.i.e.AbstractTransferListenerAdapter - Downloading https://repo.maven.apache.org/maven2/org/springframework/spring-orm/6.2.9/spring-orm-6.2.9.jar
2025-11-07 20:57:19,370 [BasicRepositoryConnector-repo.maven.apache.org-0-0] INFO  o.e.m.c.i.e.AbstractTransferListenerAdapter - Downloaded https://repo.maven.apache.org/maven2/org/springframework/data/spring-data-commons/3.5.2/spring-data-commons-3.5.2.jar
2025-11-07 20:57:19,406 [BasicRepositoryConnector-repo.maven.apache.org-0-0] INFO  o.e.m.c.i.e.AbstractTransferListenerAdapter - Downloading https://repo.maven.apache.org/maven2/org/springframework/spring-tx/6.2.9/spring-tx-6.2.9.jar
2025-11-07 20:57:19,451 [BasicRepositoryConnector-repo.maven.apache.org-0-2] INFO  o.e.m.c.i.e.AbstractTransferListenerAdapter - Downloaded https://repo.maven.apache.org/maven2/org/springframework/spring-orm/6.2.9/spring-orm-6.2.9.jar
2025-11-07 20:57:19,496 [BasicRepositoryConnector-repo.maven.apache.org-0-2] INFO  o.e.m.c.i.e.AbstractTransferListenerAdapter - Downloading https://repo.maven.apache.org/maven2/org/springframework/spring-beans/6.2.9/spring-beans-6.2.9.jar
2025-11-07 20:57:19,609 [BasicRepositoryConnector-repo.maven.apache.org-0-0] INFO  o.e.m.c.i.e.AbstractTransferListenerAdapter - Downloaded https://repo.maven.apache.org/maven2/org/springframework/spring-tx/6.2.9/spring-tx-6.2.9.jar
2025-11-07 20:57:19,648 [BasicRepositoryConnector-repo.maven.apache.org-0-0] INFO  o.e.m.c.i.e.AbstractTransferListenerAdapter - Downloading https://repo.maven.apache.org/maven2/org/springframework/spring-aspects/6.2.9/spring-aspects-6.2.9.jar
2025-11-07 20:57:19,685 [BasicRepositoryConnector-repo.maven.apache.org-0-2] INFO  o.e.m.c.i.e.AbstractTransferListenerAdapter - Downloaded https://repo.maven.apache.org/maven2/org/springframework/spring-beans/6.2.9/spring-beans-6.2.9.jar
2025-11-07 20:57:19,722 [BasicRepositoryConnector-repo.maven.apache.org-0-2] INFO  o.e.m.c.i.e.AbstractTransferListenerAdapter - Downloading https://repo.maven.apache.org/maven2/org/aspectj/aspectjweaver/1.9.24/aspectjweaver-1.9.24.jar
2025-11-07 20:57:19,861 [BasicRepositoryConnector-repo.maven.apache.org-0-3] INFO  o.e.m.c.i.e.AbstractTransferListenerAdapter - Downloaded https://repo.maven.apache.org/maven2/com/sun/istack/istack-commons-runtime/4.1.2/istack-commons-runtime-4.1.2.jar
2025-11-07 20:57:19,897 [BasicRepositoryConnector-repo.maven.apache.org-0-3] INFO  o.e.m.c.i.e.AbstractTransferListenerAdapter - Downloading https://repo.maven.apache.org/maven2/org/springframework/boot/spring-boot-starter-validation/3.5.4/spring-boot-starter-validation-3.5.4.jar
2025-11-07 20:57:19,994 [BasicRepositoryConnector-repo.maven.apache.org-0-3] INFO  o.e.m.c.i.e.AbstractTransferListenerAdapter - Downloaded https://repo.maven.apache.org/maven2/org/springframework/boot/spring-boot-starter-validation/3.5.4/spring-boot-starter-validation-3.5.4.jar
2025-11-07 20:57:20,037 [BasicRepositoryConnector-repo.maven.apache.org-0-3] INFO  o.e.m.c.i.e.AbstractTransferListenerAdapter - Downloading https://repo.maven.apache.org/maven2/org/apache/tomcat/embed/tomcat-embed-el/10.1.43/tomcat-embed-el-10.1.43.jar
2025-11-07 20:57:20,043 [BasicRepositoryConnector-repo.maven.apache.org-0-2] INFO  o.e.m.c.i.e.AbstractTransferListenerAdapter - Downloaded https://repo.maven.apache.org/maven2/org/aspectj/aspectjweaver/1.9.24/aspectjweaver-1.9.24.jar
2025-11-07 20:57:20,105 [BasicRepositoryConnector-repo.maven.apache.org-0-2] INFO  o.e.m.c.i.e.AbstractTransferListenerAdapter - Downloading https://repo.maven.apache.org/maven2/org/hibernate/validator/hibernate-validator/8.0.2.Final/hibernate-validator-8.0.2.Final.jar
2025-11-07 20:57:20,279 [BasicRepositoryConnector-repo.maven.apache.org-0-3] INFO  o.e.m.c.i.e.AbstractTransferListenerAdapter - Downloaded https://repo.maven.apache.org/maven2/org/apache/tomcat/embed/tomcat-embed-el/10.1.43/tomcat-embed-el-10.1.43.jar
2025-11-07 20:57:20,318 [BasicRepositoryConnector-repo.maven.apache.org-0-3] INFO  o.e.m.c.i.e.AbstractTransferListenerAdapter - Downloading https://repo.maven.apache.org/maven2/jakarta/validation/jakarta.validation-api/3.0.2/jakarta.validation-api-3.0.2.jar
2025-11-07 20:57:20,328 [BasicRepositoryConnector-repo.maven.apache.org-0-2] INFO  o.e.m.c.i.e.AbstractTransferListenerAdapter - Downloaded https://repo.maven.apache.org/maven2/org/hibernate/validator/hibernate-validator/8.0.2.Final/hibernate-validator-8.0.2.Final.jar
2025-11-07 20:57:20,333 [BasicRepositoryConnector-repo.maven.apache.org-0-1] INFO  o.e.m.c.i.e.AbstractTransferListenerAdapter - Downloaded https://repo.maven.apache.org/maven2/org/eclipse/angus/angus-activation/2.0.2/angus-activation-2.0.2.jar
2025-11-07 20:57:20,361 [BasicRepositoryConnector-repo.maven.apache.org-0-4] INFO  o.e.m.c.i.e.AbstractTransferListenerAdapter - Downloaded https://repo.maven.apache.org/maven2/jakarta/transaction/jakarta.transaction-api/2.0.1/jakarta.transaction-api-2.0.1.jar
2025-11-07 20:57:20,367 [BasicRepositoryConnector-repo.maven.apache.org-0-2] INFO  o.e.m.c.i.e.AbstractTransferListenerAdapter - Downloading https://repo.maven.apache.org/maven2/com/mysql/mysql-connector-j/8.0.33/mysql-connector-j-8.0.33.jar
2025-11-07 20:57:20,381 [BasicRepositoryConnector-repo.maven.apache.org-0-1] INFO  o.e.m.c.i.e.AbstractTransferListenerAdapter - Downloading https://repo.maven.apache.org/maven2/org/springframework/boot/spring-boot-starter-web/3.5.4/spring-boot-starter-web-3.5.4.jar
2025-11-07 20:57:20,410 [BasicRepositoryConnector-repo.maven.apache.org-0-4] INFO  o.e.m.c.i.e.AbstractTransferListenerAdapter - Downloading https://repo.maven.apache.org/maven2/org/springframework/boot/spring-boot-starter-json/3.5.4/spring-boot-starter-json-3.5.4.jar
2025-11-07 20:57:20,536 [BasicRepositoryConnector-repo.maven.apache.org-0-4] INFO  o.e.m.c.i.e.AbstractTransferListenerAdapter - Downloaded https://repo.maven.apache.org/maven2/org/springframework/boot/spring-boot-starter-json/3.5.4/spring-boot-starter-json-3.5.4.jar
2025-11-07 20:57:20,548 [BasicRepositoryConnector-repo.maven.apache.org-0-1] INFO  o.e.m.c.i.e.AbstractTransferListenerAdapter - Downloaded https://repo.maven.apache.org/maven2/org/springframework/boot/spring-boot-starter-web/3.5.4/spring-boot-starter-web-3.5.4.jar
2025-11-07 20:57:20,576 [BasicRepositoryConnector-repo.maven.apache.org-0-4] INFO  o.e.m.c.i.e.AbstractTransferListenerAdapter - Downloading https://repo.maven.apache.org/maven2/com/fasterxml/jackson/datatype/jackson-datatype-jdk8/2.19.2/jackson-datatype-jdk8-2.19.2.jar
2025-11-07 20:57:20,583 [BasicRepositoryConnector-repo.maven.apache.org-0-1] INFO  o.e.m.c.i.e.AbstractTransferListenerAdapter - Downloading https://repo.maven.apache.org/maven2/com/fasterxml/jackson/module/jackson-module-parameter-names/2.19.2/jackson-module-parameter-names-2.19.2.jar
2025-11-07 20:57:20,603 [BasicRepositoryConnector-repo.maven.apache.org-0-3] INFO  o.e.m.c.i.e.AbstractTransferListenerAdapter - Downloaded https://repo.maven.apache.org/maven2/jakarta/validation/jakarta.validation-api/3.0.2/jakarta.validation-api-3.0.2.jar
2025-11-07 20:57:20,641 [BasicRepositoryConnector-repo.maven.apache.org-0-3] INFO  o.e.m.c.i.e.AbstractTransferListenerAdapter - Downloading https://repo.maven.apache.org/maven2/org/springframework/boot/spring-boot-starter-tomcat/3.5.4/spring-boot-starter-tomcat-3.5.4.jar
2025-11-07 20:57:20,752 [BasicRepositoryConnector-repo.maven.apache.org-0-3] INFO  o.e.m.c.i.e.AbstractTransferListenerAdapter - Downloaded https://repo.maven.apache.org/maven2/org/springframework/boot/spring-boot-starter-tomcat/3.5.4/spring-boot-starter-tomcat-3.5.4.jar
2025-11-07 20:57:20,796 [BasicRepositoryConnector-repo.maven.apache.org-0-3] INFO  o.e.m.c.i.e.AbstractTransferListenerAdapter - Downloading https://repo.maven.apache.org/maven2/org/apache/tomcat/embed/tomcat-embed-core/10.1.43/tomcat-embed-core-10.1.43.jar
2025-11-07 20:57:21,077 [BasicRepositoryConnector-repo.maven.apache.org-0-2] INFO  o.e.m.c.i.e.AbstractTransferListenerAdapter - Downloaded https://repo.maven.apache.org/maven2/com/mysql/mysql-connector-j/8.0.33/mysql-connector-j-8.0.33.jar
2025-11-07 20:57:21,144 [BasicRepositoryConnector-repo.maven.apache.org-0-2] INFO  o.e.m.c.i.e.AbstractTransferListenerAdapter - Downloading https://repo.maven.apache.org/maven2/org/apache/tomcat/embed/tomcat-embed-websocket/10.1.43/tomcat-embed-websocket-10.1.43.jar
2025-11-07 20:57:21,379 [BasicRepositoryConnector-repo.maven.apache.org-0-3] INFO  o.e.m.c.i.e.AbstractTransferListenerAdapter - Downloaded https://repo.maven.apache.org/maven2/org/apache/tomcat/embed/tomcat-embed-core/10.1.43/tomcat-embed-core-10.1.43.jar
2025-11-07 20:57:21,432 [BasicRepositoryConnector-repo.maven.apache.org-0-3] INFO  o.e.m.c.i.e.AbstractTransferListenerAdapter - Downloading https://repo.maven.apache.org/maven2/org/springframework/spring-web/6.2.9/spring-web-6.2.9.jar
2025-11-07 20:57:21,540 [BasicRepositoryConnector-repo.maven.apache.org-0-2] INFO  o.e.m.c.i.e.AbstractTransferListenerAdapter - Downloaded https://repo.maven.apache.org/maven2/org/apache/tomcat/embed/tomcat-embed-websocket/10.1.43/tomcat-embed-websocket-10.1.43.jar
2025-11-07 20:57:21,579 [BasicRepositoryConnector-repo.maven.apache.org-0-2] INFO  o.e.m.c.i.e.AbstractTransferListenerAdapter - Downloading https://repo.maven.apache.org/maven2/io/micrometer/micrometer-observation/1.15.2/micrometer-observation-1.15.2.jar
2025-11-07 20:57:21,704 [BasicRepositoryConnector-repo.maven.apache.org-0-3] INFO  o.e.m.c.i.e.AbstractTransferListenerAdapter - Downloaded https://repo.maven.apache.org/maven2/org/springframework/spring-web/6.2.9/spring-web-6.2.9.jar
2025-11-07 20:57:21,729 [BasicRepositoryConnector-repo.maven.apache.org-0-2] INFO  o.e.m.c.i.e.AbstractTransferListenerAdapter - Downloaded https://repo.maven.apache.org/maven2/io/micrometer/micrometer-observation/1.15.2/micrometer-observation-1.15.2.jar
2025-11-07 20:57:21,738 [BasicRepositoryConnector-repo.maven.apache.org-0-3] INFO  o.e.m.c.i.e.AbstractTransferListenerAdapter - Downloading https://repo.maven.apache.org/maven2/io/micrometer/micrometer-commons/1.15.2/micrometer-commons-1.15.2.jar
2025-11-07 20:57:21,763 [BasicRepositoryConnector-repo.maven.apache.org-0-2] INFO  o.e.m.c.i.e.AbstractTransferListenerAdapter - Downloading https://repo.maven.apache.org/maven2/org/springframework/spring-webmvc/6.2.9/spring-webmvc-6.2.9.jar
2025-11-07 20:57:21,985 [BasicRepositoryConnector-repo.maven.apache.org-0-2] INFO  o.e.m.c.i.e.AbstractTransferListenerAdapter - Downloaded https://repo.maven.apache.org/maven2/org/springframework/spring-webmvc/6.2.9/spring-webmvc-6.2.9.jar
2025-11-07 20:57:22,025 [BasicRepositoryConnector-repo.maven.apache.org-0-2] INFO  o.e.m.c.i.e.AbstractTransferListenerAdapter - Downloading https://repo.maven.apache.org/maven2/org/springframework/spring-expression/6.2.9/spring-expression-6.2.9.jar
2025-11-07 20:57:22,191 [BasicRepositoryConnector-repo.maven.apache.org-0-2] INFO  o.e.m.c.i.e.AbstractTransferListenerAdapter - Downloaded https://repo.maven.apache.org/maven2/org/springframework/spring-expression/6.2.9/spring-expression-6.2.9.jar
2025-11-07 20:57:22,235 [BasicRepositoryConnector-repo.maven.apache.org-0-2] INFO  o.e.m.c.i.e.AbstractTransferListenerAdapter - Downloading https://repo.maven.apache.org/maven2/jakarta/persistence/jakarta.persistence-api/3.1.0/jakarta.persistence-api-3.1.0.jar
2025-11-07 20:57:22,257 [BasicRepositoryConnector-repo.maven.apache.org-0-1] INFO  o.e.m.c.i.e.AbstractTransferListenerAdapter - Downloaded https://repo.maven.apache.org/maven2/com/fasterxml/jackson/module/jackson-module-parameter-names/2.19.2/jackson-module-parameter-names-2.19.2.jar
2025-11-07 20:57:22,307 [BasicRepositoryConnector-repo.maven.apache.org-0-1] INFO  o.e.m.c.i.e.AbstractTransferListenerAdapter - Downloading https://repo.maven.apache.org/maven2/org/springframework/boot/spring-boot-starter-test/3.5.4/spring-boot-starter-test-3.5.4.jar
2025-11-07 20:57:22,415 [BasicRepositoryConnector-repo.maven.apache.org-0-2] INFO  o.e.m.c.i.e.AbstractTransferListenerAdapter - Downloaded https://repo.maven.apache.org/maven2/jakarta/persistence/jakarta.persistence-api/3.1.0/jakarta.persistence-api-3.1.0.jar
2025-11-07 20:57:22,435 [BasicRepositoryConnector-repo.maven.apache.org-0-1] INFO  o.e.m.c.i.e.AbstractTransferListenerAdapter - Downloaded https://repo.maven.apache.org/maven2/org/springframework/boot/spring-boot-starter-test/3.5.4/spring-boot-starter-test-3.5.4.jar
2025-11-07 20:57:22,456 [BasicRepositoryConnector-repo.maven.apache.org-0-2] INFO  o.e.m.c.i.e.AbstractTransferListenerAdapter - Downloading https://repo.maven.apache.org/maven2/org/springframework/boot/spring-boot-test/3.5.4/spring-boot-test-3.5.4.jar
2025-11-07 20:57:22,479 [BasicRepositoryConnector-repo.maven.apache.org-0-1] INFO  o.e.m.c.i.e.AbstractTransferListenerAdapter - Downloading https://repo.maven.apache.org/maven2/org/springframework/boot/spring-boot-test-autoconfigure/3.5.4/spring-boot-test-autoconfigure-3.5.4.jar
2025-11-07 20:57:22,626 [BasicRepositoryConnector-repo.maven.apache.org-0-2] INFO  o.e.m.c.i.e.AbstractTransferListenerAdapter - Downloaded https://repo.maven.apache.org/maven2/org/springframework/boot/spring-boot-test/3.5.4/spring-boot-test-3.5.4.jar
2025-11-07 20:57:22,642 [BasicRepositoryConnector-repo.maven.apache.org-0-1] INFO  o.e.m.c.i.e.AbstractTransferListenerAdapter - Downloaded https://repo.maven.apache.org/maven2/org/springframework/boot/spring-boot-test-autoconfigure/3.5.4/spring-boot-test-autoconfigure-3.5.4.jar
2025-11-07 20:57:22,674 [BasicRepositoryConnector-repo.maven.apache.org-0-2] INFO  o.e.m.c.i.e.AbstractTransferListenerAdapter - Downloading https://repo.maven.apache.org/maven2/com/jayway/jsonpath/json-path/2.9.0/json-path-2.9.0.jar
2025-11-07 20:57:22,677 [BasicRepositoryConnector-repo.maven.apache.org-0-1] INFO  o.e.m.c.i.e.AbstractTransferListenerAdapter - Downloading https://repo.maven.apache.org/maven2/jakarta/xml/bind/jakarta.xml.bind-api/4.0.2/jakarta.xml.bind-api-4.0.2.jar
2025-11-07 20:57:22,825 [BasicRepositoryConnector-repo.maven.apache.org-0-1] INFO  o.e.m.c.i.e.AbstractTransferListenerAdapter - Downloaded https://repo.maven.apache.org/maven2/jakarta/xml/bind/jakarta.xml.bind-api/4.0.2/jakarta.xml.bind-api-4.0.2.jar
2025-11-07 20:57:22,847 [BasicRepositoryConnector-repo.maven.apache.org-0-2] INFO  o.e.m.c.i.e.AbstractTransferListenerAdapter - Downloaded https://repo.maven.apache.org/maven2/com/jayway/jsonpath/json-path/2.9.0/json-path-2.9.0.jar
2025-11-07 20:57:22,857 [BasicRepositoryConnector-repo.maven.apache.org-0-1] INFO  o.e.m.c.i.e.AbstractTransferListenerAdapter - Downloading https://repo.maven.apache.org/maven2/jakarta/activation/jakarta.activation-api/2.1.3/jakarta.activation-api-2.1.3.jar
2025-11-07 20:57:22,882 [BasicRepositoryConnector-repo.maven.apache.org-0-2] INFO  o.e.m.c.i.e.AbstractTransferListenerAdapter - Downloading https://repo.maven.apache.org/maven2/net/minidev/json-smart/2.5.2/json-smart-2.5.2.jar
2025-11-07 20:57:23,002 [BasicRepositoryConnector-repo.maven.apache.org-0-1] INFO  o.e.m.c.i.e.AbstractTransferListenerAdapter - Downloaded https://repo.maven.apache.org/maven2/jakarta/activation/jakarta.activation-api/2.1.3/jakarta.activation-api-2.1.3.jar
2025-11-07 20:57:23,023 [BasicRepositoryConnector-repo.maven.apache.org-0-0] INFO  o.e.m.c.i.e.AbstractTransferListenerAdapter - Downloaded https://repo.maven.apache.org/maven2/org/springframework/spring-aspects/6.2.9/spring-aspects-6.2.9.jar
2025-11-07 20:57:23,028 [BasicRepositoryConnector-repo.maven.apache.org-0-2] INFO  o.e.m.c.i.e.AbstractTransferListenerAdapter - Downloaded https://repo.maven.apache.org/maven2/net/minidev/json-smart/2.5.2/json-smart-2.5.2.jar
2025-11-07 20:57:23,035 [BasicRepositoryConnector-repo.maven.apache.org-0-1] INFO  o.e.m.c.i.e.AbstractTransferListenerAdapter - Downloading https://repo.maven.apache.org/maven2/net/minidev/accessors-smart/2.5.2/accessors-smart-2.5.2.jar
2025-11-07 20:57:23,061 [BasicRepositoryConnector-repo.maven.apache.org-0-2] INFO  o.e.m.c.i.e.AbstractTransferListenerAdapter - Downloading https://repo.maven.apache.org/maven2/org/assertj/assertj-core/3.27.3/assertj-core-3.27.3.jar
2025-11-07 20:57:23,069 [BasicRepositoryConnector-repo.maven.apache.org-0-0] INFO  o.e.m.c.i.e.AbstractTransferListenerAdapter - Downloading https://repo.maven.apache.org/maven2/org/ow2/asm/asm/9.7.1/asm-9.7.1.jar
2025-11-07 20:57:23,250 [BasicRepositoryConnector-repo.maven.apache.org-0-0] INFO  o.e.m.c.i.e.AbstractTransferListenerAdapter - Downloaded https://repo.maven.apache.org/maven2/org/ow2/asm/asm/9.7.1/asm-9.7.1.jar
2025-11-07 20:57:23,293 [BasicRepositoryConnector-repo.maven.apache.org-0-0] INFO  o.e.m.c.i.e.AbstractTransferListenerAdapter - Downloading https://repo.maven.apache.org/maven2/org/awaitility/awaitility/4.2.2/awaitility-4.2.2.jar
2025-11-07 20:57:23,346 [BasicRepositoryConnector-repo.maven.apache.org-0-2] INFO  o.e.m.c.i.e.AbstractTransferListenerAdapter - Downloaded https://repo.maven.apache.org/maven2/org/assertj/assertj-core/3.27.3/assertj-core-3.27.3.jar
2025-11-07 20:57:23,376 [BasicRepositoryConnector-repo.maven.apache.org-0-2] INFO  o.e.m.c.i.e.AbstractTransferListenerAdapter - Downloading https://repo.maven.apache.org/maven2/org/hamcrest/hamcrest/3.0/hamcrest-3.0.jar
2025-11-07 20:57:23,466 [BasicRepositoryConnector-repo.maven.apache.org-0-0] INFO  o.e.m.c.i.e.AbstractTransferListenerAdapter - Downloaded https://repo.maven.apache.org/maven2/org/awaitility/awaitility/4.2.2/awaitility-4.2.2.jar
2025-11-07 20:57:23,507 [BasicRepositoryConnector-repo.maven.apache.org-0-0] INFO  o.e.m.c.i.e.AbstractTransferListenerAdapter - Downloading https://repo.maven.apache.org/maven2/org/junit/jupiter/junit-jupiter/5.12.2/junit-jupiter-5.12.2.jar
2025-11-07 20:57:23,547 [BasicRepositoryConnector-repo.maven.apache.org-0-2] INFO  o.e.m.c.i.e.AbstractTransferListenerAdapter - Downloaded https://repo.maven.apache.org/maven2/org/hamcrest/hamcrest/3.0/hamcrest-3.0.jar
2025-11-07 20:57:23,589 [BasicRepositoryConnector-repo.maven.apache.org-0-2] INFO  o.e.m.c.i.e.AbstractTransferListenerAdapter - Downloading https://repo.maven.apache.org/maven2/org/junit/jupiter/junit-jupiter-api/5.12.2/junit-jupiter-api-5.12.2.jar
2025-11-07 20:57:23,652 [BasicRepositoryConnector-repo.maven.apache.org-0-0] INFO  o.e.m.c.i.e.AbstractTransferListenerAdapter - Downloaded https://repo.maven.apache.org/maven2/org/junit/jupiter/junit-jupiter/5.12.2/junit-jupiter-5.12.2.jar
2025-11-07 20:57:23,686 [BasicRepositoryConnector-repo.maven.apache.org-0-0] INFO  o.e.m.c.i.e.AbstractTransferListenerAdapter - Downloading https://repo.maven.apache.org/maven2/org/opentest4j/opentest4j/1.3.0/opentest4j-1.3.0.jar
2025-11-07 20:57:23,767 [BasicRepositoryConnector-repo.maven.apache.org-0-2] INFO  o.e.m.c.i.e.AbstractTransferListenerAdapter - Downloaded https://repo.maven.apache.org/maven2/org/junit/jupiter/junit-jupiter-api/5.12.2/junit-jupiter-api-5.12.2.jar
2025-11-07 20:57:23,817 [BasicRepositoryConnector-repo.maven.apache.org-0-2] INFO  o.e.m.c.i.e.AbstractTransferListenerAdapter - Downloading https://repo.maven.apache.org/maven2/org/junit/platform/junit-platform-commons/1.12.2/junit-platform-commons-1.12.2.jar
2025-11-07 20:57:23,963 [BasicRepositoryConnector-repo.maven.apache.org-0-4] INFO  o.e.m.c.i.e.AbstractTransferListenerAdapter - Downloaded https://repo.maven.apache.org/maven2/com/fasterxml/jackson/datatype/jackson-datatype-jdk8/2.19.2/jackson-datatype-jdk8-2.19.2.jar
2025-11-07 20:57:24,007 [BasicRepositoryConnector-repo.maven.apache.org-0-4] INFO  o.e.m.c.i.e.AbstractTransferListenerAdapter - Downloading https://repo.maven.apache.org/maven2/org/apiguardian/apiguardian-api/1.1.2/apiguardian-api-1.1.2.jar
2025-11-07 20:57:24,022 [BasicRepositoryConnector-repo.maven.apache.org-0-2] INFO  o.e.m.c.i.e.AbstractTransferListenerAdapter - Downloaded https://repo.maven.apache.org/maven2/org/junit/platform/junit-platform-commons/1.12.2/junit-platform-commons-1.12.2.jar
2025-11-07 20:57:24,057 [BasicRepositoryConnector-repo.maven.apache.org-0-2] INFO  o.e.m.c.i.e.AbstractTransferListenerAdapter - Downloading https://repo.maven.apache.org/maven2/org/junit/jupiter/junit-jupiter-params/5.12.2/junit-jupiter-params-5.12.2.jar
2025-11-07 20:57:24,219 [BasicRepositoryConnector-repo.maven.apache.org-0-4] INFO  o.e.m.c.i.e.AbstractTransferListenerAdapter - Downloaded https://repo.maven.apache.org/maven2/org/apiguardian/apiguardian-api/1.1.2/apiguardian-api-1.1.2.jar
2025-11-07 20:57:24,248 [BasicRepositoryConnector-repo.maven.apache.org-0-2] INFO  o.e.m.c.i.e.AbstractTransferListenerAdapter - Downloaded https://repo.maven.apache.org/maven2/org/junit/jupiter/junit-jupiter-params/5.12.2/junit-jupiter-params-5.12.2.jar
2025-11-07 20:57:24,252 [BasicRepositoryConnector-repo.maven.apache.org-0-4] INFO  o.e.m.c.i.e.AbstractTransferListenerAdapter - Downloading https://repo.maven.apache.org/maven2/org/junit/jupiter/junit-jupiter-engine/5.12.2/junit-jupiter-engine-5.12.2.jar
2025-11-07 20:57:24,289 [BasicRepositoryConnector-repo.maven.apache.org-0-2] INFO  o.e.m.c.i.e.AbstractTransferListenerAdapter - Downloading https://repo.maven.apache.org/maven2/org/junit/platform/junit-platform-engine/1.12.2/junit-platform-engine-1.12.2.jar
2025-11-07 20:57:24,453 [BasicRepositoryConnector-repo.maven.apache.org-0-4] INFO  o.e.m.c.i.e.AbstractTransferListenerAdapter - Downloaded https://repo.maven.apache.org/maven2/org/junit/jupiter/junit-jupiter-engine/5.12.2/junit-jupiter-engine-5.12.2.jar
2025-11-07 20:57:24,455 [BasicRepositoryConnector-repo.maven.apache.org-0-2] INFO  o.e.m.c.i.e.AbstractTransferListenerAdapter - Downloaded https://repo.maven.apache.org/maven2/org/junit/platform/junit-platform-engine/1.12.2/junit-platform-engine-1.12.2.jar
2025-11-07 20:57:24,491 [BasicRepositoryConnector-repo.maven.apache.org-0-4] INFO  o.e.m.c.i.e.AbstractTransferListenerAdapter - Downloading https://repo.maven.apache.org/maven2/org/mockito/mockito-core/5.17.0/mockito-core-5.17.0.jar
2025-11-07 20:57:24,497 [BasicRepositoryConnector-repo.maven.apache.org-0-2] INFO  o.e.m.c.i.e.AbstractTransferListenerAdapter - Downloading https://repo.maven.apache.org/maven2/net/bytebuddy/byte-buddy-agent/1.17.6/byte-buddy-agent-1.17.6.jar
2025-11-07 20:57:24,616 [BasicRepositoryConnector-repo.maven.apache.org-0-0] INFO  o.e.m.c.i.e.AbstractTransferListenerAdapter - Downloaded https://repo.maven.apache.org/maven2/org/opentest4j/opentest4j/1.3.0/opentest4j-1.3.0.jar
2025-11-07 20:57:24,651 [BasicRepositoryConnector-repo.maven.apache.org-0-0] INFO  o.e.m.c.i.e.AbstractTransferListenerAdapter - Downloading https://repo.maven.apache.org/maven2/org/objenesis/objenesis/3.3/objenesis-3.3.jar
2025-11-07 20:57:24,695 [BasicRepositoryConnector-repo.maven.apache.org-0-2] INFO  o.e.m.c.i.e.AbstractTransferListenerAdapter - Downloaded https://repo.maven.apache.org/maven2/net/bytebuddy/byte-buddy-agent/1.17.6/byte-buddy-agent-1.17.6.jar
2025-11-07 20:57:24,697 [BasicRepositoryConnector-repo.maven.apache.org-0-4] INFO  o.e.m.c.i.e.AbstractTransferListenerAdapter - Downloaded https://repo.maven.apache.org/maven2/org/mockito/mockito-core/5.17.0/mockito-core-5.17.0.jar
2025-11-07 20:57:24,731 [BasicRepositoryConnector-repo.maven.apache.org-0-2] INFO  o.e.m.c.i.e.AbstractTransferListenerAdapter - Downloading https://repo.maven.apache.org/maven2/org/mockito/mockito-junit-jupiter/5.17.0/mockito-junit-jupiter-5.17.0.jar
2025-11-07 20:57:24,740 [BasicRepositoryConnector-repo.maven.apache.org-0-4] INFO  o.e.m.c.i.e.AbstractTransferListenerAdapter - Downloading https://repo.maven.apache.org/maven2/org/skyscreamer/jsonassert/1.5.3/jsonassert-1.5.3.jar
2025-11-07 20:57:26,020 [BasicRepositoryConnector-repo.maven.apache.org-0-1] INFO  o.e.m.c.i.e.AbstractTransferListenerAdapter - Downloaded https://repo.maven.apache.org/maven2/net/minidev/accessors-smart/2.5.2/accessors-smart-2.5.2.jar
2025-11-07 20:57:26,034 [BasicRepositoryConnector-repo.maven.apache.org-0-2] INFO  o.e.m.c.i.e.AbstractTransferListenerAdapter - Downloaded https://repo.maven.apache.org/maven2/org/mockito/mockito-junit-jupiter/5.17.0/mockito-junit-jupiter-5.17.0.jar
2025-11-07 20:57:26,073 [BasicRepositoryConnector-repo.maven.apache.org-0-2] INFO  o.e.m.c.i.e.AbstractTransferListenerAdapter - Downloading https://repo.maven.apache.org/maven2/org/springframework/spring-test/6.2.9/spring-test-6.2.9.jar
2025-11-07 20:57:26,078 [BasicRepositoryConnector-repo.maven.apache.org-0-1] INFO  o.e.m.c.i.e.AbstractTransferListenerAdapter - Downloading https://repo.maven.apache.org/maven2/com/vaadin/external/google/android-json/0.0.20131108.vaadin1/android-json-0.0.20131108.vaadin1.jar
2025-11-07 20:57:26,383 [BasicRepositoryConnector-repo.maven.apache.org-0-2] INFO  o.e.m.c.i.e.AbstractTransferListenerAdapter - Downloaded https://repo.maven.apache.org/maven2/org/springframework/spring-test/6.2.9/spring-test-6.2.9.jar
2025-11-07 20:57:26,432 [BasicRepositoryConnector-repo.maven.apache.org-0-2] INFO  o.e.m.c.i.e.AbstractTransferListenerAdapter - Downloading https://repo.maven.apache.org/maven2/org/xmlunit/xmlunit-core/2.10.3/xmlunit-core-2.10.3.jar
2025-11-07 20:57:26,577 [BasicRepositoryConnector-repo.maven.apache.org-0-2] INFO  o.e.m.c.i.e.AbstractTransferListenerAdapter - Downloaded https://repo.maven.apache.org/maven2/org/xmlunit/xmlunit-core/2.10.3/xmlunit-core-2.10.3.jar
2025-11-07 20:57:26,609 [BasicRepositoryConnector-repo.maven.apache.org-0-2] INFO  o.e.m.c.i.e.AbstractTransferListenerAdapter - Downloading https://repo.maven.apache.org/maven2/org/apache/commons/commons-text/1.10.0/commons-text-1.10.0.jar
2025-11-07 20:57:26,767 [BasicRepositoryConnector-repo.maven.apache.org-0-1] INFO  o.e.m.c.i.e.AbstractTransferListenerAdapter - Downloaded https://repo.maven.apache.org/maven2/com/vaadin/external/google/android-json/0.0.20131108.vaadin1/android-json-0.0.20131108.vaadin1.jar
2025-11-07 20:57:26,803 [BasicRepositoryConnector-repo.maven.apache.org-0-1] INFO  o.e.m.c.i.e.AbstractTransferListenerAdapter - Downloading https://repo.maven.apache.org/maven2/org/apache/commons/commons-lang3/3.17.0/commons-lang3-3.17.0.jar
2025-11-07 20:57:26,960 [BasicRepositoryConnector-repo.maven.apache.org-0-2] INFO  o.e.m.c.i.e.AbstractTransferListenerAdapter - Downloaded https://repo.maven.apache.org/maven2/org/apache/commons/commons-text/1.10.0/commons-text-1.10.0.jar
2025-11-07 20:57:26,995 [BasicRepositoryConnector-repo.maven.apache.org-0-2] INFO  o.e.m.c.i.e.AbstractTransferListenerAdapter - Downloading https://repo.maven.apache.org/maven2/com/twilio/sdk/twilio/9.15.1/twilio-9.15.1.jar
2025-11-07 20:57:27,492 [BasicRepositoryConnector-repo.maven.apache.org-0-1] INFO  o.e.m.c.i.e.AbstractTransferListenerAdapter - Downloaded https://repo.maven.apache.org/maven2/org/apache/commons/commons-lang3/3.17.0/commons-lang3-3.17.0.jar
2025-11-07 20:57:27,529 [BasicRepositoryConnector-repo.maven.apache.org-0-1] INFO  o.e.m.c.i.e.AbstractTransferListenerAdapter - Downloading https://repo.maven.apache.org/maven2/commons-codec/commons-codec/1.18.0/commons-codec-1.18.0.jar
2025-11-07 20:57:27,622 [BasicRepositoryConnector-repo.maven.apache.org-0-2] INFO  o.e.m.c.i.e.AbstractTransferListenerAdapter - Downloaded https://repo.maven.apache.org/maven2/com/twilio/sdk/twilio/9.15.1/twilio-9.15.1.jar
2025-11-07 20:57:27,663 [BasicRepositoryConnector-repo.maven.apache.org-0-2] INFO  o.e.m.c.i.e.AbstractTransferListenerAdapter - Downloading https://repo.maven.apache.org/maven2/commons-io/commons-io/2.7/commons-io-2.7.jar
2025-11-07 20:57:27,726 [BasicRepositoryConnector-repo.maven.apache.org-0-1] INFO  o.e.m.c.i.e.AbstractTransferListenerAdapter - Downloaded https://repo.maven.apache.org/maven2/commons-codec/commons-codec/1.18.0/commons-codec-1.18.0.jar
2025-11-07 20:57:27,743 [BasicRepositoryConnector-repo.maven.apache.org-0-4] INFO  o.e.m.c.i.e.AbstractTransferListenerAdapter - Downloaded https://repo.maven.apache.org/maven2/org/skyscreamer/jsonassert/1.5.3/jsonassert-1.5.3.jar
2025-11-07 20:57:27,764 [BasicRepositoryConnector-repo.maven.apache.org-0-1] INFO  o.e.m.c.i.e.AbstractTransferListenerAdapter - Downloading https://repo.maven.apache.org/maven2/io/jsonwebtoken/jjwt-api/0.11.2/jjwt-api-0.11.2.jar
2025-11-07 20:57:27,782 [BasicRepositoryConnector-repo.maven.apache.org-0-4] INFO  o.e.m.c.i.e.AbstractTransferListenerAdapter - Downloading https://repo.maven.apache.org/maven2/io/jsonwebtoken/jjwt-jackson/0.11.2/jjwt-jackson-0.11.2.jar
2025-11-07 20:57:27,836 [BasicRepositoryConnector-repo.maven.apache.org-0-2] INFO  o.e.m.c.i.e.AbstractTransferListenerAdapter - Downloaded https://repo.maven.apache.org/maven2/commons-io/commons-io/2.7/commons-io-2.7.jar
2025-11-07 20:57:27,879 [BasicRepositoryConnector-repo.maven.apache.org-0-2] INFO  o.e.m.c.i.e.AbstractTransferListenerAdapter - Downloading https://repo.maven.apache.org/maven2/io/jsonwebtoken/jjwt-impl/0.11.2/jjwt-impl-0.11.2.jar
2025-11-07 20:57:28,006 [BasicRepositoryConnector-repo.maven.apache.org-0-1] INFO  o.e.m.c.i.e.AbstractTransferListenerAdapter - Downloaded https://repo.maven.apache.org/maven2/io/jsonwebtoken/jjwt-api/0.11.2/jjwt-api-0.11.2.jar
2025-11-07 20:57:28,041 [BasicRepositoryConnector-repo.maven.apache.org-0-1] INFO  o.e.m.c.i.e.AbstractTransferListenerAdapter - Downloading https://repo.maven.apache.org/maven2/org/apache/httpcomponents/httpclient/4.5.13/httpclient-4.5.13.jar
2025-11-07 20:57:28,136 [BasicRepositoryConnector-repo.maven.apache.org-0-2] INFO  o.e.m.c.i.e.AbstractTransferListenerAdapter - Downloaded https://repo.maven.apache.org/maven2/io/jsonwebtoken/jjwt-impl/0.11.2/jjwt-impl-0.11.2.jar
2025-11-07 20:57:28,179 [BasicRepositoryConnector-repo.maven.apache.org-0-2] INFO  o.e.m.c.i.e.AbstractTransferListenerAdapter - Downloading https://repo.maven.apache.org/maven2/commons-logging/commons-logging/1.2/commons-logging-1.2.jar
2025-11-07 20:57:28,225 [BasicRepositoryConnector-repo.maven.apache.org-0-3] INFO  o.e.m.c.i.e.AbstractTransferListenerAdapter - Downloaded https://repo.maven.apache.org/maven2/io/micrometer/micrometer-commons/1.15.2/micrometer-commons-1.15.2.jar
2025-11-07 20:57:28,228 [BasicRepositoryConnector-repo.maven.apache.org-0-2] INFO  o.e.m.c.i.e.AbstractTransferListenerAdapter - Downloaded https://repo.maven.apache.org/maven2/commons-logging/commons-logging/1.2/commons-logging-1.2.jar
2025-11-07 20:57:28,264 [BasicRepositoryConnector-repo.maven.apache.org-0-2] INFO  o.e.m.c.i.e.AbstractTransferListenerAdapter - Downloading https://repo.maven.apache.org/maven2/com/fasterxml/jackson/core/jackson-core/2.19.2/jackson-core-2.19.2.jar
2025-11-07 20:57:28,312 [BasicRepositoryConnector-repo.maven.apache.org-0-3] INFO  o.e.m.c.i.e.AbstractTransferListenerAdapter - Downloading https://repo.maven.apache.org/maven2/org/apache/httpcomponents/httpcore/4.4.16/httpcore-4.4.16.jar
2025-11-07 20:57:28,393 [BasicRepositoryConnector-repo.maven.apache.org-0-1] INFO  o.e.m.c.i.e.AbstractTransferListenerAdapter - Downloaded https://repo.maven.apache.org/maven2/org/apache/httpcomponents/httpclient/4.5.13/httpclient-4.5.13.jar
2025-11-07 20:57:28,424 [BasicRepositoryConnector-repo.maven.apache.org-0-1] INFO  o.e.m.c.i.e.AbstractTransferListenerAdapter - Downloading https://repo.maven.apache.org/maven2/com/fasterxml/jackson/core/jackson-annotations/2.19.2/jackson-annotations-2.19.2.jar
2025-11-07 20:57:28,535 [BasicRepositoryConnector-repo.maven.apache.org-0-2] INFO  o.e.m.c.i.e.AbstractTransferListenerAdapter - Downloaded https://repo.maven.apache.org/maven2/com/fasterxml/jackson/core/jackson-core/2.19.2/jackson-core-2.19.2.jar
2025-11-07 20:57:28,543 [BasicRepositoryConnector-repo.maven.apache.org-0-3] INFO  o.e.m.c.i.e.AbstractTransferListenerAdapter - Downloaded https://repo.maven.apache.org/maven2/org/apache/httpcomponents/httpcore/4.4.16/httpcore-4.4.16.jar
2025-11-07 20:57:28,579 [BasicRepositoryConnector-repo.maven.apache.org-0-2] INFO  o.e.m.c.i.e.AbstractTransferListenerAdapter - Downloading https://repo.maven.apache.org/maven2/com/fasterxml/jackson/core/jackson-databind/2.19.2/jackson-databind-2.19.2.jar
2025-11-07 20:57:28,609 [BasicRepositoryConnector-repo.maven.apache.org-0-3] INFO  o.e.m.c.i.e.AbstractTransferListenerAdapter - Downloading https://repo.maven.apache.org/maven2/com/fasterxml/jackson/datatype/jackson-datatype-jsr310/2.19.2/jackson-datatype-jsr310-2.19.2.jar
2025-11-07 20:57:28,654 [BasicRepositoryConnector-repo.maven.apache.org-0-1] INFO  o.e.m.c.i.e.AbstractTransferListenerAdapter - Downloaded https://repo.maven.apache.org/maven2/com/fasterxml/jackson/core/jackson-annotations/2.19.2/jackson-annotations-2.19.2.jar
2025-11-07 20:57:28,695 [BasicRepositoryConnector-repo.maven.apache.org-0-1] INFO  o.e.m.c.i.e.AbstractTransferListenerAdapter - Downloading https://repo.maven.apache.org/maven2/com/fasterxml/jackson/dataformat/jackson-dataformat-xml/2.19.2/jackson-dataformat-xml-2.19.2.jar
2025-11-07 20:57:28,784 [BasicRepositoryConnector-repo.maven.apache.org-0-3] INFO  o.e.m.c.i.e.AbstractTransferListenerAdapter - Downloaded https://repo.maven.apache.org/maven2/com/fasterxml/jackson/datatype/jackson-datatype-jsr310/2.19.2/jackson-datatype-jsr310-2.19.2.jar
2025-11-07 20:57:28,818 [BasicRepositoryConnector-repo.maven.apache.org-0-3] INFO  o.e.m.c.i.e.AbstractTransferListenerAdapter - Downloading https://repo.maven.apache.org/maven2/org/codehaus/woodstox/stax2-api/4.2.2/stax2-api-4.2.2.jar
2025-11-07 20:57:28,869 [BasicRepositoryConnector-repo.maven.apache.org-0-2] INFO  o.e.m.c.i.e.AbstractTransferListenerAdapter - Downloaded https://repo.maven.apache.org/maven2/com/fasterxml/jackson/core/jackson-databind/2.19.2/jackson-databind-2.19.2.jar
2025-11-07 20:57:28,876 [BasicRepositoryConnector-repo.maven.apache.org-0-1] INFO  o.e.m.c.i.e.AbstractTransferListenerAdapter - Downloaded https://repo.maven.apache.org/maven2/com/fasterxml/jackson/dataformat/jackson-dataformat-xml/2.19.2/jackson-dataformat-xml-2.19.2.jar
2025-11-07 20:57:28,905 [BasicRepositoryConnector-repo.maven.apache.org-0-2] INFO  o.e.m.c.i.e.AbstractTransferListenerAdapter - Downloading https://repo.maven.apache.org/maven2/com/fasterxml/woodstox/woodstox-core/7.1.1/woodstox-core-7.1.1.jar
2025-11-07 20:57:28,920 [BasicRepositoryConnector-repo.maven.apache.org-0-1] INFO  o.e.m.c.i.e.AbstractTransferListenerAdapter - Downloading https://repo.maven.apache.org/maven2/org/slf4j/slf4j-api/2.0.17/slf4j-api-2.0.17.jar
2025-11-07 20:57:29,099 [BasicRepositoryConnector-repo.maven.apache.org-0-3] INFO  o.e.m.c.i.e.AbstractTransferListenerAdapter - Downloaded https://repo.maven.apache.org/maven2/org/codehaus/woodstox/stax2-api/4.2.2/stax2-api-4.2.2.jar
2025-11-07 20:57:29,155 [BasicRepositoryConnector-repo.maven.apache.org-0-3] INFO  o.e.m.c.i.e.AbstractTransferListenerAdapter - Downloading https://repo.maven.apache.org/maven2/io/jsonwebtoken/jjwt/0.9.1/jjwt-0.9.1.jar
2025-11-07 20:57:29,187 [BasicRepositoryConnector-repo.maven.apache.org-0-1] INFO  o.e.m.c.i.e.AbstractTransferListenerAdapter - Downloaded https://repo.maven.apache.org/maven2/org/slf4j/slf4j-api/2.0.17/slf4j-api-2.0.17.jar
2025-11-07 20:57:29,279 [BasicRepositoryConnector-repo.maven.apache.org-0-1] INFO  o.e.m.c.i.e.AbstractTransferListenerAdapter - Downloading https://repo.maven.apache.org/maven2/org/springframework/boot/spring-boot-starter-security/3.5.4/spring-boot-starter-security-3.5.4.jar
2025-11-07 20:57:29,393 [BasicRepositoryConnector-repo.maven.apache.org-0-1] INFO  o.e.m.c.i.e.AbstractTransferListenerAdapter - Downloaded https://repo.maven.apache.org/maven2/org/springframework/boot/spring-boot-starter-security/3.5.4/spring-boot-starter-security-3.5.4.jar
2025-11-07 20:57:29,437 [BasicRepositoryConnector-repo.maven.apache.org-0-1] INFO  o.e.m.c.i.e.AbstractTransferListenerAdapter - Downloading https://repo.maven.apache.org/maven2/org/springframework/spring-aop/6.2.9/spring-aop-6.2.9.jar
2025-11-07 20:57:29,466 [BasicRepositoryConnector-repo.maven.apache.org-0-2] INFO  o.e.m.c.i.e.AbstractTransferListenerAdapter - Downloaded https://repo.maven.apache.org/maven2/com/fasterxml/woodstox/woodstox-core/7.1.1/woodstox-core-7.1.1.jar
2025-11-07 20:57:29,507 [BasicRepositoryConnector-repo.maven.apache.org-0-2] INFO  o.e.m.c.i.e.AbstractTransferListenerAdapter - Downloading https://repo.maven.apache.org/maven2/org/springframework/security/spring-security-config/6.5.2/spring-security-config-6.5.2.jar
2025-11-07 20:57:29,536 [BasicRepositoryConnector-repo.maven.apache.org-0-3] INFO  o.e.m.c.i.e.AbstractTransferListenerAdapter - Downloaded https://repo.maven.apache.org/maven2/io/jsonwebtoken/jjwt/0.9.1/jjwt-0.9.1.jar
2025-11-07 20:57:29,576 [BasicRepositoryConnector-repo.maven.apache.org-0-3] INFO  o.e.m.c.i.e.AbstractTransferListenerAdapter - Downloading https://repo.maven.apache.org/maven2/org/springframework/security/spring-security-core/6.5.2/spring-security-core-6.5.2.jar
2025-11-07 20:57:29,690 [BasicRepositoryConnector-repo.maven.apache.org-0-1] INFO  o.e.m.c.i.e.AbstractTransferListenerAdapter - Downloaded https://repo.maven.apache.org/maven2/org/springframework/spring-aop/6.2.9/spring-aop-6.2.9.jar
2025-11-07 20:57:29,729 [BasicRepositoryConnector-repo.maven.apache.org-0-1] INFO  o.e.m.c.i.e.AbstractTransferListenerAdapter - Downloading https://repo.maven.apache.org/maven2/org/springframework/security/spring-security-crypto/6.5.2/spring-security-crypto-6.5.2.jar
2025-11-07 20:57:29,805 [BasicRepositoryConnector-repo.maven.apache.org-0-2] INFO  o.e.m.c.i.e.AbstractTransferListenerAdapter - Downloaded https://repo.maven.apache.org/maven2/org/springframework/security/spring-security-config/6.5.2/spring-security-config-6.5.2.jar
2025-11-07 20:57:29,815 [BasicRepositoryConnector-repo.maven.apache.org-0-3] INFO  o.e.m.c.i.e.AbstractTransferListenerAdapter - Downloaded https://repo.maven.apache.org/maven2/org/springframework/security/spring-security-core/6.5.2/spring-security-core-6.5.2.jar
2025-11-07 20:57:29,855 [BasicRepositoryConnector-repo.maven.apache.org-0-2] INFO  o.e.m.c.i.e.AbstractTransferListenerAdapter - Downloading https://repo.maven.apache.org/maven2/org/springframework/security/spring-security-web/6.5.2/spring-security-web-6.5.2.jar
2025-11-07 20:57:29,868 [BasicRepositoryConnector-repo.maven.apache.org-0-4] INFO  o.e.m.c.i.e.AbstractTransferListenerAdapter - Downloaded https://repo.maven.apache.org/maven2/io/jsonwebtoken/jjwt-jackson/0.11.2/jjwt-jackson-0.11.2.jar
2025-11-07 20:57:29,982 [BasicRepositoryConnector-repo.maven.apache.org-0-1] INFO  o.e.m.c.i.e.AbstractTransferListenerAdapter - Downloaded https://repo.maven.apache.org/maven2/org/springframework/security/spring-security-crypto/6.5.2/spring-security-crypto-6.5.2.jar
2025-11-07 20:57:30,096 [BasicRepositoryConnector-repo.maven.apache.org-0-2] INFO  o.e.m.c.i.e.AbstractTransferListenerAdapter - Downloaded https://repo.maven.apache.org/maven2/org/springframework/security/spring-security-web/6.5.2/spring-security-web-6.5.2.jar
2025-11-07 20:57:30,623 [BasicRepositoryConnector-repo.maven.apache.org-0-0] INFO  o.e.m.c.i.e.AbstractTransferListenerAdapter - Downloaded https://repo.maven.apache.org/maven2/org/objenesis/objenesis/3.3/objenesis-3.3.jar
2025-11-07 20:57:35,688 [Worker-10: Building] INFO  o.e.m.c.i.e.AbstractTransferListenerAdapter - Downloading https://repo.maven.apache.org/maven2/org/springframework/boot/spring-boot-maven-plugin/3.5.4/spring-boot-maven-plugin-3.5.4.pom
2025-11-07 20:57:35,738 [Worker-10: Building] INFO  o.e.m.c.i.e.AbstractTransferListenerAdapter - Downloaded https://repo.maven.apache.org/maven2/org/springframework/boot/spring-boot-maven-plugin/3.5.4/spring-boot-maven-plugin-3.5.4.pom
2025-11-07 20:57:35,833 [Worker-10: Building] INFO  o.e.m.c.i.e.AbstractTransferListenerAdapter - Downloading https://repo.maven.apache.org/maven2/org/springframework/boot/spring-boot-maven-plugin/3.5.4/spring-boot-maven-plugin-3.5.4.jar
2025-11-07 20:57:35,980 [Worker-10: Building] INFO  o.e.m.c.i.e.AbstractTransferListenerAdapter - Downloaded https://repo.maven.apache.org/maven2/org/springframework/boot/spring-boot-maven-plugin/3.5.4/spring-boot-maven-plugin-3.5.4.jar
2025-11-07 20:57:36,087 [Worker-10: Building] INFO  o.e.m.c.i.e.AbstractTransferListenerAdapter - Downloading https://repo.maven.apache.org/maven2/org/apache/maven/plugins/maven-resources-plugin/3.3.1/maven-resources-plugin-3.3.1.pom
2025-11-07 20:57:36,155 [Worker-10: Building] INFO  o.e.m.c.i.e.AbstractTransferListenerAdapter - Downloaded https://repo.maven.apache.org/maven2/org/apache/maven/plugins/maven-resources-plugin/3.3.1/maven-resources-plugin-3.3.1.pom
2025-11-07 20:57:36,229 [Worker-10: Building] INFO  o.e.m.c.i.e.AbstractTransferListenerAdapter - Downloading https://repo.maven.apache.org/maven2/org/apache/maven/plugins/maven-plugins/39/maven-plugins-39.pom
2025-11-07 20:57:36,291 [Worker-10: Building] INFO  o.e.m.c.i.e.AbstractTransferListenerAdapter - Downloaded https://repo.maven.apache.org/maven2/org/apache/maven/plugins/maven-plugins/39/maven-plugins-39.pom
2025-11-07 20:57:36,364 [Worker-10: Building] INFO  o.e.m.c.i.e.AbstractTransferListenerAdapter - Downloading https://repo.maven.apache.org/maven2/org/apache/maven/maven-parent/39/maven-parent-39.pom
2025-11-07 20:57:36,462 [Worker-10: Building] INFO  o.e.m.c.i.e.AbstractTransferListenerAdapter - Downloaded https://repo.maven.apache.org/maven2/org/apache/maven/maven-parent/39/maven-parent-39.pom
2025-11-07 20:57:36,545 [Worker-10: Building] INFO  o.e.m.c.i.e.AbstractTransferListenerAdapter - Downloading https://repo.maven.apache.org/maven2/org/apache/maven/plugins/maven-resources-plugin/3.3.1/maven-resources-plugin-3.3.1.jar
2025-11-07 20:57:37,273 [Worker-10: Building] INFO  o.e.m.c.i.e.AbstractTransferListenerAdapter - Downloaded https://repo.maven.apache.org/maven2/org/apache/maven/plugins/maven-resources-plugin/3.3.1/maven-resources-plugin-3.3.1.jar
2025-11-07 20:57:37,352 [Worker-10: Building] INFO  o.e.m.c.i.e.AbstractTransferListenerAdapter - Downloading https://repo.maven.apache.org/maven2/org/apache/maven/plugins/maven-compiler-plugin/3.14.0/maven-compiler-plugin-3.14.0.pom
2025-11-07 20:57:37,516 [Worker-10: Building] INFO  o.e.m.c.i.e.AbstractTransferListenerAdapter - Downloaded https://repo.maven.apache.org/maven2/org/apache/maven/plugins/maven-compiler-plugin/3.14.0/maven-compiler-plugin-3.14.0.pom
2025-11-07 20:57:37,588 [Worker-10: Building] INFO  o.e.m.c.i.e.AbstractTransferListenerAdapter - Downloading https://repo.maven.apache.org/maven2/org/apache/maven/plugins/maven-plugins/43/maven-plugins-43.pom
2025-11-07 20:57:37,642 [Worker-10: Building] INFO  o.e.m.c.i.e.AbstractTransferListenerAdapter - Downloaded https://repo.maven.apache.org/maven2/org/apache/maven/plugins/maven-plugins/43/maven-plugins-43.pom
2025-11-07 20:57:37,710 [Worker-10: Building] INFO  o.e.m.c.i.e.AbstractTransferListenerAdapter - Downloading https://repo.maven.apache.org/maven2/org/apache/maven/maven-parent/43/maven-parent-43.pom
2025-11-07 20:57:37,793 [Worker-10: Building] INFO  o.e.m.c.i.e.AbstractTransferListenerAdapter - Downloaded https://repo.maven.apache.org/maven2/org/apache/maven/maven-parent/43/maven-parent-43.pom
2025-11-07 20:57:37,873 [Worker-10: Building] INFO  o.e.m.c.i.e.AbstractTransferListenerAdapter - Downloading https://repo.maven.apache.org/maven2/org/apache/maven/plugins/maven-compiler-plugin/3.14.0/maven-compiler-plugin-3.14.0.jar
2025-11-07 20:57:37,967 [Worker-10: Building] INFO  o.e.m.c.i.e.AbstractTransferListenerAdapter - Downloaded https://repo.maven.apache.org/maven2/org/apache/maven/plugins/maven-compiler-plugin/3.14.0/maven-compiler-plugin-3.14.0.jar
2025-11-07 20:57:38,055 [Worker-10: Building] INFO  o.e.m.c.i.e.AbstractTransferListenerAdapter - Downloading https://repo.maven.apache.org/maven2/org/apache/maven/plugins/maven-jar-plugin/3.4.2/maven-jar-plugin-3.4.2.pom
2025-11-07 20:57:38,100 [Worker-10: Building] INFO  o.e.m.c.i.e.AbstractTransferListenerAdapter - Downloaded https://repo.maven.apache.org/maven2/org/apache/maven/plugins/maven-jar-plugin/3.4.2/maven-jar-plugin-3.4.2.pom
2025-11-07 20:57:38,177 [Worker-10: Building] INFO  o.e.m.c.i.e.AbstractTransferListenerAdapter - Downloading https://repo.maven.apache.org/maven2/org/apache/maven/plugins/maven-plugins/42/maven-plugins-42.pom
2025-11-07 20:57:38,226 [Worker-10: Building] INFO  o.e.m.c.i.e.AbstractTransferListenerAdapter - Downloaded https://repo.maven.apache.org/maven2/org/apache/maven/plugins/maven-plugins/42/maven-plugins-42.pom
2025-11-07 20:57:38,298 [Worker-10: Building] INFO  o.e.m.c.i.e.AbstractTransferListenerAdapter - Downloading https://repo.maven.apache.org/maven2/org/apache/maven/maven-parent/42/maven-parent-42.pom
2025-11-07 20:57:38,379 [Worker-10: Building] INFO  o.e.m.c.i.e.AbstractTransferListenerAdapter - Downloaded https://repo.maven.apache.org/maven2/org/apache/maven/maven-parent/42/maven-parent-42.pom
2025-11-07 20:57:38,448 [Worker-10: Building] INFO  o.e.m.c.i.e.AbstractTransferListenerAdapter - Downloading https://repo.maven.apache.org/maven2/org/apache/apache/32/apache-32.pom
2025-11-07 20:57:38,541 [Worker-10: Building] INFO  o.e.m.c.i.e.AbstractTransferListenerAdapter - Downloaded https://repo.maven.apache.org/maven2/org/apache/apache/32/apache-32.pom
2025-11-07 20:57:38,620 [Worker-10: Building] INFO  o.e.m.c.i.e.AbstractTransferListenerAdapter - Downloading https://repo.maven.apache.org/maven2/org/junit/junit-bom/5.10.2/junit-bom-5.10.2.pom
2025-11-07 20:57:38,667 [Worker-10: Building] INFO  o.e.m.c.i.e.AbstractTransferListenerAdapter - Downloaded https://repo.maven.apache.org/maven2/org/junit/junit-bom/5.10.2/junit-bom-5.10.2.pom
2025-11-07 20:57:38,738 [Worker-10: Building] INFO  o.e.m.c.i.e.AbstractTransferListenerAdapter - Downloading https://repo.maven.apache.org/maven2/org/apache/maven/plugins/maven-jar-plugin/3.4.2/maven-jar-plugin-3.4.2.jar
2025-11-07 20:57:39,432 [Worker-10: Building] INFO  o.e.m.c.i.e.AbstractTransferListenerAdapter - Downloaded https://repo.maven.apache.org/maven2/org/apache/maven/plugins/maven-jar-plugin/3.4.2/maven-jar-plugin-3.4.2.jar
2025-11-07 20:58:33,510 [main] INFO  o.e.m2e.actions.ExecutePomAction - Creating new launch configuration
2025-11-07 20:58:42,709 [Worker-8: Launching Lost-and-found (5)] INFO  o.eclipse.m2e.core.internal.Bundles - getClasspathEntries(Bundle=org.eclipse.m2e.maven.runtime_3.9.900.20250220-2013 [298])
2025-11-07 20:58:42,713 [Worker-8: Launching Lost-and-found (5)] INFO  o.eclipse.m2e.core.internal.Bundles - 	Entry: C:\Users\apoor\.p2\pool\plugins\org.eclipse.m2e.maven.runtime_3.9.900.20250220-2013
2025-11-07 20:58:42,716 [Worker-8: Launching Lost-and-found (5)] INFO  o.eclipse.m2e.core.internal.Bundles - 	Entry: C:\Users\apoor\.p2\pool\plugins\org.eclipse.m2e.maven.runtime_3.9.900.20250220-2013\jars\aopalliance-1.0.jar
2025-11-07 20:58:42,716 [Worker-8: Launching Lost-and-found (5)] INFO  o.eclipse.m2e.core.internal.Bundles - 	Entry: C:\Users\apoor\.p2\pool\plugins\org.eclipse.m2e.maven.runtime_3.9.900.20250220-2013\jars\guice-5.1.0.jar
2025-11-07 20:58:42,717 [Worker-8: Launching Lost-and-found (5)] INFO  o.eclipse.m2e.core.internal.Bundles - 	Entry: C:\Users\apoor\.p2\pool\plugins\org.eclipse.m2e.maven.runtime_3.9.900.20250220-2013\jars\httpclient-4.5.14.jar
2025-11-07 20:58:42,717 [Worker-8: Launching Lost-and-found (5)] INFO  o.eclipse.m2e.core.internal.Bundles - 	Entry: C:\Users\apoor\.p2\pool\plugins\org.eclipse.m2e.maven.runtime_3.9.900.20250220-2013\jars\httpcore-4.4.16.jar
2025-11-07 20:58:42,719 [Worker-8: Launching Lost-and-found (5)] INFO  o.eclipse.m2e.core.internal.Bundles - 	Entry: C:\Users\apoor\.p2\pool\plugins\org.eclipse.m2e.maven.runtime_3.9.900.20250220-2013\jars\jansi-2.4.1.jar
2025-11-07 20:58:42,719 [Worker-8: Launching Lost-and-found (5)] INFO  o.eclipse.m2e.core.internal.Bundles - 	Entry: C:\Users\apoor\.p2\pool\plugins\org.eclipse.m2e.maven.runtime_3.9.900.20250220-2013\jars\jcl-over-slf4j-1.7.36.jar
2025-11-07 20:58:42,719 [Worker-8: Launching Lost-and-found (5)] INFO  o.eclipse.m2e.core.internal.Bundles - 	Entry: C:\Users\apoor\.p2\pool\plugins\org.eclipse.m2e.maven.runtime_3.9.900.20250220-2013\jars\maven-artifact-3.9.9.jar
2025-11-07 20:58:42,720 [Worker-8: Launching Lost-and-found (5)] INFO  o.eclipse.m2e.core.internal.Bundles - 	Entry: C:\Users\apoor\.p2\pool\plugins\org.eclipse.m2e.maven.runtime_3.9.900.20250220-2013\jars\maven-builder-support-3.9.9.jar
2025-11-07 20:58:42,720 [Worker-8: Launching Lost-and-found (5)] INFO  o.eclipse.m2e.core.internal.Bundles - 	Entry: C:\Users\apoor\.p2\pool\plugins\org.eclipse.m2e.maven.runtime_3.9.900.20250220-2013\jars\maven-compat-3.9.9.jar
2025-11-07 20:58:42,721 [Worker-8: Launching Lost-and-found (5)] INFO  o.eclipse.m2e.core.internal.Bundles - 	Entry: C:\Users\apoor\.p2\pool\plugins\org.eclipse.m2e.maven.runtime_3.9.900.20250220-2013\jars\maven-core-3.9.9.jar
2025-11-07 20:58:42,722 [Worker-8: Launching Lost-and-found (5)] INFO  o.eclipse.m2e.core.internal.Bundles - 	Entry: C:\Users\apoor\.p2\pool\plugins\org.eclipse.m2e.maven.runtime_3.9.900.20250220-2013\jars\maven-embedder-3.9.9.jar
2025-11-07 20:58:42,723 [Worker-8: Launching Lost-and-found (5)] INFO  o.eclipse.m2e.core.internal.Bundles - 	Entry: C:\Users\apoor\.p2\pool\plugins\org.eclipse.m2e.maven.runtime_3.9.900.20250220-2013\jars\maven-model-3.9.9.jar
2025-11-07 20:58:42,723 [Worker-8: Launching Lost-and-found (5)] INFO  o.eclipse.m2e.core.internal.Bundles - 	Entry: C:\Users\apoor\.p2\pool\plugins\org.eclipse.m2e.maven.runtime_3.9.900.20250220-2013\jars\maven-model-builder-3.9.9.jar
2025-11-07 20:58:42,724 [Worker-8: Launching Lost-and-found (5)] INFO  o.eclipse.m2e.core.internal.Bundles - 	Entry: C:\Users\apoor\.p2\pool\plugins\org.eclipse.m2e.maven.runtime_3.9.900.20250220-2013\jars\maven-plugin-api-3.9.9.jar
2025-11-07 20:58:42,725 [Worker-8: Launching Lost-and-found (5)] INFO  o.eclipse.m2e.core.internal.Bundles - 	Entry: C:\Users\apoor\.p2\pool\plugins\org.eclipse.m2e.maven.runtime_3.9.900.20250220-2013\jars\maven-repository-metadata-3.9.9.jar
2025-11-07 20:58:42,727 [Worker-8: Launching Lost-and-found (5)] INFO  o.eclipse.m2e.core.internal.Bundles - 	Entry: C:\Users\apoor\.p2\pool\plugins\org.eclipse.m2e.maven.runtime_3.9.900.20250220-2013\jars\maven-resolver-api-1.9.22.jar
2025-11-07 20:58:42,728 [Worker-8: Launching Lost-and-found (5)] INFO  o.eclipse.m2e.core.internal.Bundles - 	Entry: C:\Users\apoor\.p2\pool\plugins\org.eclipse.m2e.maven.runtime_3.9.900.20250220-2013\jars\maven-resolver-connector-basic-1.9.22.jar
2025-11-07 20:58:42,728 [Worker-8: Launching Lost-and-found (5)] INFO  o.eclipse.m2e.core.internal.Bundles - 	Entry: C:\Users\apoor\.p2\pool\plugins\org.eclipse.m2e.maven.runtime_3.9.900.20250220-2013\jars\maven-resolver-impl-1.9.22.jar
2025-11-07 20:58:42,728 [Worker-8: Launching Lost-and-found (5)] INFO  o.eclipse.m2e.core.internal.Bundles - 	Entry: C:\Users\apoor\.p2\pool\plugins\org.eclipse.m2e.maven.runtime_3.9.900.20250220-2013\jars\maven-resolver-named-locks-1.9.22.jar
2025-11-07 20:58:42,729 [Worker-8: Launching Lost-and-found (5)] INFO  o.eclipse.m2e.core.internal.Bundles - 	Entry: C:\Users\apoor\.p2\pool\plugins\org.eclipse.m2e.maven.runtime_3.9.900.20250220-2013\jars\maven-resolver-provider-3.9.9.jar
2025-11-07 20:58:42,730 [Worker-8: Launching Lost-and-found (5)] INFO  o.eclipse.m2e.core.internal.Bundles - 	Entry: C:\Users\apoor\.p2\pool\plugins\org.eclipse.m2e.maven.runtime_3.9.900.20250220-2013\jars\maven-resolver-spi-1.9.22.jar
2025-11-07 20:58:42,730 [Worker-8: Launching Lost-and-found (5)] INFO  o.eclipse.m2e.core.internal.Bundles - 	Entry: C:\Users\apoor\.p2\pool\plugins\org.eclipse.m2e.maven.runtime_3.9.900.20250220-2013\jars\maven-resolver-transport-file-1.9.22.jar
2025-11-07 20:58:42,731 [Worker-8: Launching Lost-and-found (5)] INFO  o.eclipse.m2e.core.internal.Bundles - 	Entry: C:\Users\apoor\.p2\pool\plugins\org.eclipse.m2e.maven.runtime_3.9.900.20250220-2013\jars\maven-resolver-transport-http-1.9.22.jar
2025-11-07 20:58:42,731 [Worker-8: Launching Lost-and-found (5)] INFO  o.eclipse.m2e.core.internal.Bundles - 	Entry: C:\Users\apoor\.p2\pool\plugins\org.eclipse.m2e.maven.runtime_3.9.900.20250220-2013\jars\maven-resolver-transport-wagon-1.9.22.jar
2025-11-07 20:58:42,732 [Worker-8: Launching Lost-and-found (5)] INFO  o.eclipse.m2e.core.internal.Bundles - 	Entry: C:\Users\apoor\.p2\pool\plugins\org.eclipse.m2e.maven.runtime_3.9.900.20250220-2013\jars\maven-resolver-util-1.9.22.jar
2025-11-07 20:58:42,732 [Worker-8: Launching Lost-and-found (5)] INFO  o.eclipse.m2e.core.internal.Bundles - 	Entry: C:\Users\apoor\.p2\pool\plugins\org.eclipse.m2e.maven.runtime_3.9.900.20250220-2013\jars\maven-settings-3.9.9.jar
2025-11-07 20:58:42,733 [Worker-8: Launching Lost-and-found (5)] INFO  o.eclipse.m2e.core.internal.Bundles - 	Entry: C:\Users\apoor\.p2\pool\plugins\org.eclipse.m2e.maven.runtime_3.9.900.20250220-2013\jars\maven-settings-builder-3.9.9.jar
2025-11-07 20:58:42,733 [Worker-8: Launching Lost-and-found (5)] INFO  o.eclipse.m2e.core.internal.Bundles - 	Entry: C:\Users\apoor\.p2\pool\plugins\org.eclipse.m2e.maven.runtime_3.9.900.20250220-2013\jars\maven-shared-utils-3.4.2.jar
2025-11-07 20:58:42,733 [Worker-8: Launching Lost-and-found (5)] INFO  o.eclipse.m2e.core.internal.Bundles - 	Entry: C:\Users\apoor\.p2\pool\plugins\org.eclipse.m2e.maven.runtime_3.9.900.20250220-2013\jars\org.eclipse.sisu.inject-0.9.0.M3.jar
2025-11-07 20:58:42,734 [Worker-8: Launching Lost-and-found (5)] INFO  o.eclipse.m2e.core.internal.Bundles - 	Entry: C:\Users\apoor\.p2\pool\plugins\org.eclipse.m2e.maven.runtime_3.9.900.20250220-2013\jars\org.eclipse.sisu.plexus-0.9.0.M3.jar
2025-11-07 20:58:42,734 [Worker-8: Launching Lost-and-found (5)] INFO  o.eclipse.m2e.core.internal.Bundles - 	Entry: C:\Users\apoor\.p2\pool\plugins\org.eclipse.m2e.maven.runtime_3.9.900.20250220-2013\jars\plexus-build-api-0.0.7.jar
2025-11-07 20:58:42,734 [Worker-8: Launching Lost-and-found (5)] INFO  o.eclipse.m2e.core.internal.Bundles - 	Entry: C:\Users\apoor\.p2\pool\plugins\org.eclipse.m2e.maven.runtime_3.9.900.20250220-2013\jars\plexus-build-api-1.2.0.jar
2025-11-07 20:58:42,735 [Worker-8: Launching Lost-and-found (5)] INFO  o.eclipse.m2e.core.internal.Bundles - 	Entry: C:\Users\apoor\.p2\pool\plugins\org.eclipse.m2e.maven.runtime_3.9.900.20250220-2013\jars\plexus-cipher-2.0.jar
2025-11-07 20:58:42,735 [Worker-8: Launching Lost-and-found (5)] INFO  o.eclipse.m2e.core.internal.Bundles - 	Entry: C:\Users\apoor\.p2\pool\plugins\org.eclipse.m2e.maven.runtime_3.9.900.20250220-2013\jars\plexus-classworlds-2.8.0.jar
2025-11-07 20:58:42,735 [Worker-8: Launching Lost-and-found (5)] INFO  o.eclipse.m2e.core.internal.Bundles - 	Entry: C:\Users\apoor\.p2\pool\plugins\org.eclipse.m2e.maven.runtime_3.9.900.20250220-2013\jars\plexus-component-annotations-2.1.0.jar
2025-11-07 20:58:42,736 [Worker-8: Launching Lost-and-found (5)] INFO  o.eclipse.m2e.core.internal.Bundles - 	Entry: C:\Users\apoor\.p2\pool\plugins\org.eclipse.m2e.maven.runtime_3.9.900.20250220-2013\jars\plexus-interpolation-1.27.jar
2025-11-07 20:58:42,736 [Worker-8: Launching Lost-and-found (5)] INFO  o.eclipse.m2e.core.internal.Bundles - 	Entry: C:\Users\apoor\.p2\pool\plugins\org.eclipse.m2e.maven.runtime_3.9.900.20250220-2013\jars\plexus-sec-dispatcher-2.0.jar
2025-11-07 20:58:42,736 [Worker-8: Launching Lost-and-found (5)] INFO  o.eclipse.m2e.core.internal.Bundles - 	Entry: C:\Users\apoor\.p2\pool\plugins\org.eclipse.m2e.maven.runtime_3.9.900.20250220-2013\jars\plexus-utils-3.5.1.jar
2025-11-07 20:58:42,737 [Worker-8: Launching Lost-and-found (5)] INFO  o.eclipse.m2e.core.internal.Bundles - 	Entry: C:\Users\apoor\.p2\pool\plugins\org.eclipse.m2e.maven.runtime_3.9.900.20250220-2013\jars\plexus-xml-3.0.1.jar
2025-11-07 20:58:42,737 [Worker-8: Launching Lost-and-found (5)] INFO  o.eclipse.m2e.core.internal.Bundles - 	Entry: C:\Users\apoor\.p2\pool\plugins\org.eclipse.m2e.maven.runtime_3.9.900.20250220-2013\jars\wagon-file-3.5.3.jar
2025-11-07 20:58:42,737 [Worker-8: Launching Lost-and-found (5)] INFO  o.eclipse.m2e.core.internal.Bundles - 	Entry: C:\Users\apoor\.p2\pool\plugins\org.eclipse.m2e.maven.runtime_3.9.900.20250220-2013\jars\wagon-http-3.5.3.jar
2025-11-07 20:58:42,738 [Worker-8: Launching Lost-and-found (5)] INFO  o.eclipse.m2e.core.internal.Bundles - 	Entry: C:\Users\apoor\.p2\pool\plugins\org.eclipse.m2e.maven.runtime_3.9.900.20250220-2013\jars\wagon-http-shared-3.5.3.jar
2025-11-07 20:58:42,738 [Worker-8: Launching Lost-and-found (5)] INFO  o.eclipse.m2e.core.internal.Bundles - 	Entry: C:\Users\apoor\.p2\pool\plugins\org.eclipse.m2e.maven.runtime_3.9.900.20250220-2013\jars\wagon-provider-api-3.5.3.jar
2025-11-07 20:58:42,740 [Worker-8: Launching Lost-and-found (5)] INFO  o.eclipse.m2e.core.internal.Bundles - getClasspathEntries(Bundle=com.google.guava_33.4.0.jre [12])
2025-11-07 20:58:42,742 [Worker-8: Launching Lost-and-found (5)] INFO  o.eclipse.m2e.core.internal.Bundles - 	Entry: C:\Users\apoor\.p2\pool\plugins\com.google.guava_33.4.0.jre.jar
2025-11-07 20:58:42,742 [Worker-8: Launching Lost-and-found (5)] INFO  o.eclipse.m2e.core.internal.Bundles - getClasspathEntries(Bundle=slf4j.api_2.0.17 [522])
2025-11-07 20:58:42,743 [Worker-8: Launching Lost-and-found (5)] INFO  o.eclipse.m2e.core.internal.Bundles - 	Entry: C:\Users\apoor\.p2\pool\plugins\slf4j.api_2.0.17.jar
2025-11-07 20:58:42,743 [Worker-8: Launching Lost-and-found (5)] INFO  o.eclipse.m2e.core.internal.Bundles - getClasspathEntries(Bundle=jakarta.inject.jakarta.inject-api_1.0.5 [24])
2025-11-07 20:58:42,744 [Worker-8: Launching Lost-and-found (5)] INFO  o.eclipse.m2e.core.internal.Bundles - 	Entry: C:\Users\apoor\.p2\pool\plugins\jakarta.inject.jakarta.inject-api_1.0.5.jar
2025-11-07 20:58:42,744 [Worker-8: Launching Lost-and-found (5)] INFO  o.eclipse.m2e.core.internal.Bundles - getClasspathEntries(Bundle=jakarta.annotation-api_1.3.5 [22])
2025-11-07 20:58:42,745 [Worker-8: Launching Lost-and-found (5)] INFO  o.eclipse.m2e.core.internal.Bundles - 	Entry: C:\Users\apoor\.p2\pool\plugins\jakarta.annotation-api_1.3.5.jar
2025-11-07 20:58:42,745 [Worker-8: Launching Lost-and-found (5)] INFO  o.eclipse.m2e.core.internal.Bundles - getClasspathEntries(Bundle=org.apache.commons.cli_1.9.0 [48])
2025-11-07 20:58:42,746 [Worker-8: Launching Lost-and-found (5)] INFO  o.eclipse.m2e.core.internal.Bundles - 	Entry: C:\Users\apoor\.p2\pool\plugins\org.apache.commons.cli_1.9.0.jar
2025-11-07 20:58:42,747 [Worker-8: Launching Lost-and-found (5)] INFO  o.eclipse.m2e.core.internal.Bundles - getClasspathEntries(Bundle=org.apache.commons.commons-codec_1.16.0 [49])
2025-11-07 20:58:42,747 [Worker-8: Launching Lost-and-found (5)] INFO  o.eclipse.m2e.core.internal.Bundles - 	Entry: C:\Users\apoor\.p2\pool\plugins\org.apache.commons.commons-codec_1.16.0.jar
2025-11-07 20:58:42,748 [Worker-8: Launching Lost-and-found (5)] INFO  o.eclipse.m2e.core.internal.Bundles - getClasspathEntries(Bundle=com.google.guava.failureaccess_1.0.2 [13])
2025-11-07 20:58:42,748 [Worker-8: Launching Lost-and-found (5)] INFO  o.eclipse.m2e.core.internal.Bundles - 	Entry: C:\Users\apoor\.p2\pool\plugins\com.google.guava.failureaccess_1.0.2.jar
2025-11-07 20:58:42,756 [Worker-8: Launching Lost-and-found (5)] INFO  o.e.m.i.launch.MavenLaunchDelegate - Run build in "C:\Users\apoor\OneDrive\Desktop\Lost_and_found\Lost-and-found":
2025-11-07 20:58:42,761 [Worker-8: Launching Lost-and-found (5)] INFO  o.e.m.i.launch.MavenLaunchDelegate -  mvn  -B -Dstyle.color=always clean install
2025-11-07 20:59:42,783 [main] INFO  o.e.m2e.actions.ExecutePomAction - Creating new launch configuration
2025-11-07 20:59:46,579 [Worker-10: Launching Lost-and-found (6)] INFO  o.eclipse.m2e.core.internal.Bundles - getClasspathEntries(Bundle=org.eclipse.m2e.maven.runtime_3.9.900.20250220-2013 [298])
2025-11-07 20:59:46,581 [Worker-10: Launching Lost-and-found (6)] INFO  o.eclipse.m2e.core.internal.Bundles - 	Entry: C:\Users\apoor\.p2\pool\plugins\org.eclipse.m2e.maven.runtime_3.9.900.20250220-2013
2025-11-07 20:59:46,582 [Worker-10: Launching Lost-and-found (6)] INFO  o.eclipse.m2e.core.internal.Bundles - 	Entry: C:\Users\apoor\.p2\pool\plugins\org.eclipse.m2e.maven.runtime_3.9.900.20250220-2013\jars\aopalliance-1.0.jar
2025-11-07 20:59:46,583 [Worker-10: Launching Lost-and-found (6)] INFO  o.eclipse.m2e.core.internal.Bundles - 	Entry: C:\Users\apoor\.p2\pool\plugins\org.eclipse.m2e.maven.runtime_3.9.900.20250220-2013\jars\guice-5.1.0.jar
2025-11-07 20:59:46,583 [Worker-10: Launching Lost-and-found (6)] INFO  o.eclipse.m2e.core.internal.Bundles - 	Entry: C:\Users\apoor\.p2\pool\plugins\org.eclipse.m2e.maven.runtime_3.9.900.20250220-2013\jars\httpclient-4.5.14.jar
2025-11-07 20:59:46,584 [Worker-10: Launching Lost-and-found (6)] INFO  o.eclipse.m2e.core.internal.Bundles - 	Entry: C:\Users\apoor\.p2\pool\plugins\org.eclipse.m2e.maven.runtime_3.9.900.20250220-2013\jars\httpcore-4.4.16.jar
2025-11-07 20:59:46,585 [Worker-10: Launching Lost-and-found (6)] INFO  o.eclipse.m2e.core.internal.Bundles - 	Entry: C:\Users\apoor\.p2\pool\plugins\org.eclipse.m2e.maven.runtime_3.9.900.20250220-2013\jars\jansi-2.4.1.jar
2025-11-07 20:59:46,585 [Worker-10: Launching Lost-and-found (6)] INFO  o.eclipse.m2e.core.internal.Bundles - 	Entry: C:\Users\apoor\.p2\pool\plugins\org.eclipse.m2e.maven.runtime_3.9.900.20250220-2013\jars\jcl-over-slf4j-1.7.36.jar
2025-11-07 20:59:46,586 [Worker-10: Launching Lost-and-found (6)] INFO  o.eclipse.m2e.core.internal.Bundles - 	Entry: C:\Users\apoor\.p2\pool\plugins\org.eclipse.m2e.maven.runtime_3.9.900.20250220-2013\jars\maven-artifact-3.9.9.jar
2025-11-07 20:59:46,587 [Worker-10: Launching Lost-and-found (6)] INFO  o.eclipse.m2e.core.internal.Bundles - 	Entry: C:\Users\apoor\.p2\pool\plugins\org.eclipse.m2e.maven.runtime_3.9.900.20250220-2013\jars\maven-builder-support-3.9.9.jar
2025-11-07 20:59:46,588 [Worker-10: Launching Lost-and-found (6)] INFO  o.eclipse.m2e.core.internal.Bundles - 	Entry: C:\Users\apoor\.p2\pool\plugins\org.eclipse.m2e.maven.runtime_3.9.900.20250220-2013\jars\maven-compat-3.9.9.jar
2025-11-07 20:59:46,589 [Worker-10: Launching Lost-and-found (6)] INFO  o.eclipse.m2e.core.internal.Bundles - 	Entry: C:\Users\apoor\.p2\pool\plugins\org.eclipse.m2e.maven.runtime_3.9.900.20250220-2013\jars\maven-core-3.9.9.jar
2025-11-07 20:59:46,589 [Worker-10: Launching Lost-and-found (6)] INFO  o.eclipse.m2e.core.internal.Bundles - 	Entry: C:\Users\apoor\.p2\pool\plugins\org.eclipse.m2e.maven.runtime_3.9.900.20250220-2013\jars\maven-embedder-3.9.9.jar
2025-11-07 20:59:46,589 [Worker-10: Launching Lost-and-found (6)] INFO  o.eclipse.m2e.core.internal.Bundles - 	Entry: C:\Users\apoor\.p2\pool\plugins\org.eclipse.m2e.maven.runtime_3.9.900.20250220-2013\jars\maven-model-3.9.9.jar
2025-11-07 20:59:46,590 [Worker-10: Launching Lost-and-found (6)] INFO  o.eclipse.m2e.core.internal.Bundles - 	Entry: C:\Users\apoor\.p2\pool\plugins\org.eclipse.m2e.maven.runtime_3.9.900.20250220-2013\jars\maven-model-builder-3.9.9.jar
2025-11-07 20:59:46,590 [Worker-10: Launching Lost-and-found (6)] INFO  o.eclipse.m2e.core.internal.Bundles - 	Entry: C:\Users\apoor\.p2\pool\plugins\org.eclipse.m2e.maven.runtime_3.9.900.20250220-2013\jars\maven-plugin-api-3.9.9.jar
2025-11-07 20:59:46,590 [Worker-10: Launching Lost-and-found (6)] INFO  o.eclipse.m2e.core.internal.Bundles - 	Entry: C:\Users\apoor\.p2\pool\plugins\org.eclipse.m2e.maven.runtime_3.9.900.20250220-2013\jars\maven-repository-metadata-3.9.9.jar
2025-11-07 20:59:46,591 [Worker-10: Launching Lost-and-found (6)] INFO  o.eclipse.m2e.core.internal.Bundles - 	Entry: C:\Users\apoor\.p2\pool\plugins\org.eclipse.m2e.maven.runtime_3.9.900.20250220-2013\jars\maven-resolver-api-1.9.22.jar
2025-11-07 20:59:46,592 [Worker-10: Launching Lost-and-found (6)] INFO  o.eclipse.m2e.core.internal.Bundles - 	Entry: C:\Users\apoor\.p2\pool\plugins\org.eclipse.m2e.maven.runtime_3.9.900.20250220-2013\jars\maven-resolver-connector-basic-1.9.22.jar
2025-11-07 20:59:46,593 [Worker-10: Launching Lost-and-found (6)] INFO  o.eclipse.m2e.core.internal.Bundles - 	Entry: C:\Users\apoor\.p2\pool\plugins\org.eclipse.m2e.maven.runtime_3.9.900.20250220-2013\jars\maven-resolver-impl-1.9.22.jar
2025-11-07 20:59:46,593 [Worker-10: Launching Lost-and-found (6)] INFO  o.eclipse.m2e.core.internal.Bundles - 	Entry: C:\Users\apoor\.p2\pool\plugins\org.eclipse.m2e.maven.runtime_3.9.900.20250220-2013\jars\maven-resolver-named-locks-1.9.22.jar
2025-11-07 20:59:46,594 [Worker-10: Launching Lost-and-found (6)] INFO  o.eclipse.m2e.core.internal.Bundles - 	Entry: C:\Users\apoor\.p2\pool\plugins\org.eclipse.m2e.maven.runtime_3.9.900.20250220-2013\jars\maven-resolver-provider-3.9.9.jar
2025-11-07 20:59:46,594 [Worker-10: Launching Lost-and-found (6)] INFO  o.eclipse.m2e.core.internal.Bundles - 	Entry: C:\Users\apoor\.p2\pool\plugins\org.eclipse.m2e.maven.runtime_3.9.900.20250220-2013\jars\maven-resolver-spi-1.9.22.jar
2025-11-07 20:59:46,594 [Worker-10: Launching Lost-and-found (6)] INFO  o.eclipse.m2e.core.internal.Bundles - 	Entry: C:\Users\apoor\.p2\pool\plugins\org.eclipse.m2e.maven.runtime_3.9.900.20250220-2013\jars\maven-resolver-transport-file-1.9.22.jar
2025-11-07 20:59:46,595 [Worker-10: Launching Lost-and-found (6)] INFO  o.eclipse.m2e.core.internal.Bundles - 	Entry: C:\Users\apoor\.p2\pool\plugins\org.eclipse.m2e.maven.runtime_3.9.900.20250220-2013\jars\maven-resolver-transport-http-1.9.22.jar
2025-11-07 20:59:46,596 [Worker-10: Launching Lost-and-found (6)] INFO  o.eclipse.m2e.core.internal.Bundles - 	Entry: C:\Users\apoor\.p2\pool\plugins\org.eclipse.m2e.maven.runtime_3.9.900.20250220-2013\jars\maven-resolver-transport-wagon-1.9.22.jar
2025-11-07 20:59:46,596 [Worker-10: Launching Lost-and-found (6)] INFO  o.eclipse.m2e.core.internal.Bundles - 	Entry: C:\Users\apoor\.p2\pool\plugins\org.eclipse.m2e.maven.runtime_3.9.900.20250220-2013\jars\maven-resolver-util-1.9.22.jar
2025-11-07 20:59:46,597 [Worker-10: Launching Lost-and-found (6)] INFO  o.eclipse.m2e.core.internal.Bundles - 	Entry: C:\Users\apoor\.p2\pool\plugins\org.eclipse.m2e.maven.runtime_3.9.900.20250220-2013\jars\maven-settings-3.9.9.jar
2025-11-07 20:59:46,597 [Worker-10: Launching Lost-and-found (6)] INFO  o.eclipse.m2e.core.internal.Bundles - 	Entry: C:\Users\apoor\.p2\pool\plugins\org.eclipse.m2e.maven.runtime_3.9.900.20250220-2013\jars\maven-settings-builder-3.9.9.jar
2025-11-07 20:59:46,598 [Worker-10: Launching Lost-and-found (6)] INFO  o.eclipse.m2e.core.internal.Bundles - 	Entry: C:\Users\apoor\.p2\pool\plugins\org.eclipse.m2e.maven.runtime_3.9.900.20250220-2013\jars\maven-shared-utils-3.4.2.jar
2025-11-07 20:59:46,598 [Worker-10: Launching Lost-and-found (6)] INFO  o.eclipse.m2e.core.internal.Bundles - 	Entry: C:\Users\apoor\.p2\pool\plugins\org.eclipse.m2e.maven.runtime_3.9.900.20250220-2013\jars\org.eclipse.sisu.inject-0.9.0.M3.jar
2025-11-07 20:59:46,599 [Worker-10: Launching Lost-and-found (6)] INFO  o.eclipse.m2e.core.internal.Bundles - 	Entry: C:\Users\apoor\.p2\pool\plugins\org.eclipse.m2e.maven.runtime_3.9.900.20250220-2013\jars\org.eclipse.sisu.plexus-0.9.0.M3.jar
2025-11-07 20:59:46,599 [Worker-10: Launching Lost-and-found (6)] INFO  o.eclipse.m2e.core.internal.Bundles - 	Entry: C:\Users\apoor\.p2\pool\plugins\org.eclipse.m2e.maven.runtime_3.9.900.20250220-2013\jars\plexus-build-api-0.0.7.jar
2025-11-07 20:59:46,599 [Worker-10: Launching Lost-and-found (6)] INFO  o.eclipse.m2e.core.internal.Bundles - 	Entry: C:\Users\apoor\.p2\pool\plugins\org.eclipse.m2e.maven.runtime_3.9.900.20250220-2013\jars\plexus-build-api-1.2.0.jar
2025-11-07 20:59:46,600 [Worker-10: Launching Lost-and-found (6)] INFO  o.eclipse.m2e.core.internal.Bundles - 	Entry: C:\Users\apoor\.p2\pool\plugins\org.eclipse.m2e.maven.runtime_3.9.900.20250220-2013\jars\plexus-cipher-2.0.jar
2025-11-07 20:59:46,600 [Worker-10: Launching Lost-and-found (6)] INFO  o.eclipse.m2e.core.internal.Bundles - 	Entry: C:\Users\apoor\.p2\pool\plugins\org.eclipse.m2e.maven.runtime_3.9.900.20250220-2013\jars\plexus-classworlds-2.8.0.jar
2025-11-07 20:59:46,600 [Worker-10: Launching Lost-and-found (6)] INFO  o.eclipse.m2e.core.internal.Bundles - 	Entry: C:\Users\apoor\.p2\pool\plugins\org.eclipse.m2e.maven.runtime_3.9.900.20250220-2013\jars\plexus-component-annotations-2.1.0.jar
2025-11-07 20:59:46,602 [Worker-10: Launching Lost-and-found (6)] INFO  o.eclipse.m2e.core.internal.Bundles - 	Entry: C:\Users\apoor\.p2\pool\plugins\org.eclipse.m2e.maven.runtime_3.9.900.20250220-2013\jars\plexus-interpolation-1.27.jar
2025-11-07 20:59:46,602 [Worker-10: Launching Lost-and-found (6)] INFO  o.eclipse.m2e.core.internal.Bundles - 	Entry: C:\Users\apoor\.p2\pool\plugins\org.eclipse.m2e.maven.runtime_3.9.900.20250220-2013\jars\plexus-sec-dispatcher-2.0.jar
2025-11-07 20:59:46,602 [Worker-10: Launching Lost-and-found (6)] INFO  o.eclipse.m2e.core.internal.Bundles - 	Entry: C:\Users\apoor\.p2\pool\plugins\org.eclipse.m2e.maven.runtime_3.9.900.20250220-2013\jars\plexus-utils-3.5.1.jar
2025-11-07 20:59:46,603 [Worker-10: Launching Lost-and-found (6)] INFO  o.eclipse.m2e.core.internal.Bundles - 	Entry: C:\Users\apoor\.p2\pool\plugins\org.eclipse.m2e.maven.runtime_3.9.900.20250220-2013\jars\plexus-xml-3.0.1.jar
2025-11-07 20:59:46,608 [Worker-10: Launching Lost-and-found (6)] INFO  o.eclipse.m2e.core.internal.Bundles - 	Entry: C:\Users\apoor\.p2\pool\plugins\org.eclipse.m2e.maven.runtime_3.9.900.20250220-2013\jars\wagon-file-3.5.3.jar
2025-11-07 20:59:46,608 [Worker-10: Launching Lost-and-found (6)] INFO  o.eclipse.m2e.core.internal.Bundles - 	Entry: C:\Users\apoor\.p2\pool\plugins\org.eclipse.m2e.maven.runtime_3.9.900.20250220-2013\jars\wagon-http-3.5.3.jar
2025-11-07 20:59:46,609 [Worker-10: Launching Lost-and-found (6)] INFO  o.eclipse.m2e.core.internal.Bundles - 	Entry: C:\Users\apoor\.p2\pool\plugins\org.eclipse.m2e.maven.runtime_3.9.900.20250220-2013\jars\wagon-http-shared-3.5.3.jar
2025-11-07 20:59:46,609 [Worker-10: Launching Lost-and-found (6)] INFO  o.eclipse.m2e.core.internal.Bundles - 	Entry: C:\Users\apoor\.p2\pool\plugins\org.eclipse.m2e.maven.runtime_3.9.900.20250220-2013\jars\wagon-provider-api-3.5.3.jar
2025-11-07 20:59:46,612 [Worker-10: Launching Lost-and-found (6)] INFO  o.eclipse.m2e.core.internal.Bundles - getClasspathEntries(Bundle=com.google.guava_33.4.0.jre [12])
2025-11-07 20:59:46,613 [Worker-10: Launching Lost-and-found (6)] INFO  o.eclipse.m2e.core.internal.Bundles - 	Entry: C:\Users\apoor\.p2\pool\plugins\com.google.guava_33.4.0.jre.jar
2025-11-07 20:59:46,614 [Worker-10: Launching Lost-and-found (6)] INFO  o.eclipse.m2e.core.internal.Bundles - getClasspathEntries(Bundle=slf4j.api_2.0.17 [522])
2025-11-07 20:59:46,615 [Worker-10: Launching Lost-and-found (6)] INFO  o.eclipse.m2e.core.internal.Bundles - 	Entry: C:\Users\apoor\.p2\pool\plugins\slf4j.api_2.0.17.jar
2025-11-07 20:59:46,615 [Worker-10: Launching Lost-and-found (6)] INFO  o.eclipse.m2e.core.internal.Bundles - getClasspathEntries(Bundle=jakarta.inject.jakarta.inject-api_1.0.5 [24])
2025-11-07 20:59:46,615 [Worker-10: Launching Lost-and-found (6)] INFO  o.eclipse.m2e.core.internal.Bundles - 	Entry: C:\Users\apoor\.p2\pool\plugins\jakarta.inject.jakarta.inject-api_1.0.5.jar
2025-11-07 20:59:46,616 [Worker-10: Launching Lost-and-found (6)] INFO  o.eclipse.m2e.core.internal.Bundles - getClasspathEntries(Bundle=jakarta.annotation-api_1.3.5 [22])
2025-11-07 20:59:46,616 [Worker-10: Launching Lost-and-found (6)] INFO  o.eclipse.m2e.core.internal.Bundles - 	Entry: C:\Users\apoor\.p2\pool\plugins\jakarta.annotation-api_1.3.5.jar
2025-11-07 20:59:46,616 [Worker-10: Launching Lost-and-found (6)] INFO  o.eclipse.m2e.core.internal.Bundles - getClasspathEntries(Bundle=org.apache.commons.cli_1.9.0 [48])
2025-11-07 20:59:46,617 [Worker-10: Launching Lost-and-found (6)] INFO  o.eclipse.m2e.core.internal.Bundles - 	Entry: C:\Users\apoor\.p2\pool\plugins\org.apache.commons.cli_1.9.0.jar
2025-11-07 20:59:46,617 [Worker-10: Launching Lost-and-found (6)] INFO  o.eclipse.m2e.core.internal.Bundles - getClasspathEntries(Bundle=org.apache.commons.commons-codec_1.16.0 [49])
2025-11-07 20:59:46,618 [Worker-10: Launching Lost-and-found (6)] INFO  o.eclipse.m2e.core.internal.Bundles - 	Entry: C:\Users\apoor\.p2\pool\plugins\org.apache.commons.commons-codec_1.16.0.jar
2025-11-07 20:59:46,618 [Worker-10: Launching Lost-and-found (6)] INFO  o.eclipse.m2e.core.internal.Bundles - getClasspathEntries(Bundle=com.google.guava.failureaccess_1.0.2 [13])
2025-11-07 20:59:46,619 [Worker-10: Launching Lost-and-found (6)] INFO  o.eclipse.m2e.core.internal.Bundles - 	Entry: C:\Users\apoor\.p2\pool\plugins\com.google.guava.failureaccess_1.0.2.jar
2025-11-07 20:59:46,635 [Worker-10: Launching Lost-and-found (6)] INFO  o.e.m.i.launch.MavenLaunchDelegate - Run build in "C:\Users\apoor\OneDrive\Desktop\Lost_and_found\Lost-and-found":
2025-11-07 20:59:46,635 [Worker-10: Launching Lost-and-found (6)] INFO  o.e.m.i.launch.MavenLaunchDelegate -  mvn  -B -Dstyle.color=always clean install -DskipTests
2025-11-07 21:17:35,687 [Worker-15: Updating Maven Project] INFO  o.e.m.c.i.p.ProjectConfigurationManager - Update started
2025-11-07 21:17:40,309 [Worker-15: Updating Maven Project] INFO  o.e.m.c.i.e.AbstractTransferListenerAdapter - Downloading https://repo.maven.apache.org/maven2/org/apache/maven/plugins/maven-deploy-plugin/3.1.4/maven-deploy-plugin-3.1.4.jar
2025-11-07 21:17:41,638 [Worker-15: Updating Maven Project] INFO  o.e.m.c.i.e.AbstractTransferListenerAdapter - Downloaded https://repo.maven.apache.org/maven2/org/apache/maven/plugins/maven-deploy-plugin/3.1.4/maven-deploy-plugin-3.1.4.jar
2025-11-07 21:17:41,807 [Worker-15: Updating Maven Project] INFO  o.e.m.c.i.e.AbstractTransferListenerAdapter - Downloading https://repo.maven.apache.org/maven2/org/apache/maven/plugins/maven-site-plugin/3.12.1/maven-site-plugin-3.12.1.jar
2025-11-07 21:17:41,998 [Worker-15: Updating Maven Project] INFO  o.e.m.c.i.e.AbstractTransferListenerAdapter - Downloaded https://repo.maven.apache.org/maven2/org/apache/maven/plugins/maven-site-plugin/3.12.1/maven-site-plugin-3.12.1.jar
2025-11-07 21:17:44,370 [Worker-15: Updating Maven Project] INFO  o.e.m.c.i.l.LifecycleMappingFactory - Using org.eclipse.m2e.jdt.JarLifecycleMapping lifecycle mapping for MavenProject: com.example:lostandfound:0.0.1-SNAPSHOT @ C:\Users\apoor\OneDrive\Desktop\Lost_and_found\Lost-and-found\pom.xml.
2025-11-07 21:17:55,842 [Worker-15: Updating Maven Project] INFO  o.e.m.j.i.AbstractJavaProjectConfigurator - Adding source folder /lostandfound/src/main/java
2025-11-07 21:17:55,846 [Worker-15: Updating Maven Project] INFO  o.e.m.j.i.AbstractJavaProjectConfigurator - Adding resource folder /lostandfound/src/main/resources
2025-11-07 21:17:55,852 [Worker-15: Updating Maven Project] INFO  o.e.m.j.i.AbstractJavaProjectConfigurator - Adding resource folder /lostandfound/src/main/resources
2025-11-07 21:17:55,856 [Worker-15: Updating Maven Project] INFO  o.e.m.j.i.AbstractJavaProjectConfigurator - Adding source folder /lostandfound/src/test/java
2025-11-07 21:17:55,859 [Worker-15: Updating Maven Project] INFO  o.e.m.j.i.AbstractJavaProjectConfigurator - Adding resource folder /lostandfound/src/test/resources
2025-11-07 21:17:55,934 [Worker-23: Download sources and javadoc] INFO  o.e.m.c.i.e.AbstractTransferListenerAdapter - Downloading https://repo.maven.apache.org/maven2/org/springframework/boot/spring-boot-starter/3.5.4/spring-boot-starter-3.5.4-sources.jar
2025-11-07 21:17:56,186 [Worker-23: Download sources and javadoc] INFO  o.e.m.c.i.e.AbstractTransferListenerAdapter - Downloaded https://repo.maven.apache.org/maven2/org/springframework/boot/spring-boot-starter/3.5.4/spring-boot-starter-3.5.4-sources.jar
2025-11-07 21:17:56,303 [Worker-23: Download sources and javadoc] INFO  o.e.m.j.internal.DownloadSourcesJob - Downloaded sources for org.springframework.boot:spring-boot-starter:3.5.4
2025-11-07 21:17:56,426 [Worker-23: Download sources and javadoc] INFO  o.e.m.c.i.e.AbstractTransferListenerAdapter - Downloading https://repo.maven.apache.org/maven2/org/springframework/boot/spring-boot/3.5.4/spring-boot-3.5.4-sources.jar
2025-11-07 21:17:56,778 [Worker-23: Download sources and javadoc] INFO  o.e.m.c.i.e.AbstractTransferListenerAdapter - Downloaded https://repo.maven.apache.org/maven2/org/springframework/boot/spring-boot/3.5.4/spring-boot-3.5.4-sources.jar
2025-11-07 21:17:56,870 [Worker-23: Download sources and javadoc] INFO  o.e.m.j.internal.DownloadSourcesJob - Downloaded sources for org.springframework.boot:spring-boot:3.5.4
2025-11-07 21:17:57,021 [Worker-23: Download sources and javadoc] INFO  o.e.m.c.i.e.AbstractTransferListenerAdapter - Downloading https://repo.maven.apache.org/maven2/org/springframework/spring-context/6.2.9/spring-context-6.2.9-sources.jar
2025-11-07 21:17:57,560 [Worker-23: Download sources and javadoc] INFO  o.e.m.c.i.e.AbstractTransferListenerAdapter - Downloaded https://repo.maven.apache.org/maven2/org/springframework/spring-context/6.2.9/spring-context-6.2.9-sources.jar
2025-11-07 21:17:57,756 [Worker-23: Download sources and javadoc] INFO  o.e.m.j.internal.DownloadSourcesJob - Downloaded sources for org.springframework:spring-context:6.2.9
2025-11-07 21:17:57,902 [Worker-23: Download sources and javadoc] INFO  o.e.m.c.i.e.AbstractTransferListenerAdapter - Downloading https://repo.maven.apache.org/maven2/org/springframework/boot/spring-boot-autoconfigure/3.5.4/spring-boot-autoconfigure-3.5.4-sources.jar
2025-11-07 21:17:58,201 [Worker-15: Updating Maven Project] INFO  o.e.m.c.i.p.ProjectConfigurationManager - Update completed for 1 poms: local refresh takes 0.00 sec, refresh facades takes 19.00 sec, update config takes 1.00 sec 
2025-11-07 21:17:58,284 [Worker-23: Download sources and javadoc] INFO  o.e.m.c.i.e.AbstractTransferListenerAdapter - Downloaded https://repo.maven.apache.org/maven2/org/springframework/boot/spring-boot-autoconfigure/3.5.4/spring-boot-autoconfigure-3.5.4-sources.jar
2025-11-07 21:17:58,432 [Worker-23: Download sources and javadoc] INFO  o.e.m.j.internal.DownloadSourcesJob - Downloaded sources for org.springframework.boot:spring-boot-autoconfigure:3.5.4
2025-11-07 21:17:58,624 [Worker-23: Download sources and javadoc] INFO  o.e.m.c.i.e.AbstractTransferListenerAdapter - Downloading https://repo.maven.apache.org/maven2/org/springframework/boot/spring-boot-starter-logging/3.5.4/spring-boot-starter-logging-3.5.4-sources.jar
2025-11-07 21:17:58,791 [Worker-23: Download sources and javadoc] INFO  o.e.m.c.i.e.AbstractTransferListenerAdapter - Downloaded https://repo.maven.apache.org/maven2/org/springframework/boot/spring-boot-starter-logging/3.5.4/spring-boot-starter-logging-3.5.4-sources.jar
2025-11-07 21:17:58,912 [Worker-23: Download sources and javadoc] INFO  o.e.m.j.internal.DownloadSourcesJob - Downloaded sources for org.springframework.boot:spring-boot-starter-logging:3.5.4
2025-11-07 21:17:59,052 [Worker-23: Download sources and javadoc] INFO  o.e.m.c.i.e.AbstractTransferListenerAdapter - Downloading https://repo.maven.apache.org/maven2/ch/qos/logback/logback-classic/1.5.18/logback-classic-1.5.18-sources.jar
2025-11-07 21:17:59,274 [Worker-23: Download sources and javadoc] INFO  o.e.m.c.i.e.AbstractTransferListenerAdapter - Downloaded https://repo.maven.apache.org/maven2/ch/qos/logback/logback-classic/1.5.18/logback-classic-1.5.18-sources.jar
2025-11-07 21:17:59,380 [Worker-23: Download sources and javadoc] INFO  o.e.m.j.internal.DownloadSourcesJob - Downloaded sources for ch.qos.logback:logback-classic:1.5.18
2025-11-07 21:17:59,482 [Worker-23: Download sources and javadoc] INFO  o.e.m.c.i.e.AbstractTransferListenerAdapter - Downloading https://repo.maven.apache.org/maven2/ch/qos/logback/logback-core/1.5.18/logback-core-1.5.18-sources.jar
2025-11-07 21:17:59,849 [Worker-23: Download sources and javadoc] INFO  o.e.m.c.i.e.AbstractTransferListenerAdapter - Downloaded https://repo.maven.apache.org/maven2/ch/qos/logback/logback-core/1.5.18/logback-core-1.5.18-sources.jar
2025-11-07 21:17:59,963 [Worker-23: Download sources and javadoc] INFO  o.e.m.j.internal.DownloadSourcesJob - Downloaded sources for ch.qos.logback:logback-core:1.5.18
2025-11-07 21:18:00,109 [Worker-23: Download sources and javadoc] INFO  o.e.m.c.i.e.AbstractTransferListenerAdapter - Downloading https://repo.maven.apache.org/maven2/org/apache/logging/log4j/log4j-to-slf4j/2.24.3/log4j-to-slf4j-2.24.3-sources.jar
2025-11-07 21:18:00,734 [Worker-24: Building] INFO  o.a.m.s.f.DefaultMavenResourcesFiltering - Copying 1 resource from src\main\resources to target\classes
2025-11-07 21:18:00,826 [Worker-24: Building] INFO  o.a.m.s.f.DefaultMavenResourcesFiltering - Copying 0 resource from src\main\resources to target\classes
2025-11-07 21:18:00,835 [Worker-24: Building] INFO  o.a.m.s.f.DefaultMavenResourcesFiltering - skip non existing resourceDirectory C:\Users\apoor\OneDrive\Desktop\Lost_and_found\Lost-and-found\src\test\resources
2025-11-07 21:18:01,537 [Worker-23: Download sources and javadoc] INFO  o.e.m.c.i.e.AbstractTransferListenerAdapter - Downloaded https://repo.maven.apache.org/maven2/org/apache/logging/log4j/log4j-to-slf4j/2.24.3/log4j-to-slf4j-2.24.3-sources.jar
2025-11-07 21:18:01,646 [Worker-23: Download sources and javadoc] INFO  o.e.m.j.internal.DownloadSourcesJob - Downloaded sources for org.apache.logging.log4j:log4j-to-slf4j:2.24.3
2025-11-07 21:18:01,818 [Worker-23: Download sources and javadoc] INFO  o.e.m.c.i.e.AbstractTransferListenerAdapter - Downloading https://repo.maven.apache.org/maven2/org/apache/logging/log4j/log4j-api/2.24.3/log4j-api-2.24.3-sources.jar
2025-11-07 21:18:02,104 [Worker-23: Download sources and javadoc] INFO  o.e.m.c.i.e.AbstractTransferListenerAdapter - Downloaded https://repo.maven.apache.org/maven2/org/apache/logging/log4j/log4j-api/2.24.3/log4j-api-2.24.3-sources.jar
2025-11-07 21:18:02,194 [Worker-23: Download sources and javadoc] INFO  o.e.m.j.internal.DownloadSourcesJob - Downloaded sources for org.apache.logging.log4j:log4j-api:2.24.3
2025-11-07 21:18:02,296 [Worker-23: Download sources and javadoc] INFO  o.e.m.c.i.e.AbstractTransferListenerAdapter - Downloading https://repo.maven.apache.org/maven2/org/slf4j/jul-to-slf4j/2.0.17/jul-to-slf4j-2.0.17-sources.jar
2025-11-07 21:18:02,501 [Worker-23: Download sources and javadoc] INFO  o.e.m.c.i.e.AbstractTransferListenerAdapter - Downloaded https://repo.maven.apache.org/maven2/org/slf4j/jul-to-slf4j/2.0.17/jul-to-slf4j-2.0.17-sources.jar
2025-11-07 21:18:02,609 [Worker-23: Download sources and javadoc] INFO  o.e.m.j.internal.DownloadSourcesJob - Downloaded sources for org.slf4j:jul-to-slf4j:2.0.17
2025-11-07 21:18:02,702 [Worker-23: Download sources and javadoc] INFO  o.e.m.c.i.e.AbstractTransferListenerAdapter - Downloading https://repo.maven.apache.org/maven2/jakarta/annotation/jakarta.annotation-api/2.1.1/jakarta.annotation-api-2.1.1-sources.jar
2025-11-07 21:18:04,477 [Worker-23: Download sources and javadoc] INFO  o.e.m.c.i.e.AbstractTransferListenerAdapter - Downloaded https://repo.maven.apache.org/maven2/jakarta/annotation/jakarta.annotation-api/2.1.1/jakarta.annotation-api-2.1.1-sources.jar
2025-11-07 21:18:04,552 [Worker-23: Download sources and javadoc] INFO  o.e.m.j.internal.DownloadSourcesJob - Downloaded sources for jakarta.annotation:jakarta.annotation-api:2.1.1
2025-11-07 21:18:04,713 [Worker-23: Download sources and javadoc] INFO  o.e.m.c.i.e.AbstractTransferListenerAdapter - Downloading https://repo.maven.apache.org/maven2/org/springframework/spring-core/6.2.9/spring-core-6.2.9-sources.jar
2025-11-07 21:18:04,995 [Worker-23: Download sources and javadoc] INFO  o.e.m.c.i.e.AbstractTransferListenerAdapter - Downloaded https://repo.maven.apache.org/maven2/org/springframework/spring-core/6.2.9/spring-core-6.2.9-sources.jar
2025-11-07 21:18:05,081 [Worker-23: Download sources and javadoc] INFO  o.e.m.j.internal.DownloadSourcesJob - Downloaded sources for org.springframework:spring-core:6.2.9
2025-11-07 21:18:05,196 [Worker-23: Download sources and javadoc] INFO  o.e.m.c.i.e.AbstractTransferListenerAdapter - Downloading https://repo.maven.apache.org/maven2/org/springframework/spring-jcl/6.2.9/spring-jcl-6.2.9-sources.jar
2025-11-07 21:18:06,075 [Worker-23: Download sources and javadoc] INFO  o.e.m.c.i.e.AbstractTransferListenerAdapter - Downloaded https://repo.maven.apache.org/maven2/org/springframework/spring-jcl/6.2.9/spring-jcl-6.2.9-sources.jar
2025-11-07 21:18:06,157 [Worker-23: Download sources and javadoc] INFO  o.e.m.j.internal.DownloadSourcesJob - Downloaded sources for org.springframework:spring-jcl:6.2.9
2025-11-07 21:18:06,250 [Worker-23: Download sources and javadoc] INFO  o.e.m.c.i.e.AbstractTransferListenerAdapter - Downloading https://repo.maven.apache.org/maven2/org/yaml/snakeyaml/2.4/snakeyaml-2.4-sources.jar
2025-11-07 21:18:06,411 [Worker-23: Download sources and javadoc] INFO  o.e.m.c.i.e.AbstractTransferListenerAdapter - Downloaded https://repo.maven.apache.org/maven2/org/yaml/snakeyaml/2.4/snakeyaml-2.4-sources.jar
2025-11-07 21:18:06,483 [Worker-23: Download sources and javadoc] INFO  o.e.m.j.internal.DownloadSourcesJob - Downloaded sources for org.yaml:snakeyaml:2.4
2025-11-07 21:18:06,587 [Worker-23: Download sources and javadoc] INFO  o.e.m.c.i.e.AbstractTransferListenerAdapter - Downloading https://repo.maven.apache.org/maven2/org/springframework/boot/spring-boot-starter-data-jpa/3.5.4/spring-boot-starter-data-jpa-3.5.4-sources.jar
2025-11-07 21:18:06,610 [Worker-23: Download sources and javadoc] INFO  o.e.m.c.i.e.AbstractTransferListenerAdapter - Downloaded https://repo.maven.apache.org/maven2/org/springframework/boot/spring-boot-starter-data-jpa/3.5.4/spring-boot-starter-data-jpa-3.5.4-sources.jar
2025-11-07 21:18:06,685 [Worker-23: Download sources and javadoc] INFO  o.e.m.j.internal.DownloadSourcesJob - Downloaded sources for org.springframework.boot:spring-boot-starter-data-jpa:3.5.4
2025-11-07 21:18:06,798 [Worker-23: Download sources and javadoc] INFO  o.e.m.c.i.e.AbstractTransferListenerAdapter - Downloading https://repo.maven.apache.org/maven2/org/springframework/boot/spring-boot-starter-jdbc/3.5.4/spring-boot-starter-jdbc-3.5.4-sources.jar
2025-11-07 21:18:06,927 [Worker-23: Download sources and javadoc] INFO  o.e.m.c.i.e.AbstractTransferListenerAdapter - Downloaded https://repo.maven.apache.org/maven2/org/springframework/boot/spring-boot-starter-jdbc/3.5.4/spring-boot-starter-jdbc-3.5.4-sources.jar
2025-11-07 21:18:07,000 [Worker-23: Download sources and javadoc] INFO  o.e.m.j.internal.DownloadSourcesJob - Downloaded sources for org.springframework.boot:spring-boot-starter-jdbc:3.5.4
2025-11-07 21:18:07,088 [Worker-23: Download sources and javadoc] INFO  o.e.m.c.i.e.AbstractTransferListenerAdapter - Downloading https://repo.maven.apache.org/maven2/com/zaxxer/HikariCP/6.3.1/HikariCP-6.3.1-sources.jar
2025-11-07 21:18:07,251 [Worker-23: Download sources and javadoc] INFO  o.e.m.c.i.e.AbstractTransferListenerAdapter - Downloaded https://repo.maven.apache.org/maven2/com/zaxxer/HikariCP/6.3.1/HikariCP-6.3.1-sources.jar
2025-11-07 21:18:07,321 [Worker-23: Download sources and javadoc] INFO  o.e.m.j.internal.DownloadSourcesJob - Downloaded sources for com.zaxxer:HikariCP:6.3.1
2025-11-07 21:18:07,414 [Worker-23: Download sources and javadoc] INFO  o.e.m.c.i.e.AbstractTransferListenerAdapter - Downloading https://repo.maven.apache.org/maven2/org/springframework/spring-jdbc/6.2.9/spring-jdbc-6.2.9-sources.jar
2025-11-07 21:18:07,654 [Worker-23: Download sources and javadoc] INFO  o.e.m.c.i.e.AbstractTransferListenerAdapter - Downloaded https://repo.maven.apache.org/maven2/org/springframework/spring-jdbc/6.2.9/spring-jdbc-6.2.9-sources.jar
2025-11-07 21:18:07,738 [Worker-23: Download sources and javadoc] INFO  o.e.m.j.internal.DownloadSourcesJob - Downloaded sources for org.springframework:spring-jdbc:6.2.9
2025-11-07 21:18:07,859 [Worker-23: Download sources and javadoc] INFO  o.e.m.c.i.e.AbstractTransferListenerAdapter - Downloading https://repo.maven.apache.org/maven2/org/hibernate/orm/hibernate-core/6.6.22.Final/hibernate-core-6.6.22.Final-sources.jar
2025-11-07 21:18:08,871 [Worker-23: Download sources and javadoc] INFO  o.e.m.c.i.e.AbstractTransferListenerAdapter - Downloaded https://repo.maven.apache.org/maven2/org/hibernate/orm/hibernate-core/6.6.22.Final/hibernate-core-6.6.22.Final-sources.jar
2025-11-07 21:18:08,950 [Worker-23: Download sources and javadoc] INFO  o.e.m.j.internal.DownloadSourcesJob - Downloaded sources for org.hibernate.orm:hibernate-core:6.6.22.Final
2025-11-07 21:18:09,053 [Worker-23: Download sources and javadoc] INFO  o.e.m.c.i.e.AbstractTransferListenerAdapter - Downloading https://repo.maven.apache.org/maven2/jakarta/transaction/jakarta.transaction-api/2.0.1/jakarta.transaction-api-2.0.1-sources.jar
2025-11-07 21:18:10,435 [Worker-23: Download sources and javadoc] INFO  o.e.m.c.i.e.AbstractTransferListenerAdapter - Downloaded https://repo.maven.apache.org/maven2/jakarta/transaction/jakarta.transaction-api/2.0.1/jakarta.transaction-api-2.0.1-sources.jar
2025-11-07 21:18:10,490 [Worker-23: Download sources and javadoc] INFO  o.e.m.j.internal.DownloadSourcesJob - Downloaded sources for jakarta.transaction:jakarta.transaction-api:2.0.1
2025-11-07 21:18:10,602 [Worker-23: Download sources and javadoc] INFO  o.e.m.c.i.e.AbstractTransferListenerAdapter - Downloading https://repo.maven.apache.org/maven2/org/jboss/logging/jboss-logging/3.6.1.Final/jboss-logging-3.6.1.Final-sources.jar
2025-11-07 21:18:12,588 [Worker-23: Download sources and javadoc] INFO  o.e.m.c.i.e.AbstractTransferListenerAdapter - Downloaded https://repo.maven.apache.org/maven2/org/jboss/logging/jboss-logging/3.6.1.Final/jboss-logging-3.6.1.Final-sources.jar
2025-11-07 21:18:12,655 [Worker-23: Download sources and javadoc] INFO  o.e.m.j.internal.DownloadSourcesJob - Downloaded sources for org.jboss.logging:jboss-logging:3.6.1.Final
2025-11-07 21:18:12,732 [Worker-23: Download sources and javadoc] INFO  o.e.m.c.i.e.AbstractTransferListenerAdapter - Downloading https://repo.maven.apache.org/maven2/org/hibernate/common/hibernate-commons-annotations/7.0.3.Final/hibernate-commons-annotations-7.0.3.Final-sources.jar
2025-11-07 21:18:15,194 [Worker-23: Download sources and javadoc] INFO  o.e.m.c.i.e.AbstractTransferListenerAdapter - Downloaded https://repo.maven.apache.org/maven2/org/hibernate/common/hibernate-commons-annotations/7.0.3.Final/hibernate-commons-annotations-7.0.3.Final-sources.jar
2025-11-07 21:18:15,255 [Worker-23: Download sources and javadoc] INFO  o.e.m.j.internal.DownloadSourcesJob - Downloaded sources for org.hibernate.common:hibernate-commons-annotations:7.0.3.Final
2025-11-07 21:18:15,345 [Worker-23: Download sources and javadoc] INFO  o.e.m.c.i.e.AbstractTransferListenerAdapter - Downloading https://repo.maven.apache.org/maven2/io/smallrye/jandex/3.2.0/jandex-3.2.0-sources.jar
2025-11-07 21:18:15,504 [Worker-23: Download sources and javadoc] INFO  o.e.m.c.i.e.AbstractTransferListenerAdapter - Downloaded https://repo.maven.apache.org/maven2/io/smallrye/jandex/3.2.0/jandex-3.2.0-sources.jar
2025-11-07 21:18:15,567 [Worker-23: Download sources and javadoc] INFO  o.e.m.j.internal.DownloadSourcesJob - Downloaded sources for io.smallrye:jandex:3.2.0
2025-11-07 21:18:15,660 [Worker-23: Download sources and javadoc] INFO  o.e.m.c.i.e.AbstractTransferListenerAdapter - Downloading https://repo.maven.apache.org/maven2/com/fasterxml/classmate/1.7.0/classmate-1.7.0-sources.jar
2025-11-07 21:18:15,791 [Worker-23: Download sources and javadoc] INFO  o.e.m.c.i.e.AbstractTransferListenerAdapter - Downloaded https://repo.maven.apache.org/maven2/com/fasterxml/classmate/1.7.0/classmate-1.7.0-sources.jar
2025-11-07 21:18:15,849 [Worker-23: Download sources and javadoc] INFO  o.e.m.j.internal.DownloadSourcesJob - Downloaded sources for com.fasterxml:classmate:1.7.0
2025-11-07 21:18:15,934 [Worker-23: Download sources and javadoc] INFO  o.e.m.c.i.e.AbstractTransferListenerAdapter - Downloading https://repo.maven.apache.org/maven2/net/bytebuddy/byte-buddy/1.17.6/byte-buddy-1.17.6-sources.jar
2025-11-07 21:18:16,211 [Worker-23: Download sources and javadoc] INFO  o.e.m.c.i.e.AbstractTransferListenerAdapter - Downloaded https://repo.maven.apache.org/maven2/net/bytebuddy/byte-buddy/1.17.6/byte-buddy-1.17.6-sources.jar
2025-11-07 21:18:16,267 [Worker-23: Download sources and javadoc] INFO  o.e.m.j.internal.DownloadSourcesJob - Downloaded sources for net.bytebuddy:byte-buddy:1.17.6
2025-11-07 21:18:16,354 [Worker-23: Download sources and javadoc] INFO  o.e.m.c.i.e.AbstractTransferListenerAdapter - Downloading https://repo.maven.apache.org/maven2/org/glassfish/jaxb/jaxb-runtime/4.0.5/jaxb-runtime-4.0.5-sources.jar
2025-11-07 21:18:16,531 [Worker-23: Download sources and javadoc] INFO  o.e.m.c.i.e.AbstractTransferListenerAdapter - Downloaded https://repo.maven.apache.org/maven2/org/glassfish/jaxb/jaxb-runtime/4.0.5/jaxb-runtime-4.0.5-sources.jar
2025-11-07 21:18:16,582 [Worker-23: Download sources and javadoc] INFO  o.e.m.j.internal.DownloadSourcesJob - Downloaded sources for org.glassfish.jaxb:jaxb-runtime:4.0.5
2025-11-07 21:18:16,674 [Worker-23: Download sources and javadoc] INFO  o.e.m.c.i.e.AbstractTransferListenerAdapter - Downloading https://repo.maven.apache.org/maven2/org/glassfish/jaxb/jaxb-core/4.0.5/jaxb-core-4.0.5-sources.jar
2025-11-07 21:18:16,860 [Worker-23: Download sources and javadoc] INFO  o.e.m.c.i.e.AbstractTransferListenerAdapter - Downloaded https://repo.maven.apache.org/maven2/org/glassfish/jaxb/jaxb-core/4.0.5/jaxb-core-4.0.5-sources.jar
2025-11-07 21:18:16,904 [Worker-23: Download sources and javadoc] INFO  o.e.m.j.internal.DownloadSourcesJob - Downloaded sources for org.glassfish.jaxb:jaxb-core:4.0.5
2025-11-07 21:18:17,004 [Worker-23: Download sources and javadoc] INFO  o.e.m.c.i.e.AbstractTransferListenerAdapter - Downloading https://repo.maven.apache.org/maven2/org/eclipse/angus/angus-activation/2.0.2/angus-activation-2.0.2-sources.jar
2025-11-07 21:18:17,832 [Worker-23: Download sources and javadoc] INFO  o.e.m.c.i.e.AbstractTransferListenerAdapter - Downloaded https://repo.maven.apache.org/maven2/org/eclipse/angus/angus-activation/2.0.2/angus-activation-2.0.2-sources.jar
2025-11-07 21:18:17,889 [Worker-23: Download sources and javadoc] INFO  o.e.m.j.internal.DownloadSourcesJob - Downloaded sources for org.eclipse.angus:angus-activation:2.0.2
2025-11-07 21:18:18,000 [Worker-23: Download sources and javadoc] INFO  o.e.m.c.i.e.AbstractTransferListenerAdapter - Downloading https://repo.maven.apache.org/maven2/org/glassfish/jaxb/txw2/4.0.5/txw2-4.0.5-sources.jar
2025-11-07 21:18:18,115 [Worker-23: Download sources and javadoc] INFO  o.e.m.c.i.e.AbstractTransferListenerAdapter - Downloaded https://repo.maven.apache.org/maven2/org/glassfish/jaxb/txw2/4.0.5/txw2-4.0.5-sources.jar
2025-11-07 21:18:18,176 [Worker-23: Download sources and javadoc] INFO  o.e.m.j.internal.DownloadSourcesJob - Downloaded sources for org.glassfish.jaxb:txw2:4.0.5
2025-11-07 21:18:18,268 [Worker-23: Download sources and javadoc] INFO  o.e.m.c.i.e.AbstractTransferListenerAdapter - Downloading https://repo.maven.apache.org/maven2/com/sun/istack/istack-commons-runtime/4.1.2/istack-commons-runtime-4.1.2-sources.jar
2025-11-07 21:18:19,443 [Worker-23: Download sources and javadoc] INFO  o.e.m.c.i.e.AbstractTransferListenerAdapter - Downloaded https://repo.maven.apache.org/maven2/com/sun/istack/istack-commons-runtime/4.1.2/istack-commons-runtime-4.1.2-sources.jar
2025-11-07 21:18:19,489 [Worker-23: Download sources and javadoc] INFO  o.e.m.j.internal.DownloadSourcesJob - Downloaded sources for com.sun.istack:istack-commons-runtime:4.1.2
2025-11-07 21:18:19,574 [Worker-23: Download sources and javadoc] INFO  o.e.m.c.i.e.AbstractTransferListenerAdapter - Downloading https://repo.maven.apache.org/maven2/jakarta/inject/jakarta.inject-api/2.0.1/jakarta.inject-api-2.0.1-sources.jar
2025-11-07 21:18:20,294 [Worker-23: Download sources and javadoc] INFO  o.e.m.c.i.e.AbstractTransferListenerAdapter - Downloaded https://repo.maven.apache.org/maven2/jakarta/inject/jakarta.inject-api/2.0.1/jakarta.inject-api-2.0.1-sources.jar
2025-11-07 21:18:20,358 [Worker-23: Download sources and javadoc] INFO  o.e.m.j.internal.DownloadSourcesJob - Downloaded sources for jakarta.inject:jakarta.inject-api:2.0.1
2025-11-07 21:18:20,460 [Worker-23: Download sources and javadoc] INFO  o.e.m.c.i.e.AbstractTransferListenerAdapter - Downloading https://repo.maven.apache.org/maven2/org/antlr/antlr4-runtime/4.13.0/antlr4-runtime-4.13.0-sources.jar
2025-11-07 21:18:20,639 [Worker-23: Download sources and javadoc] INFO  o.e.m.c.i.e.AbstractTransferListenerAdapter - Downloaded https://repo.maven.apache.org/maven2/org/antlr/antlr4-runtime/4.13.0/antlr4-runtime-4.13.0-sources.jar
2025-11-07 21:18:20,681 [Worker-23: Download sources and javadoc] INFO  o.e.m.j.internal.DownloadSourcesJob - Downloaded sources for org.antlr:antlr4-runtime:4.13.0
2025-11-07 21:18:20,765 [Worker-23: Download sources and javadoc] INFO  o.e.m.c.i.e.AbstractTransferListenerAdapter - Downloading https://repo.maven.apache.org/maven2/org/springframework/data/spring-data-jpa/3.5.2/spring-data-jpa-3.5.2-sources.jar
2025-11-07 21:18:20,926 [Worker-23: Download sources and javadoc] INFO  o.e.m.c.i.e.AbstractTransferListenerAdapter - Downloaded https://repo.maven.apache.org/maven2/org/springframework/data/spring-data-jpa/3.5.2/spring-data-jpa-3.5.2-sources.jar
2025-11-07 21:18:20,982 [Worker-23: Download sources and javadoc] INFO  o.e.m.j.internal.DownloadSourcesJob - Downloaded sources for org.springframework.data:spring-data-jpa:3.5.2
2025-11-07 21:18:21,079 [Worker-23: Download sources and javadoc] INFO  o.e.m.c.i.e.AbstractTransferListenerAdapter - Downloading https://repo.maven.apache.org/maven2/org/springframework/data/spring-data-commons/3.5.2/spring-data-commons-3.5.2-sources.jar
2025-11-07 21:18:21,270 [Worker-23: Download sources and javadoc] INFO  o.e.m.c.i.e.AbstractTransferListenerAdapter - Downloaded https://repo.maven.apache.org/maven2/org/springframework/data/spring-data-commons/3.5.2/spring-data-commons-3.5.2-sources.jar
2025-11-07 21:18:21,317 [Worker-23: Download sources and javadoc] INFO  o.e.m.j.internal.DownloadSourcesJob - Downloaded sources for org.springframework.data:spring-data-commons:3.5.2
2025-11-07 21:18:21,429 [Worker-23: Download sources and javadoc] INFO  o.e.m.c.i.e.AbstractTransferListenerAdapter - Downloading https://repo.maven.apache.org/maven2/org/springframework/spring-orm/6.2.9/spring-orm-6.2.9-sources.jar
2025-11-07 21:18:21,549 [Worker-23: Download sources and javadoc] INFO  o.e.m.c.i.e.AbstractTransferListenerAdapter - Downloaded https://repo.maven.apache.org/maven2/org/springframework/spring-orm/6.2.9/spring-orm-6.2.9-sources.jar
2025-11-07 21:18:21,599 [Worker-23: Download sources and javadoc] INFO  o.e.m.j.internal.DownloadSourcesJob - Downloaded sources for org.springframework:spring-orm:6.2.9
2025-11-07 21:18:21,698 [Worker-23: Download sources and javadoc] INFO  o.e.m.c.i.e.AbstractTransferListenerAdapter - Downloading https://repo.maven.apache.org/maven2/org/springframework/spring-tx/6.2.9/spring-tx-6.2.9-sources.jar
2025-11-07 21:18:21,863 [Worker-23: Download sources and javadoc] INFO  o.e.m.c.i.e.AbstractTransferListenerAdapter - Downloaded https://repo.maven.apache.org/maven2/org/springframework/spring-tx/6.2.9/spring-tx-6.2.9-sources.jar
2025-11-07 21:18:21,907 [Worker-23: Download sources and javadoc] INFO  o.e.m.j.internal.DownloadSourcesJob - Downloaded sources for org.springframework:spring-tx:6.2.9
2025-11-07 21:18:22,002 [Worker-23: Download sources and javadoc] INFO  o.e.m.c.i.e.AbstractTransferListenerAdapter - Downloading https://repo.maven.apache.org/maven2/org/springframework/spring-beans/6.2.9/spring-beans-6.2.9-sources.jar
2025-11-07 21:18:22,204 [Worker-23: Download sources and javadoc] INFO  o.e.m.c.i.e.AbstractTransferListenerAdapter - Downloaded https://repo.maven.apache.org/maven2/org/springframework/spring-beans/6.2.9/spring-beans-6.2.9-sources.jar
2025-11-07 21:18:22,264 [Worker-23: Download sources and javadoc] INFO  o.e.m.j.internal.DownloadSourcesJob - Downloaded sources for org.springframework:spring-beans:6.2.9
2025-11-07 21:18:22,360 [Worker-23: Download sources and javadoc] INFO  o.e.m.c.i.e.AbstractTransferListenerAdapter - Downloading https://repo.maven.apache.org/maven2/org/springframework/spring-aspects/6.2.9/spring-aspects-6.2.9-sources.jar
2025-11-07 21:18:23,550 [Worker-23: Download sources and javadoc] INFO  o.e.m.c.i.e.AbstractTransferListenerAdapter - Downloaded https://repo.maven.apache.org/maven2/org/springframework/spring-aspects/6.2.9/spring-aspects-6.2.9-sources.jar
2025-11-07 21:18:23,592 [Worker-23: Download sources and javadoc] INFO  o.e.m.j.internal.DownloadSourcesJob - Downloaded sources for org.springframework:spring-aspects:6.2.9
2025-11-07 21:18:23,685 [Worker-23: Download sources and javadoc] INFO  o.e.m.c.i.e.AbstractTransferListenerAdapter - Downloading https://repo.maven.apache.org/maven2/org/aspectj/aspectjweaver/1.9.24/aspectjweaver-1.9.24-sources.jar
2025-11-07 21:18:23,916 [Worker-23: Download sources and javadoc] INFO  o.e.m.c.i.e.AbstractTransferListenerAdapter - Downloaded https://repo.maven.apache.org/maven2/org/aspectj/aspectjweaver/1.9.24/aspectjweaver-1.9.24-sources.jar
2025-11-07 21:18:23,976 [Worker-23: Download sources and javadoc] INFO  o.e.m.j.internal.DownloadSourcesJob - Downloaded sources for org.aspectj:aspectjweaver:1.9.24
2025-11-07 21:18:24,074 [Worker-23: Download sources and javadoc] INFO  o.e.m.c.i.e.AbstractTransferListenerAdapter - Downloading https://repo.maven.apache.org/maven2/org/springframework/boot/spring-boot-starter-validation/3.5.4/spring-boot-starter-validation-3.5.4-sources.jar
2025-11-07 21:18:24,165 [Worker-23: Download sources and javadoc] INFO  o.e.m.c.i.e.AbstractTransferListenerAdapter - Downloaded https://repo.maven.apache.org/maven2/org/springframework/boot/spring-boot-starter-validation/3.5.4/spring-boot-starter-validation-3.5.4-sources.jar
2025-11-07 21:18:24,211 [Worker-23: Download sources and javadoc] INFO  o.e.m.j.internal.DownloadSourcesJob - Downloaded sources for org.springframework.boot:spring-boot-starter-validation:3.5.4
2025-11-07 21:18:24,321 [Worker-23: Download sources and javadoc] INFO  o.e.m.c.i.e.AbstractTransferListenerAdapter - Downloading https://repo.maven.apache.org/maven2/org/apache/tomcat/embed/tomcat-embed-el/10.1.43/tomcat-embed-el-10.1.43-sources.jar
2025-11-07 21:18:24,455 [Worker-23: Download sources and javadoc] INFO  o.e.m.c.i.e.AbstractTransferListenerAdapter - Downloaded https://repo.maven.apache.org/maven2/org/apache/tomcat/embed/tomcat-embed-el/10.1.43/tomcat-embed-el-10.1.43-sources.jar
2025-11-07 21:18:24,514 [Worker-23: Download sources and javadoc] INFO  o.e.m.j.internal.DownloadSourcesJob - Downloaded sources for org.apache.tomcat.embed:tomcat-embed-el:10.1.43
2025-11-07 21:18:24,605 [Worker-23: Download sources and javadoc] INFO  o.e.m.c.i.e.AbstractTransferListenerAdapter - Downloading https://repo.maven.apache.org/maven2/org/hibernate/validator/hibernate-validator/8.0.2.Final/hibernate-validator-8.0.2.Final-sources.jar
2025-11-07 21:18:24,763 [Worker-23: Download sources and javadoc] INFO  o.e.m.c.i.e.AbstractTransferListenerAdapter - Downloaded https://repo.maven.apache.org/maven2/org/hibernate/validator/hibernate-validator/8.0.2.Final/hibernate-validator-8.0.2.Final-sources.jar
2025-11-07 21:18:24,809 [Worker-23: Download sources and javadoc] INFO  o.e.m.j.internal.DownloadSourcesJob - Downloaded sources for org.hibernate.validator:hibernate-validator:8.0.2.Final
2025-11-07 21:18:24,901 [Worker-23: Download sources and javadoc] INFO  o.e.m.c.i.e.AbstractTransferListenerAdapter - Downloading https://repo.maven.apache.org/maven2/jakarta/validation/jakarta.validation-api/3.0.2/jakarta.validation-api-3.0.2-sources.jar
2025-11-07 21:18:24,999 [Worker-23: Download sources and javadoc] INFO  o.e.m.c.i.e.AbstractTransferListenerAdapter - Downloaded https://repo.maven.apache.org/maven2/jakarta/validation/jakarta.validation-api/3.0.2/jakarta.validation-api-3.0.2-sources.jar
2025-11-07 21:18:25,058 [Worker-23: Download sources and javadoc] INFO  o.e.m.j.internal.DownloadSourcesJob - Downloaded sources for jakarta.validation:jakarta.validation-api:3.0.2
2025-11-07 21:18:25,149 [Worker-23: Download sources and javadoc] INFO  o.e.m.c.i.e.AbstractTransferListenerAdapter - Downloading https://repo.maven.apache.org/maven2/com/mysql/mysql-connector-j/8.0.33/mysql-connector-j-8.0.33-sources.jar
2025-11-07 21:18:25,372 [Worker-23: Download sources and javadoc] INFO  o.e.m.c.i.e.AbstractTransferListenerAdapter - Downloaded https://repo.maven.apache.org/maven2/com/mysql/mysql-connector-j/8.0.33/mysql-connector-j-8.0.33-sources.jar
2025-11-07 21:18:25,417 [Worker-23: Download sources and javadoc] INFO  o.e.m.j.internal.DownloadSourcesJob - Downloaded sources for com.mysql:mysql-connector-j:8.0.33
2025-11-07 21:18:25,502 [Worker-23: Download sources and javadoc] INFO  o.e.m.c.i.e.AbstractTransferListenerAdapter - Downloading https://repo.maven.apache.org/maven2/org/springframework/boot/spring-boot-starter-web/3.5.4/spring-boot-starter-web-3.5.4-sources.jar
2025-11-07 21:18:25,595 [Worker-23: Download sources and javadoc] INFO  o.e.m.c.i.e.AbstractTransferListenerAdapter - Downloaded https://repo.maven.apache.org/maven2/org/springframework/boot/spring-boot-starter-web/3.5.4/spring-boot-starter-web-3.5.4-sources.jar
2025-11-07 21:18:25,642 [Worker-23: Download sources and javadoc] INFO  o.e.m.j.internal.DownloadSourcesJob - Downloaded sources for org.springframework.boot:spring-boot-starter-web:3.5.4
2025-11-07 21:18:25,737 [Worker-23: Download sources and javadoc] INFO  o.e.m.c.i.e.AbstractTransferListenerAdapter - Downloading https://repo.maven.apache.org/maven2/org/springframework/boot/spring-boot-starter-json/3.5.4/spring-boot-starter-json-3.5.4-sources.jar
2025-11-07 21:18:25,835 [Worker-23: Download sources and javadoc] INFO  o.e.m.c.i.e.AbstractTransferListenerAdapter - Downloaded https://repo.maven.apache.org/maven2/org/springframework/boot/spring-boot-starter-json/3.5.4/spring-boot-starter-json-3.5.4-sources.jar
2025-11-07 21:18:25,879 [Worker-23: Download sources and javadoc] INFO  o.e.m.j.internal.DownloadSourcesJob - Downloaded sources for org.springframework.boot:spring-boot-starter-json:3.5.4
2025-11-07 21:18:25,955 [Worker-23: Download sources and javadoc] INFO  o.e.m.c.i.e.AbstractTransferListenerAdapter - Downloading https://repo.maven.apache.org/maven2/com/fasterxml/jackson/datatype/jackson-datatype-jdk8/2.19.2/jackson-datatype-jdk8-2.19.2-sources.jar
2025-11-07 21:18:27,644 [Worker-23: Download sources and javadoc] INFO  o.e.m.c.i.e.AbstractTransferListenerAdapter - Downloaded https://repo.maven.apache.org/maven2/com/fasterxml/jackson/datatype/jackson-datatype-jdk8/2.19.2/jackson-datatype-jdk8-2.19.2-sources.jar
2025-11-07 21:18:27,699 [Worker-23: Download sources and javadoc] INFO  o.e.m.j.internal.DownloadSourcesJob - Downloaded sources for com.fasterxml.jackson.datatype:jackson-datatype-jdk8:2.19.2
2025-11-07 21:18:27,791 [Worker-23: Download sources and javadoc] INFO  o.e.m.c.i.e.AbstractTransferListenerAdapter - Downloading https://repo.maven.apache.org/maven2/com/fasterxml/jackson/module/jackson-module-parameter-names/2.19.2/jackson-module-parameter-names-2.19.2-sources.jar
2025-11-07 21:18:27,997 [Worker-23: Download sources and javadoc] INFO  o.e.m.c.i.e.AbstractTransferListenerAdapter - Downloaded https://repo.maven.apache.org/maven2/com/fasterxml/jackson/module/jackson-module-parameter-names/2.19.2/jackson-module-parameter-names-2.19.2-sources.jar
2025-11-07 21:18:28,050 [Worker-23: Download sources and javadoc] INFO  o.e.m.j.internal.DownloadSourcesJob - Downloaded sources for com.fasterxml.jackson.module:jackson-module-parameter-names:2.19.2
2025-11-07 21:18:28,156 [Worker-23: Download sources and javadoc] INFO  o.e.m.c.i.e.AbstractTransferListenerAdapter - Downloading https://repo.maven.apache.org/maven2/org/springframework/boot/spring-boot-starter-tomcat/3.5.4/spring-boot-starter-tomcat-3.5.4-sources.jar
2025-11-07 21:18:28,272 [Worker-23: Download sources and javadoc] INFO  o.e.m.c.i.e.AbstractTransferListenerAdapter - Downloaded https://repo.maven.apache.org/maven2/org/springframework/boot/spring-boot-starter-tomcat/3.5.4/spring-boot-starter-tomcat-3.5.4-sources.jar
2025-11-07 21:18:28,322 [Worker-23: Download sources and javadoc] INFO  o.e.m.j.internal.DownloadSourcesJob - Downloaded sources for org.springframework.boot:spring-boot-starter-tomcat:3.5.4
2025-11-07 21:18:28,406 [Worker-23: Download sources and javadoc] INFO  o.e.m.c.i.e.AbstractTransferListenerAdapter - Downloading https://repo.maven.apache.org/maven2/org/apache/tomcat/embed/tomcat-embed-core/10.1.43/tomcat-embed-core-10.1.43-sources.jar
2025-11-07 21:18:28,789 [Worker-23: Download sources and javadoc] INFO  o.e.m.c.i.e.AbstractTransferListenerAdapter - Downloaded https://repo.maven.apache.org/maven2/org/apache/tomcat/embed/tomcat-embed-core/10.1.43/tomcat-embed-core-10.1.43-sources.jar
2025-11-07 21:18:28,910 [Worker-23: Download sources and javadoc] INFO  o.e.m.j.internal.DownloadSourcesJob - Downloaded sources for org.apache.tomcat.embed:tomcat-embed-core:10.1.43
2025-11-07 21:18:29,042 [Worker-23: Download sources and javadoc] INFO  o.e.m.c.i.e.AbstractTransferListenerAdapter - Downloading https://repo.maven.apache.org/maven2/org/apache/tomcat/embed/tomcat-embed-websocket/10.1.43/tomcat-embed-websocket-10.1.43-sources.jar
2025-11-07 21:18:29,222 [Worker-23: Download sources and javadoc] INFO  o.e.m.c.i.e.AbstractTransferListenerAdapter - Downloaded https://repo.maven.apache.org/maven2/org/apache/tomcat/embed/tomcat-embed-websocket/10.1.43/tomcat-embed-websocket-10.1.43-sources.jar
2025-11-07 21:18:29,272 [Worker-23: Download sources and javadoc] INFO  o.e.m.j.internal.DownloadSourcesJob - Downloaded sources for org.apache.tomcat.embed:tomcat-embed-websocket:10.1.43
2025-11-07 21:18:29,363 [Worker-23: Download sources and javadoc] INFO  o.e.m.c.i.e.AbstractTransferListenerAdapter - Downloading https://repo.maven.apache.org/maven2/org/springframework/spring-web/6.2.9/spring-web-6.2.9-sources.jar
2025-11-07 21:18:29,557 [Worker-23: Download sources and javadoc] INFO  o.e.m.c.i.e.AbstractTransferListenerAdapter - Downloaded https://repo.maven.apache.org/maven2/org/springframework/spring-web/6.2.9/spring-web-6.2.9-sources.jar
2025-11-07 21:18:29,606 [Worker-23: Download sources and javadoc] INFO  o.e.m.j.internal.DownloadSourcesJob - Downloaded sources for org.springframework:spring-web:6.2.9
2025-11-07 21:18:29,708 [Worker-23: Download sources and javadoc] INFO  o.e.m.c.i.e.AbstractTransferListenerAdapter - Downloading https://repo.maven.apache.org/maven2/io/micrometer/micrometer-observation/1.15.2/micrometer-observation-1.15.2-sources.jar
2025-11-07 21:18:29,829 [Worker-23: Download sources and javadoc] INFO  o.e.m.c.i.e.AbstractTransferListenerAdapter - Downloaded https://repo.maven.apache.org/maven2/io/micrometer/micrometer-observation/1.15.2/micrometer-observation-1.15.2-sources.jar
2025-11-07 21:18:29,886 [Worker-23: Download sources and javadoc] INFO  o.e.m.j.internal.DownloadSourcesJob - Downloaded sources for io.micrometer:micrometer-observation:1.15.2
2025-11-07 21:18:29,976 [Worker-23: Download sources and javadoc] INFO  o.e.m.c.i.e.AbstractTransferListenerAdapter - Downloading https://repo.maven.apache.org/maven2/io/micrometer/micrometer-commons/1.15.2/micrometer-commons-1.15.2-sources.jar
2025-11-07 21:18:32,470 [Worker-23: Download sources and javadoc] INFO  o.e.m.c.i.e.AbstractTransferListenerAdapter - Downloaded https://repo.maven.apache.org/maven2/io/micrometer/micrometer-commons/1.15.2/micrometer-commons-1.15.2-sources.jar
2025-11-07 21:18:32,557 [Worker-23: Download sources and javadoc] INFO  o.e.m.j.internal.DownloadSourcesJob - Downloaded sources for io.micrometer:micrometer-commons:1.15.2
2025-11-07 21:18:32,674 [Worker-23: Download sources and javadoc] INFO  o.e.m.c.i.e.AbstractTransferListenerAdapter - Downloading https://repo.maven.apache.org/maven2/org/springframework/spring-webmvc/6.2.9/spring-webmvc-6.2.9-sources.jar
2025-11-07 21:18:33,029 [Worker-23: Download sources and javadoc] INFO  o.e.m.c.i.e.AbstractTransferListenerAdapter - Downloaded https://repo.maven.apache.org/maven2/org/springframework/spring-webmvc/6.2.9/spring-webmvc-6.2.9-sources.jar
2025-11-07 21:18:33,109 [Worker-23: Download sources and javadoc] INFO  o.e.m.j.internal.DownloadSourcesJob - Downloaded sources for org.springframework:spring-webmvc:6.2.9
2025-11-07 21:18:33,198 [Worker-23: Download sources and javadoc] INFO  o.e.m.c.i.e.AbstractTransferListenerAdapter - Downloading https://repo.maven.apache.org/maven2/org/springframework/spring-expression/6.2.9/spring-expression-6.2.9-sources.jar
2025-11-07 21:18:33,374 [Worker-23: Download sources and javadoc] INFO  o.e.m.c.i.e.AbstractTransferListenerAdapter - Downloaded https://repo.maven.apache.org/maven2/org/springframework/spring-expression/6.2.9/spring-expression-6.2.9-sources.jar
2025-11-07 21:18:33,427 [Worker-23: Download sources and javadoc] INFO  o.e.m.j.internal.DownloadSourcesJob - Downloaded sources for org.springframework:spring-expression:6.2.9
2025-11-07 21:18:33,534 [Worker-23: Download sources and javadoc] INFO  o.e.m.c.i.e.AbstractTransferListenerAdapter - Downloading https://repo.maven.apache.org/maven2/jakarta/persistence/jakarta.persistence-api/3.1.0/jakarta.persistence-api-3.1.0-sources.jar
2025-11-07 21:18:33,718 [Worker-23: Download sources and javadoc] INFO  o.e.m.c.i.e.AbstractTransferListenerAdapter - Downloaded https://repo.maven.apache.org/maven2/jakarta/persistence/jakarta.persistence-api/3.1.0/jakarta.persistence-api-3.1.0-sources.jar
2025-11-07 21:18:33,811 [Worker-23: Download sources and javadoc] INFO  o.e.m.j.internal.DownloadSourcesJob - Downloaded sources for jakarta.persistence:jakarta.persistence-api:3.1.0
2025-11-07 21:18:33,939 [Worker-23: Download sources and javadoc] INFO  o.e.m.c.i.e.AbstractTransferListenerAdapter - Downloading https://repo.maven.apache.org/maven2/org/springframework/boot/spring-boot-starter-test/3.5.4/spring-boot-starter-test-3.5.4-sources.jar
2025-11-07 21:18:34,097 [Worker-23: Download sources and javadoc] INFO  o.e.m.c.i.e.AbstractTransferListenerAdapter - Downloaded https://repo.maven.apache.org/maven2/org/springframework/boot/spring-boot-starter-test/3.5.4/spring-boot-starter-test-3.5.4-sources.jar
2025-11-07 21:18:34,165 [Worker-23: Download sources and javadoc] INFO  o.e.m.j.internal.DownloadSourcesJob - Downloaded sources for org.springframework.boot:spring-boot-starter-test:3.5.4
2025-11-07 21:18:34,292 [Worker-23: Download sources and javadoc] INFO  o.e.m.c.i.e.AbstractTransferListenerAdapter - Downloading https://repo.maven.apache.org/maven2/org/springframework/boot/spring-boot-test/3.5.4/spring-boot-test-3.5.4-sources.jar
2025-11-07 21:18:34,422 [Worker-23: Download sources and javadoc] INFO  o.e.m.c.i.e.AbstractTransferListenerAdapter - Downloaded https://repo.maven.apache.org/maven2/org/springframework/boot/spring-boot-test/3.5.4/spring-boot-test-3.5.4-sources.jar
2025-11-07 21:18:34,465 [Worker-23: Download sources and javadoc] INFO  o.e.m.j.internal.DownloadSourcesJob - Downloaded sources for org.springframework.boot:spring-boot-test:3.5.4
2025-11-07 21:18:34,569 [Worker-23: Download sources and javadoc] INFO  o.e.m.c.i.e.AbstractTransferListenerAdapter - Downloading https://repo.maven.apache.org/maven2/org/springframework/boot/spring-boot-test-autoconfigure/3.5.4/spring-boot-test-autoconfigure-3.5.4-sources.jar
2025-11-07 21:18:34,684 [Worker-23: Download sources and javadoc] INFO  o.e.m.c.i.e.AbstractTransferListenerAdapter - Downloaded https://repo.maven.apache.org/maven2/org/springframework/boot/spring-boot-test-autoconfigure/3.5.4/spring-boot-test-autoconfigure-3.5.4-sources.jar
2025-11-07 21:18:34,729 [Worker-23: Download sources and javadoc] INFO  o.e.m.j.internal.DownloadSourcesJob - Downloaded sources for org.springframework.boot:spring-boot-test-autoconfigure:3.5.4
2025-11-07 21:18:34,827 [Worker-23: Download sources and javadoc] INFO  o.e.m.c.i.e.AbstractTransferListenerAdapter - Downloading https://repo.maven.apache.org/maven2/com/jayway/jsonpath/json-path/2.9.0/json-path-2.9.0-sources.jar
2025-11-07 21:18:34,936 [Worker-23: Download sources and javadoc] INFO  o.e.m.c.i.e.AbstractTransferListenerAdapter - Downloaded https://repo.maven.apache.org/maven2/com/jayway/jsonpath/json-path/2.9.0/json-path-2.9.0-sources.jar
2025-11-07 21:18:34,984 [Worker-23: Download sources and javadoc] INFO  o.e.m.j.internal.DownloadSourcesJob - Downloaded sources for com.jayway.jsonpath:json-path:2.9.0
2025-11-07 21:18:35,074 [Worker-23: Download sources and javadoc] INFO  o.e.m.c.i.e.AbstractTransferListenerAdapter - Downloading https://repo.maven.apache.org/maven2/jakarta/xml/bind/jakarta.xml.bind-api/4.0.2/jakarta.xml.bind-api-4.0.2-sources.jar
2025-11-07 21:18:35,184 [Worker-23: Download sources and javadoc] INFO  o.e.m.c.i.e.AbstractTransferListenerAdapter - Downloaded https://repo.maven.apache.org/maven2/jakarta/xml/bind/jakarta.xml.bind-api/4.0.2/jakarta.xml.bind-api-4.0.2-sources.jar
2025-11-07 21:18:35,232 [Worker-23: Download sources and javadoc] INFO  o.e.m.j.internal.DownloadSourcesJob - Downloaded sources for jakarta.xml.bind:jakarta.xml.bind-api:4.0.2
2025-11-07 21:18:35,316 [Worker-23: Download sources and javadoc] INFO  o.e.m.c.i.e.AbstractTransferListenerAdapter - Downloading https://repo.maven.apache.org/maven2/jakarta/activation/jakarta.activation-api/2.1.3/jakarta.activation-api-2.1.3-sources.jar
2025-11-07 21:18:35,397 [Worker-23: Download sources and javadoc] INFO  o.e.m.c.i.e.AbstractTransferListenerAdapter - Downloaded https://repo.maven.apache.org/maven2/jakarta/activation/jakarta.activation-api/2.1.3/jakarta.activation-api-2.1.3-sources.jar
2025-11-07 21:18:35,447 [Worker-23: Download sources and javadoc] INFO  o.e.m.j.internal.DownloadSourcesJob - Downloaded sources for jakarta.activation:jakarta.activation-api:2.1.3
2025-11-07 21:18:35,532 [Worker-23: Download sources and javadoc] INFO  o.e.m.c.i.e.AbstractTransferListenerAdapter - Downloading https://repo.maven.apache.org/maven2/net/minidev/json-smart/2.5.2/json-smart-2.5.2-sources.jar
2025-11-07 21:18:35,627 [Worker-23: Download sources and javadoc] INFO  o.e.m.c.i.e.AbstractTransferListenerAdapter - Downloaded https://repo.maven.apache.org/maven2/net/minidev/json-smart/2.5.2/json-smart-2.5.2-sources.jar
2025-11-07 21:18:35,671 [Worker-23: Download sources and javadoc] INFO  o.e.m.j.internal.DownloadSourcesJob - Downloaded sources for net.minidev:json-smart:2.5.2
2025-11-07 21:18:35,757 [Worker-23: Download sources and javadoc] INFO  o.e.m.c.i.e.AbstractTransferListenerAdapter - Downloading https://repo.maven.apache.org/maven2/net/minidev/accessors-smart/2.5.2/accessors-smart-2.5.2-sources.jar
2025-11-07 21:18:36,449 [Worker-23: Download sources and javadoc] INFO  o.e.m.c.i.e.AbstractTransferListenerAdapter - Downloaded https://repo.maven.apache.org/maven2/net/minidev/accessors-smart/2.5.2/accessors-smart-2.5.2-sources.jar
2025-11-07 21:18:36,501 [Worker-23: Download sources and javadoc] INFO  o.e.m.j.internal.DownloadSourcesJob - Downloaded sources for net.minidev:accessors-smart:2.5.2
2025-11-07 21:18:36,591 [Worker-23: Download sources and javadoc] INFO  o.e.m.c.i.e.AbstractTransferListenerAdapter - Downloading https://repo.maven.apache.org/maven2/org/ow2/asm/asm/9.7.1/asm-9.7.1-sources.jar
2025-11-07 21:18:36,725 [Worker-23: Download sources and javadoc] INFO  o.e.m.c.i.e.AbstractTransferListenerAdapter - Downloaded https://repo.maven.apache.org/maven2/org/ow2/asm/asm/9.7.1/asm-9.7.1-sources.jar
2025-11-07 21:18:36,779 [Worker-23: Download sources and javadoc] INFO  o.e.m.j.internal.DownloadSourcesJob - Downloaded sources for org.ow2.asm:asm:9.7.1
2025-11-07 21:18:36,878 [Worker-23: Download sources and javadoc] INFO  o.e.m.c.i.e.AbstractTransferListenerAdapter - Downloading https://repo.maven.apache.org/maven2/org/assertj/assertj-core/3.27.3/assertj-core-3.27.3-sources.jar
2025-11-07 21:18:37,059 [Worker-23: Download sources and javadoc] INFO  o.e.m.c.i.e.AbstractTransferListenerAdapter - Downloaded https://repo.maven.apache.org/maven2/org/assertj/assertj-core/3.27.3/assertj-core-3.27.3-sources.jar
2025-11-07 21:18:37,103 [Worker-23: Download sources and javadoc] INFO  o.e.m.j.internal.DownloadSourcesJob - Downloaded sources for org.assertj:assertj-core:3.27.3
2025-11-07 21:18:37,189 [Worker-23: Download sources and javadoc] INFO  o.e.m.c.i.e.AbstractTransferListenerAdapter - Downloading https://repo.maven.apache.org/maven2/org/awaitility/awaitility/4.2.2/awaitility-4.2.2-sources.jar
2025-11-07 21:18:37,291 [Worker-23: Download sources and javadoc] INFO  o.e.m.c.i.e.AbstractTransferListenerAdapter - Downloaded https://repo.maven.apache.org/maven2/org/awaitility/awaitility/4.2.2/awaitility-4.2.2-sources.jar
2025-11-07 21:18:37,339 [Worker-23: Download sources and javadoc] INFO  o.e.m.j.internal.DownloadSourcesJob - Downloaded sources for org.awaitility:awaitility:4.2.2
2025-11-07 21:18:37,424 [Worker-23: Download sources and javadoc] INFO  o.e.m.c.i.e.AbstractTransferListenerAdapter - Downloading https://repo.maven.apache.org/maven2/org/hamcrest/hamcrest/3.0/hamcrest-3.0-sources.jar
2025-11-07 21:18:37,524 [Worker-23: Download sources and javadoc] INFO  o.e.m.c.i.e.AbstractTransferListenerAdapter - Downloaded https://repo.maven.apache.org/maven2/org/hamcrest/hamcrest/3.0/hamcrest-3.0-sources.jar
2025-11-07 21:18:37,570 [Worker-23: Download sources and javadoc] INFO  o.e.m.j.internal.DownloadSourcesJob - Downloaded sources for org.hamcrest:hamcrest:3.0
2025-11-07 21:18:37,664 [Worker-23: Download sources and javadoc] INFO  o.e.m.c.i.e.AbstractTransferListenerAdapter - Downloading https://repo.maven.apache.org/maven2/org/junit/jupiter/junit-jupiter/5.12.2/junit-jupiter-5.12.2-sources.jar
2025-11-07 21:18:37,753 [Worker-23: Download sources and javadoc] INFO  o.e.m.c.i.e.AbstractTransferListenerAdapter - Downloaded https://repo.maven.apache.org/maven2/org/junit/jupiter/junit-jupiter/5.12.2/junit-jupiter-5.12.2-sources.jar
2025-11-07 21:18:37,813 [Worker-23: Download sources and javadoc] INFO  o.e.m.j.internal.DownloadSourcesJob - Downloaded sources for org.junit.jupiter:junit-jupiter:5.12.2
2025-11-07 21:18:37,891 [Worker-23: Download sources and javadoc] INFO  o.e.m.c.i.e.AbstractTransferListenerAdapter - Downloading https://repo.maven.apache.org/maven2/org/junit/jupiter/junit-jupiter-api/5.12.2/junit-jupiter-api-5.12.2-sources.jar
2025-11-07 21:18:38,012 [Worker-23: Download sources and javadoc] INFO  o.e.m.c.i.e.AbstractTransferListenerAdapter - Downloaded https://repo.maven.apache.org/maven2/org/junit/jupiter/junit-jupiter-api/5.12.2/junit-jupiter-api-5.12.2-sources.jar
2025-11-07 21:18:38,059 [Worker-23: Download sources and javadoc] INFO  o.e.m.j.internal.DownloadSourcesJob - Downloaded sources for org.junit.jupiter:junit-jupiter-api:5.12.2
2025-11-07 21:18:38,188 [Worker-23: Download sources and javadoc] INFO  o.e.m.c.i.e.AbstractTransferListenerAdapter - Downloading https://repo.maven.apache.org/maven2/org/opentest4j/opentest4j/1.3.0/opentest4j-1.3.0-sources.jar
2025-11-07 21:18:38,623 [Worker-23: Download sources and javadoc] INFO  o.e.m.c.i.e.AbstractTransferListenerAdapter - Downloaded https://repo.maven.apache.org/maven2/org/opentest4j/opentest4j/1.3.0/opentest4j-1.3.0-sources.jar
2025-11-07 21:18:38,670 [Worker-23: Download sources and javadoc] INFO  o.e.m.j.internal.DownloadSourcesJob - Downloaded sources for org.opentest4j:opentest4j:1.3.0
2025-11-07 21:18:38,797 [Worker-23: Download sources and javadoc] INFO  o.e.m.c.i.e.AbstractTransferListenerAdapter - Downloading https://repo.maven.apache.org/maven2/org/junit/platform/junit-platform-commons/1.12.2/junit-platform-commons-1.12.2-sources.jar
2025-11-07 21:18:38,907 [Worker-23: Download sources and javadoc] INFO  o.e.m.c.i.e.AbstractTransferListenerAdapter - Downloaded https://repo.maven.apache.org/maven2/org/junit/platform/junit-platform-commons/1.12.2/junit-platform-commons-1.12.2-sources.jar
2025-11-07 21:18:38,952 [Worker-23: Download sources and javadoc] INFO  o.e.m.j.internal.DownloadSourcesJob - Downloaded sources for org.junit.platform:junit-platform-commons:1.12.2
2025-11-07 21:18:39,035 [Worker-23: Download sources and javadoc] INFO  o.e.m.c.i.e.AbstractTransferListenerAdapter - Downloading https://repo.maven.apache.org/maven2/org/apiguardian/apiguardian-api/1.1.2/apiguardian-api-1.1.2-sources.jar
2025-11-07 21:18:39,125 [Worker-23: Download sources and javadoc] INFO  o.e.m.c.i.e.AbstractTransferListenerAdapter - Downloaded https://repo.maven.apache.org/maven2/org/apiguardian/apiguardian-api/1.1.2/apiguardian-api-1.1.2-sources.jar
2025-11-07 21:18:39,174 [Worker-23: Download sources and javadoc] INFO  o.e.m.j.internal.DownloadSourcesJob - Downloaded sources for org.apiguardian:apiguardian-api:1.1.2
2025-11-07 21:18:39,257 [Worker-23: Download sources and javadoc] INFO  o.e.m.c.i.e.AbstractTransferListenerAdapter - Downloading https://repo.maven.apache.org/maven2/org/junit/jupiter/junit-jupiter-params/5.12.2/junit-jupiter-params-5.12.2-sources.jar
2025-11-07 21:18:39,390 [Worker-23: Download sources and javadoc] INFO  o.e.m.c.i.e.AbstractTransferListenerAdapter - Downloaded https://repo.maven.apache.org/maven2/org/junit/jupiter/junit-jupiter-params/5.12.2/junit-jupiter-params-5.12.2-sources.jar
2025-11-07 21:18:39,445 [Worker-23: Download sources and javadoc] INFO  o.e.m.j.internal.DownloadSourcesJob - Downloaded sources for org.junit.jupiter:junit-jupiter-params:5.12.2
2025-11-07 21:18:39,532 [Worker-23: Download sources and javadoc] INFO  o.e.m.c.i.e.AbstractTransferListenerAdapter - Downloading https://repo.maven.apache.org/maven2/org/junit/jupiter/junit-jupiter-engine/5.12.2/junit-jupiter-engine-5.12.2-sources.jar
2025-11-07 21:18:39,640 [Worker-23: Download sources and javadoc] INFO  o.e.m.c.i.e.AbstractTransferListenerAdapter - Downloaded https://repo.maven.apache.org/maven2/org/junit/jupiter/junit-jupiter-engine/5.12.2/junit-jupiter-engine-5.12.2-sources.jar
2025-11-07 21:18:39,686 [Worker-23: Download sources and javadoc] INFO  o.e.m.j.internal.DownloadSourcesJob - Downloaded sources for org.junit.jupiter:junit-jupiter-engine:5.12.2
2025-11-07 21:18:39,774 [Worker-23: Download sources and javadoc] INFO  o.e.m.c.i.e.AbstractTransferListenerAdapter - Downloading https://repo.maven.apache.org/maven2/org/junit/platform/junit-platform-engine/1.12.2/junit-platform-engine-1.12.2-sources.jar
2025-11-07 21:18:39,893 [Worker-23: Download sources and javadoc] INFO  o.e.m.c.i.e.AbstractTransferListenerAdapter - Downloaded https://repo.maven.apache.org/maven2/org/junit/platform/junit-platform-engine/1.12.2/junit-platform-engine-1.12.2-sources.jar
2025-11-07 21:18:39,938 [Worker-23: Download sources and javadoc] INFO  o.e.m.j.internal.DownloadSourcesJob - Downloaded sources for org.junit.platform:junit-platform-engine:1.12.2
2025-11-07 21:18:40,023 [Worker-23: Download sources and javadoc] INFO  o.e.m.c.i.e.AbstractTransferListenerAdapter - Downloading https://repo.maven.apache.org/maven2/org/mockito/mockito-core/5.17.0/mockito-core-5.17.0-sources.jar
2025-11-07 21:18:40,172 [Worker-23: Download sources and javadoc] INFO  o.e.m.c.i.e.AbstractTransferListenerAdapter - Downloaded https://repo.maven.apache.org/maven2/org/mockito/mockito-core/5.17.0/mockito-core-5.17.0-sources.jar
2025-11-07 21:18:40,221 [Worker-23: Download sources and javadoc] INFO  o.e.m.j.internal.DownloadSourcesJob - Downloaded sources for org.mockito:mockito-core:5.17.0
2025-11-07 21:18:40,308 [Worker-23: Download sources and javadoc] INFO  o.e.m.c.i.e.AbstractTransferListenerAdapter - Downloading https://repo.maven.apache.org/maven2/net/bytebuddy/byte-buddy-agent/1.17.6/byte-buddy-agent-1.17.6-sources.jar
2025-11-07 21:18:40,428 [Worker-23: Download sources and javadoc] INFO  o.e.m.c.i.e.AbstractTransferListenerAdapter - Downloaded https://repo.maven.apache.org/maven2/net/bytebuddy/byte-buddy-agent/1.17.6/byte-buddy-agent-1.17.6-sources.jar
2025-11-07 21:18:40,474 [Worker-23: Download sources and javadoc] INFO  o.e.m.j.internal.DownloadSourcesJob - Downloaded sources for net.bytebuddy:byte-buddy-agent:1.17.6
2025-11-07 21:18:40,591 [Worker-23: Download sources and javadoc] INFO  o.e.m.c.i.e.AbstractTransferListenerAdapter - Downloading https://repo.maven.apache.org/maven2/org/objenesis/objenesis/3.3/objenesis-3.3-sources.jar
2025-11-07 21:18:40,676 [Worker-23: Download sources and javadoc] INFO  o.e.m.c.i.e.AbstractTransferListenerAdapter - Downloaded https://repo.maven.apache.org/maven2/org/objenesis/objenesis/3.3/objenesis-3.3-sources.jar
2025-11-07 21:18:40,723 [Worker-23: Download sources and javadoc] INFO  o.e.m.j.internal.DownloadSourcesJob - Downloaded sources for org.objenesis:objenesis:3.3
2025-11-07 21:18:40,816 [Worker-23: Download sources and javadoc] INFO  o.e.m.c.i.e.AbstractTransferListenerAdapter - Downloading https://repo.maven.apache.org/maven2/org/mockito/mockito-junit-jupiter/5.17.0/mockito-junit-jupiter-5.17.0-sources.jar
2025-11-07 21:18:40,955 [Worker-23: Download sources and javadoc] INFO  o.e.m.c.i.e.AbstractTransferListenerAdapter - Downloaded https://repo.maven.apache.org/maven2/org/mockito/mockito-junit-jupiter/5.17.0/mockito-junit-jupiter-5.17.0-sources.jar
2025-11-07 21:18:41,001 [Worker-23: Download sources and javadoc] INFO  o.e.m.j.internal.DownloadSourcesJob - Downloaded sources for org.mockito:mockito-junit-jupiter:5.17.0
2025-11-07 21:18:41,080 [Worker-23: Download sources and javadoc] INFO  o.e.m.c.i.e.AbstractTransferListenerAdapter - Downloading https://repo.maven.apache.org/maven2/org/skyscreamer/jsonassert/1.5.3/jsonassert-1.5.3-sources.jar
2025-11-07 21:18:42,059 [Worker-23: Download sources and javadoc] INFO  o.e.m.c.i.e.AbstractTransferListenerAdapter - Downloaded https://repo.maven.apache.org/maven2/org/skyscreamer/jsonassert/1.5.3/jsonassert-1.5.3-sources.jar
2025-11-07 21:18:42,105 [Worker-23: Download sources and javadoc] INFO  o.e.m.j.internal.DownloadSourcesJob - Downloaded sources for org.skyscreamer:jsonassert:1.5.3
2025-11-07 21:18:42,184 [Worker-23: Download sources and javadoc] INFO  o.e.m.c.i.e.AbstractTransferListenerAdapter - Downloading https://repo.maven.apache.org/maven2/com/vaadin/external/google/android-json/0.0.20131108.vaadin1/android-json-0.0.20131108.vaadin1-sources.jar
2025-11-07 21:18:42,270 [Worker-23: Download sources and javadoc] INFO  o.e.m.c.i.e.AbstractTransferListenerAdapter - Downloaded https://repo.maven.apache.org/maven2/com/vaadin/external/google/android-json/0.0.20131108.vaadin1/android-json-0.0.20131108.vaadin1-sources.jar
2025-11-07 21:18:42,329 [Worker-23: Download sources and javadoc] INFO  o.e.m.j.internal.DownloadSourcesJob - Downloaded sources for com.vaadin.external.google:android-json:0.0.20131108.vaadin1
2025-11-07 21:18:42,429 [Worker-23: Download sources and javadoc] INFO  o.e.m.c.i.e.AbstractTransferListenerAdapter - Downloading https://repo.maven.apache.org/maven2/org/springframework/spring-test/6.2.9/spring-test-6.2.9-sources.jar
2025-11-07 21:18:42,581 [Worker-23: Download sources and javadoc] INFO  o.e.m.c.i.e.AbstractTransferListenerAdapter - Downloaded https://repo.maven.apache.org/maven2/org/springframework/spring-test/6.2.9/spring-test-6.2.9-sources.jar
2025-11-07 21:18:42,630 [Worker-23: Download sources and javadoc] INFO  o.e.m.j.internal.DownloadSourcesJob - Downloaded sources for org.springframework:spring-test:6.2.9
2025-11-07 21:18:42,715 [Worker-23: Download sources and javadoc] INFO  o.e.m.c.i.e.AbstractTransferListenerAdapter - Downloading https://repo.maven.apache.org/maven2/org/xmlunit/xmlunit-core/2.10.3/xmlunit-core-2.10.3-sources.jar
2025-11-07 21:18:42,825 [Worker-23: Download sources and javadoc] INFO  o.e.m.c.i.e.AbstractTransferListenerAdapter - Downloaded https://repo.maven.apache.org/maven2/org/xmlunit/xmlunit-core/2.10.3/xmlunit-core-2.10.3-sources.jar
2025-11-07 21:18:42,870 [Worker-23: Download sources and javadoc] INFO  o.e.m.j.internal.DownloadSourcesJob - Downloaded sources for org.xmlunit:xmlunit-core:2.10.3
2025-11-07 21:18:42,946 [Worker-23: Download sources and javadoc] INFO  o.e.m.c.i.e.AbstractTransferListenerAdapter - Downloading https://repo.maven.apache.org/maven2/org/apache/commons/commons-text/1.10.0/commons-text-1.10.0-sources.jar
2025-11-07 21:18:43,066 [Worker-23: Download sources and javadoc] INFO  o.e.m.c.i.e.AbstractTransferListenerAdapter - Downloaded https://repo.maven.apache.org/maven2/org/apache/commons/commons-text/1.10.0/commons-text-1.10.0-sources.jar
2025-11-07 21:18:43,114 [Worker-23: Download sources and javadoc] INFO  o.e.m.j.internal.DownloadSourcesJob - Downloaded sources for org.apache.commons:commons-text:1.10.0
2025-11-07 21:18:43,201 [Worker-23: Download sources and javadoc] INFO  o.e.m.c.i.e.AbstractTransferListenerAdapter - Downloading https://repo.maven.apache.org/maven2/org/apache/commons/commons-lang3/3.17.0/commons-lang3-3.17.0-sources.jar
2025-11-07 21:18:43,373 [Worker-23: Download sources and javadoc] INFO  o.e.m.c.i.e.AbstractTransferListenerAdapter - Downloaded https://repo.maven.apache.org/maven2/org/apache/commons/commons-lang3/3.17.0/commons-lang3-3.17.0-sources.jar
2025-11-07 21:18:43,428 [Worker-23: Download sources and javadoc] INFO  o.e.m.j.internal.DownloadSourcesJob - Downloaded sources for org.apache.commons:commons-lang3:3.17.0
2025-11-07 21:18:43,529 [Worker-23: Download sources and javadoc] INFO  o.e.m.c.i.e.AbstractTransferListenerAdapter - Downloading https://repo.maven.apache.org/maven2/com/twilio/sdk/twilio/9.15.1/twilio-9.15.1-sources.jar
2025-11-07 21:18:43,793 [Worker-23: Download sources and javadoc] INFO  o.e.m.c.i.e.AbstractTransferListenerAdapter - Downloaded https://repo.maven.apache.org/maven2/com/twilio/sdk/twilio/9.15.1/twilio-9.15.1-sources.jar
2025-11-07 21:18:43,852 [Worker-23: Download sources and javadoc] INFO  o.e.m.j.internal.DownloadSourcesJob - Downloaded sources for com.twilio.sdk:twilio:9.15.1
2025-11-07 21:18:43,936 [Worker-23: Download sources and javadoc] INFO  o.e.m.c.i.e.AbstractTransferListenerAdapter - Downloading https://repo.maven.apache.org/maven2/commons-codec/commons-codec/1.18.0/commons-codec-1.18.0-sources.jar
2025-11-07 21:18:44,093 [Worker-23: Download sources and javadoc] INFO  o.e.m.c.i.e.AbstractTransferListenerAdapter - Downloaded https://repo.maven.apache.org/maven2/commons-codec/commons-codec/1.18.0/commons-codec-1.18.0-sources.jar
2025-11-07 21:18:44,150 [Worker-23: Download sources and javadoc] INFO  o.e.m.j.internal.DownloadSourcesJob - Downloaded sources for commons-codec:commons-codec:1.18.0
2025-11-07 21:18:44,227 [Worker-23: Download sources and javadoc] INFO  o.e.m.c.i.e.AbstractTransferListenerAdapter - Downloading https://repo.maven.apache.org/maven2/commons-io/commons-io/2.7/commons-io-2.7-sources.jar
2025-11-07 21:18:44,375 [Worker-23: Download sources and javadoc] INFO  o.e.m.c.i.e.AbstractTransferListenerAdapter - Downloaded https://repo.maven.apache.org/maven2/commons-io/commons-io/2.7/commons-io-2.7-sources.jar
2025-11-07 21:18:44,427 [Worker-23: Download sources and javadoc] INFO  o.e.m.j.internal.DownloadSourcesJob - Downloaded sources for commons-io:commons-io:2.7
2025-11-07 21:18:44,509 [Worker-23: Download sources and javadoc] INFO  o.e.m.c.i.e.AbstractTransferListenerAdapter - Downloading https://repo.maven.apache.org/maven2/io/jsonwebtoken/jjwt-api/0.11.2/jjwt-api-0.11.2-sources.jar
2025-11-07 21:18:44,603 [Worker-23: Download sources and javadoc] INFO  o.e.m.c.i.e.AbstractTransferListenerAdapter - Downloaded https://repo.maven.apache.org/maven2/io/jsonwebtoken/jjwt-api/0.11.2/jjwt-api-0.11.2-sources.jar
2025-11-07 21:18:44,648 [Worker-23: Download sources and javadoc] INFO  o.e.m.j.internal.DownloadSourcesJob - Downloaded sources for io.jsonwebtoken:jjwt-api:0.11.2
2025-11-07 21:18:44,740 [Worker-23: Download sources and javadoc] INFO  o.e.m.c.i.e.AbstractTransferListenerAdapter - Downloading https://repo.maven.apache.org/maven2/io/jsonwebtoken/jjwt-jackson/0.11.2/jjwt-jackson-0.11.2-sources.jar
2025-11-07 21:18:44,880 [Worker-23: Download sources and javadoc] INFO  o.e.m.c.i.e.AbstractTransferListenerAdapter - Downloaded https://repo.maven.apache.org/maven2/io/jsonwebtoken/jjwt-jackson/0.11.2/jjwt-jackson-0.11.2-sources.jar
2025-11-07 21:18:44,928 [Worker-23: Download sources and javadoc] INFO  o.e.m.j.internal.DownloadSourcesJob - Downloaded sources for io.jsonwebtoken:jjwt-jackson:0.11.2
2025-11-07 21:18:45,033 [Worker-23: Download sources and javadoc] INFO  o.e.m.c.i.e.AbstractTransferListenerAdapter - Downloading https://repo.maven.apache.org/maven2/io/jsonwebtoken/jjwt-impl/0.11.2/jjwt-impl-0.11.2-sources.jar
2025-11-07 21:18:45,121 [Worker-23: Download sources and javadoc] INFO  o.e.m.c.i.e.AbstractTransferListenerAdapter - Downloaded https://repo.maven.apache.org/maven2/io/jsonwebtoken/jjwt-impl/0.11.2/jjwt-impl-0.11.2-sources.jar
2025-11-07 21:18:45,165 [Worker-23: Download sources and javadoc] INFO  o.e.m.j.internal.DownloadSourcesJob - Downloaded sources for io.jsonwebtoken:jjwt-impl:0.11.2
2025-11-07 21:18:45,258 [Worker-23: Download sources and javadoc] INFO  o.e.m.c.i.e.AbstractTransferListenerAdapter - Downloading https://repo.maven.apache.org/maven2/org/apache/httpcomponents/httpclient/4.5.13/httpclient-4.5.13-sources.jar
2025-11-07 21:18:45,421 [Worker-23: Download sources and javadoc] INFO  o.e.m.c.i.e.AbstractTransferListenerAdapter - Downloaded https://repo.maven.apache.org/maven2/org/apache/httpcomponents/httpclient/4.5.13/httpclient-4.5.13-sources.jar
2025-11-07 21:18:45,470 [Worker-23: Download sources and javadoc] INFO  o.e.m.j.internal.DownloadSourcesJob - Downloaded sources for org.apache.httpcomponents:httpclient:4.5.13
2025-11-07 21:18:45,556 [Worker-23: Download sources and javadoc] INFO  o.e.m.c.i.e.AbstractTransferListenerAdapter - Downloading https://repo.maven.apache.org/maven2/commons-logging/commons-logging/1.2/commons-logging-1.2-sources.jar
2025-11-07 21:18:45,651 [Worker-23: Download sources and javadoc] INFO  o.e.m.c.i.e.AbstractTransferListenerAdapter - Downloaded https://repo.maven.apache.org/maven2/commons-logging/commons-logging/1.2/commons-logging-1.2-sources.jar
2025-11-07 21:18:45,698 [Worker-23: Download sources and javadoc] INFO  o.e.m.j.internal.DownloadSourcesJob - Downloaded sources for commons-logging:commons-logging:1.2
2025-11-07 21:18:45,777 [Worker-23: Download sources and javadoc] INFO  o.e.m.c.i.e.AbstractTransferListenerAdapter - Downloading https://repo.maven.apache.org/maven2/org/apache/httpcomponents/httpcore/4.4.16/httpcore-4.4.16-sources.jar
2025-11-07 21:18:45,912 [Worker-23: Download sources and javadoc] INFO  o.e.m.c.i.e.AbstractTransferListenerAdapter - Downloaded https://repo.maven.apache.org/maven2/org/apache/httpcomponents/httpcore/4.4.16/httpcore-4.4.16-sources.jar
2025-11-07 21:18:45,956 [Worker-23: Download sources and javadoc] INFO  o.e.m.j.internal.DownloadSourcesJob - Downloaded sources for org.apache.httpcomponents:httpcore:4.4.16
2025-11-07 21:18:46,047 [Worker-23: Download sources and javadoc] INFO  o.e.m.c.i.e.AbstractTransferListenerAdapter - Downloading https://repo.maven.apache.org/maven2/com/fasterxml/jackson/core/jackson-core/2.19.2/jackson-core-2.19.2-sources.jar
2025-11-07 21:18:46,186 [Worker-23: Download sources and javadoc] INFO  o.e.m.c.i.e.AbstractTransferListenerAdapter - Downloaded https://repo.maven.apache.org/maven2/com/fasterxml/jackson/core/jackson-core/2.19.2/jackson-core-2.19.2-sources.jar
2025-11-07 21:18:46,234 [Worker-23: Download sources and javadoc] INFO  o.e.m.j.internal.DownloadSourcesJob - Downloaded sources for com.fasterxml.jackson.core:jackson-core:2.19.2
2025-11-07 21:18:46,340 [Worker-23: Download sources and javadoc] INFO  o.e.m.c.i.e.AbstractTransferListenerAdapter - Downloading https://repo.maven.apache.org/maven2/com/fasterxml/jackson/core/jackson-annotations/2.19.2/jackson-annotations-2.19.2-sources.jar
2025-11-07 21:18:46,435 [Worker-23: Download sources and javadoc] INFO  o.e.m.c.i.e.AbstractTransferListenerAdapter - Downloaded https://repo.maven.apache.org/maven2/com/fasterxml/jackson/core/jackson-annotations/2.19.2/jackson-annotations-2.19.2-sources.jar
2025-11-07 21:18:46,485 [Worker-23: Download sources and javadoc] INFO  o.e.m.j.internal.DownloadSourcesJob - Downloaded sources for com.fasterxml.jackson.core:jackson-annotations:2.19.2
2025-11-07 21:18:46,575 [Worker-23: Download sources and javadoc] INFO  o.e.m.c.i.e.AbstractTransferListenerAdapter - Downloading https://repo.maven.apache.org/maven2/com/fasterxml/jackson/core/jackson-databind/2.19.2/jackson-databind-2.19.2-sources.jar
2025-11-07 21:18:46,738 [Worker-23: Download sources and javadoc] INFO  o.e.m.c.i.e.AbstractTransferListenerAdapter - Downloaded https://repo.maven.apache.org/maven2/com/fasterxml/jackson/core/jackson-databind/2.19.2/jackson-databind-2.19.2-sources.jar
2025-11-07 21:18:46,785 [Worker-23: Download sources and javadoc] INFO  o.e.m.j.internal.DownloadSourcesJob - Downloaded sources for com.fasterxml.jackson.core:jackson-databind:2.19.2
2025-11-07 21:18:46,892 [Worker-23: Download sources and javadoc] INFO  o.e.m.c.i.e.AbstractTransferListenerAdapter - Downloading https://repo.maven.apache.org/maven2/com/fasterxml/jackson/datatype/jackson-datatype-jsr310/2.19.2/jackson-datatype-jsr310-2.19.2-sources.jar
2025-11-07 21:18:47,018 [Worker-23: Download sources and javadoc] INFO  o.e.m.c.i.e.AbstractTransferListenerAdapter - Downloaded https://repo.maven.apache.org/maven2/com/fasterxml/jackson/datatype/jackson-datatype-jsr310/2.19.2/jackson-datatype-jsr310-2.19.2-sources.jar
2025-11-07 21:18:47,076 [Worker-23: Download sources and javadoc] INFO  o.e.m.j.internal.DownloadSourcesJob - Downloaded sources for com.fasterxml.jackson.datatype:jackson-datatype-jsr310:2.19.2
2025-11-07 21:18:47,168 [Worker-23: Download sources and javadoc] INFO  o.e.m.c.i.e.AbstractTransferListenerAdapter - Downloading https://repo.maven.apache.org/maven2/com/fasterxml/jackson/dataformat/jackson-dataformat-xml/2.19.2/jackson-dataformat-xml-2.19.2-sources.jar
2025-11-07 21:18:47,273 [Worker-23: Download sources and javadoc] INFO  o.e.m.c.i.e.AbstractTransferListenerAdapter - Downloaded https://repo.maven.apache.org/maven2/com/fasterxml/jackson/dataformat/jackson-dataformat-xml/2.19.2/jackson-dataformat-xml-2.19.2-sources.jar
2025-11-07 21:18:47,322 [Worker-23: Download sources and javadoc] INFO  o.e.m.j.internal.DownloadSourcesJob - Downloaded sources for com.fasterxml.jackson.dataformat:jackson-dataformat-xml:2.19.2
2025-11-07 21:18:47,452 [Worker-23: Download sources and javadoc] INFO  o.e.m.c.i.e.AbstractTransferListenerAdapter - Downloading https://repo.maven.apache.org/maven2/org/codehaus/woodstox/stax2-api/4.2.2/stax2-api-4.2.2-sources.jar
2025-11-07 21:18:47,561 [Worker-23: Download sources and javadoc] INFO  o.e.m.c.i.e.AbstractTransferListenerAdapter - Downloaded https://repo.maven.apache.org/maven2/org/codehaus/woodstox/stax2-api/4.2.2/stax2-api-4.2.2-sources.jar
2025-11-07 21:18:47,609 [Worker-23: Download sources and javadoc] INFO  o.e.m.j.internal.DownloadSourcesJob - Downloaded sources for org.codehaus.woodstox:stax2-api:4.2.2
2025-11-07 21:18:47,695 [Worker-23: Download sources and javadoc] INFO  o.e.m.c.i.e.AbstractTransferListenerAdapter - Downloading https://repo.maven.apache.org/maven2/com/fasterxml/woodstox/woodstox-core/7.1.1/woodstox-core-7.1.1-sources.jar
2025-11-07 21:18:47,835 [Worker-23: Download sources and javadoc] INFO  o.e.m.c.i.e.AbstractTransferListenerAdapter - Downloaded https://repo.maven.apache.org/maven2/com/fasterxml/woodstox/woodstox-core/7.1.1/woodstox-core-7.1.1-sources.jar
2025-11-07 21:18:47,877 [Worker-23: Download sources and javadoc] INFO  o.e.m.j.internal.DownloadSourcesJob - Downloaded sources for com.fasterxml.woodstox:woodstox-core:7.1.1
2025-11-07 21:18:47,964 [Worker-23: Download sources and javadoc] INFO  o.e.m.c.i.e.AbstractTransferListenerAdapter - Downloading https://repo.maven.apache.org/maven2/org/slf4j/slf4j-api/2.0.17/slf4j-api-2.0.17-sources.jar
2025-11-07 21:18:48,066 [Worker-23: Download sources and javadoc] INFO  o.e.m.c.i.e.AbstractTransferListenerAdapter - Downloaded https://repo.maven.apache.org/maven2/org/slf4j/slf4j-api/2.0.17/slf4j-api-2.0.17-sources.jar
2025-11-07 21:18:48,113 [Worker-23: Download sources and javadoc] INFO  o.e.m.j.internal.DownloadSourcesJob - Downloaded sources for org.slf4j:slf4j-api:2.0.17
2025-11-07 21:18:48,198 [Worker-23: Download sources and javadoc] INFO  o.e.m.c.i.e.AbstractTransferListenerAdapter - Downloading https://repo.maven.apache.org/maven2/io/jsonwebtoken/jjwt/0.9.1/jjwt-0.9.1-sources.jar
2025-11-07 21:18:48,305 [Worker-23: Download sources and javadoc] INFO  o.e.m.c.i.e.AbstractTransferListenerAdapter - Downloaded https://repo.maven.apache.org/maven2/io/jsonwebtoken/jjwt/0.9.1/jjwt-0.9.1-sources.jar
2025-11-07 21:18:48,356 [Worker-23: Download sources and javadoc] INFO  o.e.m.j.internal.DownloadSourcesJob - Downloaded sources for io.jsonwebtoken:jjwt:0.9.1
2025-11-07 21:18:48,445 [Worker-23: Download sources and javadoc] INFO  o.e.m.c.i.e.AbstractTransferListenerAdapter - Downloading https://repo.maven.apache.org/maven2/org/springframework/boot/spring-boot-starter-security/3.5.4/spring-boot-starter-security-3.5.4-sources.jar
2025-11-07 21:18:48,512 [Worker-23: Download sources and javadoc] INFO  o.e.m.c.i.e.AbstractTransferListenerAdapter - Downloaded https://repo.maven.apache.org/maven2/org/springframework/boot/spring-boot-starter-security/3.5.4/spring-boot-starter-security-3.5.4-sources.jar
2025-11-07 21:18:48,555 [Worker-23: Download sources and javadoc] INFO  o.e.m.j.internal.DownloadSourcesJob - Downloaded sources for org.springframework.boot:spring-boot-starter-security:3.5.4
2025-11-07 21:18:48,662 [Worker-23: Download sources and javadoc] INFO  o.e.m.c.i.e.AbstractTransferListenerAdapter - Downloading https://repo.maven.apache.org/maven2/org/springframework/spring-aop/6.2.9/spring-aop-6.2.9-sources.jar
2025-11-07 21:18:48,787 [Worker-23: Download sources and javadoc] INFO  o.e.m.c.i.e.AbstractTransferListenerAdapter - Downloaded https://repo.maven.apache.org/maven2/org/springframework/spring-aop/6.2.9/spring-aop-6.2.9-sources.jar
2025-11-07 21:18:48,839 [Worker-23: Download sources and javadoc] INFO  o.e.m.j.internal.DownloadSourcesJob - Downloaded sources for org.springframework:spring-aop:6.2.9
2025-11-07 21:18:48,939 [Worker-23: Download sources and javadoc] INFO  o.e.m.c.i.e.AbstractTransferListenerAdapter - Downloading https://repo.maven.apache.org/maven2/org/springframework/security/spring-security-config/6.5.2/spring-security-config-6.5.2-sources.jar
2025-11-07 21:18:49,116 [Worker-23: Download sources and javadoc] INFO  o.e.m.c.i.e.AbstractTransferListenerAdapter - Downloaded https://repo.maven.apache.org/maven2/org/springframework/security/spring-security-config/6.5.2/spring-security-config-6.5.2-sources.jar
2025-11-07 21:18:49,162 [Worker-23: Download sources and javadoc] INFO  o.e.m.j.internal.DownloadSourcesJob - Downloaded sources for org.springframework.security:spring-security-config:6.5.2
2025-11-07 21:18:49,269 [Worker-23: Download sources and javadoc] INFO  o.e.m.c.i.e.AbstractTransferListenerAdapter - Downloading https://repo.maven.apache.org/maven2/org/springframework/security/spring-security-core/6.5.2/spring-security-core-6.5.2-sources.jar
2025-11-07 21:18:49,418 [Worker-23: Download sources and javadoc] INFO  o.e.m.c.i.e.AbstractTransferListenerAdapter - Downloaded https://repo.maven.apache.org/maven2/org/springframework/security/spring-security-core/6.5.2/spring-security-core-6.5.2-sources.jar
2025-11-07 21:18:49,464 [Worker-23: Download sources and javadoc] INFO  o.e.m.j.internal.DownloadSourcesJob - Downloaded sources for org.springframework.security:spring-security-core:6.5.2
2025-11-07 21:18:49,547 [Worker-23: Download sources and javadoc] INFO  o.e.m.c.i.e.AbstractTransferListenerAdapter - Downloading https://repo.maven.apache.org/maven2/org/springframework/security/spring-security-crypto/6.5.2/spring-security-crypto-6.5.2-sources.jar
2025-11-07 21:18:49,669 [Worker-23: Download sources and javadoc] INFO  o.e.m.c.i.e.AbstractTransferListenerAdapter - Downloaded https://repo.maven.apache.org/maven2/org/springframework/security/spring-security-crypto/6.5.2/spring-security-crypto-6.5.2-sources.jar
2025-11-07 21:18:49,727 [Worker-23: Download sources and javadoc] INFO  o.e.m.j.internal.DownloadSourcesJob - Downloaded sources for org.springframework.security:spring-security-crypto:6.5.2
2025-11-07 21:18:49,833 [Worker-23: Download sources and javadoc] INFO  o.e.m.c.i.e.AbstractTransferListenerAdapter - Downloading https://repo.maven.apache.org/maven2/org/springframework/security/spring-security-web/6.5.2/spring-security-web-6.5.2-sources.jar
2025-11-07 21:18:49,995 [Worker-23: Download sources and javadoc] INFO  o.e.m.c.i.e.AbstractTransferListenerAdapter - Downloaded https://repo.maven.apache.org/maven2/org/springframework/security/spring-security-web/6.5.2/spring-security-web-6.5.2-sources.jar
2025-11-07 21:18:50,039 [Worker-23: Download sources and javadoc] INFO  o.e.m.j.internal.DownloadSourcesJob - Downloaded sources for org.springframework.security:spring-security-web:6.5.2
2025-11-07 21:24:46,203 [Worker-19: Launching Lost-and-found (6)] INFO  o.eclipse.m2e.core.internal.Bundles - getClasspathEntries(Bundle=org.eclipse.m2e.maven.runtime_3.9.900.20250220-2013 [298])
2025-11-07 21:24:46,214 [Worker-19: Launching Lost-and-found (6)] INFO  o.eclipse.m2e.core.internal.Bundles - 	Entry: C:\Users\apoor\.p2\pool\plugins\org.eclipse.m2e.maven.runtime_3.9.900.20250220-2013
2025-11-07 21:24:46,217 [Worker-19: Launching Lost-and-found (6)] INFO  o.eclipse.m2e.core.internal.Bundles - 	Entry: C:\Users\apoor\.p2\pool\plugins\org.eclipse.m2e.maven.runtime_3.9.900.20250220-2013\jars\aopalliance-1.0.jar
2025-11-07 21:24:46,218 [Worker-19: Launching Lost-and-found (6)] INFO  o.eclipse.m2e.core.internal.Bundles - 	Entry: C:\Users\apoor\.p2\pool\plugins\org.eclipse.m2e.maven.runtime_3.9.900.20250220-2013\jars\guice-5.1.0.jar
2025-11-07 21:24:46,219 [Worker-19: Launching Lost-and-found (6)] INFO  o.eclipse.m2e.core.internal.Bundles - 	Entry: C:\Users\apoor\.p2\pool\plugins\org.eclipse.m2e.maven.runtime_3.9.900.20250220-2013\jars\httpclient-4.5.14.jar
2025-11-07 21:24:46,220 [Worker-19: Launching Lost-and-found (6)] INFO  o.eclipse.m2e.core.internal.Bundles - 	Entry: C:\Users\apoor\.p2\pool\plugins\org.eclipse.m2e.maven.runtime_3.9.900.20250220-2013\jars\httpcore-4.4.16.jar
2025-11-07 21:24:46,220 [Worker-19: Launching Lost-and-found (6)] INFO  o.eclipse.m2e.core.internal.Bundles - 	Entry: C:\Users\apoor\.p2\pool\plugins\org.eclipse.m2e.maven.runtime_3.9.900.20250220-2013\jars\jansi-2.4.1.jar
2025-11-07 21:24:46,221 [Worker-19: Launching Lost-and-found (6)] INFO  o.eclipse.m2e.core.internal.Bundles - 	Entry: C:\Users\apoor\.p2\pool\plugins\org.eclipse.m2e.maven.runtime_3.9.900.20250220-2013\jars\jcl-over-slf4j-1.7.36.jar
2025-11-07 21:24:46,221 [Worker-19: Launching Lost-and-found (6)] INFO  o.eclipse.m2e.core.internal.Bundles - 	Entry: C:\Users\apoor\.p2\pool\plugins\org.eclipse.m2e.maven.runtime_3.9.900.20250220-2013\jars\maven-artifact-3.9.9.jar
2025-11-07 21:24:46,224 [Worker-19: Launching Lost-and-found (6)] INFO  o.eclipse.m2e.core.internal.Bundles - 	Entry: C:\Users\apoor\.p2\pool\plugins\org.eclipse.m2e.maven.runtime_3.9.900.20250220-2013\jars\maven-builder-support-3.9.9.jar
2025-11-07 21:24:46,227 [Worker-19: Launching Lost-and-found (6)] INFO  o.eclipse.m2e.core.internal.Bundles - 	Entry: C:\Users\apoor\.p2\pool\plugins\org.eclipse.m2e.maven.runtime_3.9.900.20250220-2013\jars\maven-compat-3.9.9.jar
2025-11-07 21:24:46,228 [Worker-19: Launching Lost-and-found (6)] INFO  o.eclipse.m2e.core.internal.Bundles - 	Entry: C:\Users\apoor\.p2\pool\plugins\org.eclipse.m2e.maven.runtime_3.9.900.20250220-2013\jars\maven-core-3.9.9.jar
2025-11-07 21:24:46,228 [Worker-19: Launching Lost-and-found (6)] INFO  o.eclipse.m2e.core.internal.Bundles - 	Entry: C:\Users\apoor\.p2\pool\plugins\org.eclipse.m2e.maven.runtime_3.9.900.20250220-2013\jars\maven-embedder-3.9.9.jar
2025-11-07 21:24:46,229 [Worker-19: Launching Lost-and-found (6)] INFO  o.eclipse.m2e.core.internal.Bundles - 	Entry: C:\Users\apoor\.p2\pool\plugins\org.eclipse.m2e.maven.runtime_3.9.900.20250220-2013\jars\maven-model-3.9.9.jar
2025-11-07 21:24:46,230 [Worker-19: Launching Lost-and-found (6)] INFO  o.eclipse.m2e.core.internal.Bundles - 	Entry: C:\Users\apoor\.p2\pool\plugins\org.eclipse.m2e.maven.runtime_3.9.900.20250220-2013\jars\maven-model-builder-3.9.9.jar
2025-11-07 21:24:46,231 [Worker-19: Launching Lost-and-found (6)] INFO  o.eclipse.m2e.core.internal.Bundles - 	Entry: C:\Users\apoor\.p2\pool\plugins\org.eclipse.m2e.maven.runtime_3.9.900.20250220-2013\jars\maven-plugin-api-3.9.9.jar
2025-11-07 21:24:46,231 [Worker-19: Launching Lost-and-found (6)] INFO  o.eclipse.m2e.core.internal.Bundles - 	Entry: C:\Users\apoor\.p2\pool\plugins\org.eclipse.m2e.maven.runtime_3.9.900.20250220-2013\jars\maven-repository-metadata-3.9.9.jar
2025-11-07 21:24:46,232 [Worker-19: Launching Lost-and-found (6)] INFO  o.eclipse.m2e.core.internal.Bundles - 	Entry: C:\Users\apoor\.p2\pool\plugins\org.eclipse.m2e.maven.runtime_3.9.900.20250220-2013\jars\maven-resolver-api-1.9.22.jar
2025-11-07 21:24:46,232 [Worker-19: Launching Lost-and-found (6)] INFO  o.eclipse.m2e.core.internal.Bundles - 	Entry: C:\Users\apoor\.p2\pool\plugins\org.eclipse.m2e.maven.runtime_3.9.900.20250220-2013\jars\maven-resolver-connector-basic-1.9.22.jar
2025-11-07 21:24:46,233 [Worker-19: Launching Lost-and-found (6)] INFO  o.eclipse.m2e.core.internal.Bundles - 	Entry: C:\Users\apoor\.p2\pool\plugins\org.eclipse.m2e.maven.runtime_3.9.900.20250220-2013\jars\maven-resolver-impl-1.9.22.jar
2025-11-07 21:24:46,233 [Worker-19: Launching Lost-and-found (6)] INFO  o.eclipse.m2e.core.internal.Bundles - 	Entry: C:\Users\apoor\.p2\pool\plugins\org.eclipse.m2e.maven.runtime_3.9.900.20250220-2013\jars\maven-resolver-named-locks-1.9.22.jar
2025-11-07 21:24:46,234 [Worker-19: Launching Lost-and-found (6)] INFO  o.eclipse.m2e.core.internal.Bundles - 	Entry: C:\Users\apoor\.p2\pool\plugins\org.eclipse.m2e.maven.runtime_3.9.900.20250220-2013\jars\maven-resolver-provider-3.9.9.jar
2025-11-07 21:24:46,234 [Worker-19: Launching Lost-and-found (6)] INFO  o.eclipse.m2e.core.internal.Bundles - 	Entry: C:\Users\apoor\.p2\pool\plugins\org.eclipse.m2e.maven.runtime_3.9.900.20250220-2013\jars\maven-resolver-spi-1.9.22.jar
2025-11-07 21:24:46,235 [Worker-19: Launching Lost-and-found (6)] INFO  o.eclipse.m2e.core.internal.Bundles - 	Entry: C:\Users\apoor\.p2\pool\plugins\org.eclipse.m2e.maven.runtime_3.9.900.20250220-2013\jars\maven-resolver-transport-file-1.9.22.jar
2025-11-07 21:24:46,236 [Worker-19: Launching Lost-and-found (6)] INFO  o.eclipse.m2e.core.internal.Bundles - 	Entry: C:\Users\apoor\.p2\pool\plugins\org.eclipse.m2e.maven.runtime_3.9.900.20250220-2013\jars\maven-resolver-transport-http-1.9.22.jar
2025-11-07 21:24:46,238 [Worker-19: Launching Lost-and-found (6)] INFO  o.eclipse.m2e.core.internal.Bundles - 	Entry: C:\Users\apoor\.p2\pool\plugins\org.eclipse.m2e.maven.runtime_3.9.900.20250220-2013\jars\maven-resolver-transport-wagon-1.9.22.jar
2025-11-07 21:24:46,238 [Worker-19: Launching Lost-and-found (6)] INFO  o.eclipse.m2e.core.internal.Bundles - 	Entry: C:\Users\apoor\.p2\pool\plugins\org.eclipse.m2e.maven.runtime_3.9.900.20250220-2013\jars\maven-resolver-util-1.9.22.jar
2025-11-07 21:24:46,239 [Worker-19: Launching Lost-and-found (6)] INFO  o.eclipse.m2e.core.internal.Bundles - 	Entry: C:\Users\apoor\.p2\pool\plugins\org.eclipse.m2e.maven.runtime_3.9.900.20250220-2013\jars\maven-settings-3.9.9.jar
2025-11-07 21:24:46,239 [Worker-19: Launching Lost-and-found (6)] INFO  o.eclipse.m2e.core.internal.Bundles - 	Entry: C:\Users\apoor\.p2\pool\plugins\org.eclipse.m2e.maven.runtime_3.9.900.20250220-2013\jars\maven-settings-builder-3.9.9.jar
2025-11-07 21:24:46,240 [Worker-19: Launching Lost-and-found (6)] INFO  o.eclipse.m2e.core.internal.Bundles - 	Entry: C:\Users\apoor\.p2\pool\plugins\org.eclipse.m2e.maven.runtime_3.9.900.20250220-2013\jars\maven-shared-utils-3.4.2.jar
2025-11-07 21:24:46,240 [Worker-19: Launching Lost-and-found (6)] INFO  o.eclipse.m2e.core.internal.Bundles - 	Entry: C:\Users\apoor\.p2\pool\plugins\org.eclipse.m2e.maven.runtime_3.9.900.20250220-2013\jars\org.eclipse.sisu.inject-0.9.0.M3.jar
2025-11-07 21:24:46,240 [Worker-19: Launching Lost-and-found (6)] INFO  o.eclipse.m2e.core.internal.Bundles - 	Entry: C:\Users\apoor\.p2\pool\plugins\org.eclipse.m2e.maven.runtime_3.9.900.20250220-2013\jars\org.eclipse.sisu.plexus-0.9.0.M3.jar
2025-11-07 21:24:46,244 [Worker-19: Launching Lost-and-found (6)] INFO  o.eclipse.m2e.core.internal.Bundles - 	Entry: C:\Users\apoor\.p2\pool\plugins\org.eclipse.m2e.maven.runtime_3.9.900.20250220-2013\jars\plexus-build-api-0.0.7.jar
2025-11-07 21:24:46,244 [Worker-19: Launching Lost-and-found (6)] INFO  o.eclipse.m2e.core.internal.Bundles - 	Entry: C:\Users\apoor\.p2\pool\plugins\org.eclipse.m2e.maven.runtime_3.9.900.20250220-2013\jars\plexus-build-api-1.2.0.jar
2025-11-07 21:24:46,244 [Worker-19: Launching Lost-and-found (6)] INFO  o.eclipse.m2e.core.internal.Bundles - 	Entry: C:\Users\apoor\.p2\pool\plugins\org.eclipse.m2e.maven.runtime_3.9.900.20250220-2013\jars\plexus-cipher-2.0.jar
2025-11-07 21:24:46,245 [Worker-19: Launching Lost-and-found (6)] INFO  o.eclipse.m2e.core.internal.Bundles - 	Entry: C:\Users\apoor\.p2\pool\plugins\org.eclipse.m2e.maven.runtime_3.9.900.20250220-2013\jars\plexus-classworlds-2.8.0.jar
2025-11-07 21:24:46,245 [Worker-19: Launching Lost-and-found (6)] INFO  o.eclipse.m2e.core.internal.Bundles - 	Entry: C:\Users\apoor\.p2\pool\plugins\org.eclipse.m2e.maven.runtime_3.9.900.20250220-2013\jars\plexus-component-annotations-2.1.0.jar
2025-11-07 21:24:46,246 [Worker-19: Launching Lost-and-found (6)] INFO  o.eclipse.m2e.core.internal.Bundles - 	Entry: C:\Users\apoor\.p2\pool\plugins\org.eclipse.m2e.maven.runtime_3.9.900.20250220-2013\jars\plexus-interpolation-1.27.jar
2025-11-07 21:24:46,246 [Worker-19: Launching Lost-and-found (6)] INFO  o.eclipse.m2e.core.internal.Bundles - 	Entry: C:\Users\apoor\.p2\pool\plugins\org.eclipse.m2e.maven.runtime_3.9.900.20250220-2013\jars\plexus-sec-dispatcher-2.0.jar
2025-11-07 21:24:46,263 [Worker-19: Launching Lost-and-found (6)] INFO  o.eclipse.m2e.core.internal.Bundles - 	Entry: C:\Users\apoor\.p2\pool\plugins\org.eclipse.m2e.maven.runtime_3.9.900.20250220-2013\jars\plexus-utils-3.5.1.jar
2025-11-07 21:24:46,265 [Worker-19: Launching Lost-and-found (6)] INFO  o.eclipse.m2e.core.internal.Bundles - 	Entry: C:\Users\apoor\.p2\pool\plugins\org.eclipse.m2e.maven.runtime_3.9.900.20250220-2013\jars\plexus-xml-3.0.1.jar
2025-11-07 21:24:46,266 [Worker-19: Launching Lost-and-found (6)] INFO  o.eclipse.m2e.core.internal.Bundles - 	Entry: C:\Users\apoor\.p2\pool\plugins\org.eclipse.m2e.maven.runtime_3.9.900.20250220-2013\jars\wagon-file-3.5.3.jar
2025-11-07 21:24:46,266 [Worker-19: Launching Lost-and-found (6)] INFO  o.eclipse.m2e.core.internal.Bundles - 	Entry: C:\Users\apoor\.p2\pool\plugins\org.eclipse.m2e.maven.runtime_3.9.900.20250220-2013\jars\wagon-http-3.5.3.jar
2025-11-07 21:24:46,267 [Worker-19: Launching Lost-and-found (6)] INFO  o.eclipse.m2e.core.internal.Bundles - 	Entry: C:\Users\apoor\.p2\pool\plugins\org.eclipse.m2e.maven.runtime_3.9.900.20250220-2013\jars\wagon-http-shared-3.5.3.jar
2025-11-07 21:24:46,267 [Worker-19: Launching Lost-and-found (6)] INFO  o.eclipse.m2e.core.internal.Bundles - 	Entry: C:\Users\apoor\.p2\pool\plugins\org.eclipse.m2e.maven.runtime_3.9.900.20250220-2013\jars\wagon-provider-api-3.5.3.jar
2025-11-07 21:24:46,270 [Worker-19: Launching Lost-and-found (6)] INFO  o.eclipse.m2e.core.internal.Bundles - getClasspathEntries(Bundle=com.google.guava_33.4.0.jre [12])
2025-11-07 21:24:46,272 [Worker-19: Launching Lost-and-found (6)] INFO  o.eclipse.m2e.core.internal.Bundles - 	Entry: C:\Users\apoor\.p2\pool\plugins\com.google.guava_33.4.0.jre.jar
2025-11-07 21:24:46,272 [Worker-19: Launching Lost-and-found (6)] INFO  o.eclipse.m2e.core.internal.Bundles - getClasspathEntries(Bundle=slf4j.api_2.0.17 [522])
2025-11-07 21:24:46,273 [Worker-19: Launching Lost-and-found (6)] INFO  o.eclipse.m2e.core.internal.Bundles - 	Entry: C:\Users\apoor\.p2\pool\plugins\slf4j.api_2.0.17.jar
2025-11-07 21:24:46,276 [Worker-19: Launching Lost-and-found (6)] INFO  o.eclipse.m2e.core.internal.Bundles - getClasspathEntries(Bundle=jakarta.inject.jakarta.inject-api_1.0.5 [24])
2025-11-07 21:24:46,277 [Worker-19: Launching Lost-and-found (6)] INFO  o.eclipse.m2e.core.internal.Bundles - 	Entry: C:\Users\apoor\.p2\pool\plugins\jakarta.inject.jakarta.inject-api_1.0.5.jar
2025-11-07 21:24:46,277 [Worker-19: Launching Lost-and-found (6)] INFO  o.eclipse.m2e.core.internal.Bundles - getClasspathEntries(Bundle=jakarta.annotation-api_1.3.5 [22])
2025-11-07 21:24:46,278 [Worker-19: Launching Lost-and-found (6)] INFO  o.eclipse.m2e.core.internal.Bundles - 	Entry: C:\Users\apoor\.p2\pool\plugins\jakarta.annotation-api_1.3.5.jar
2025-11-07 21:24:46,278 [Worker-19: Launching Lost-and-found (6)] INFO  o.eclipse.m2e.core.internal.Bundles - getClasspathEntries(Bundle=org.apache.commons.cli_1.9.0 [48])
2025-11-07 21:24:46,279 [Worker-19: Launching Lost-and-found (6)] INFO  o.eclipse.m2e.core.internal.Bundles - 	Entry: C:\Users\apoor\.p2\pool\plugins\org.apache.commons.cli_1.9.0.jar
2025-11-07 21:24:46,280 [Worker-19: Launching Lost-and-found (6)] INFO  o.eclipse.m2e.core.internal.Bundles - getClasspathEntries(Bundle=org.apache.commons.commons-codec_1.16.0 [49])
2025-11-07 21:24:46,281 [Worker-19: Launching Lost-and-found (6)] INFO  o.eclipse.m2e.core.internal.Bundles - 	Entry: C:\Users\apoor\.p2\pool\plugins\org.apache.commons.commons-codec_1.16.0.jar
2025-11-07 21:24:46,281 [Worker-19: Launching Lost-and-found (6)] INFO  o.eclipse.m2e.core.internal.Bundles - getClasspathEntries(Bundle=com.google.guava.failureaccess_1.0.2 [13])
2025-11-07 21:24:46,283 [Worker-19: Launching Lost-and-found (6)] INFO  o.eclipse.m2e.core.internal.Bundles - 	Entry: C:\Users\apoor\.p2\pool\plugins\com.google.guava.failureaccess_1.0.2.jar
2025-11-07 21:24:46,300 [Worker-19: Launching Lost-and-found (6)] INFO  o.e.m.i.launch.MavenLaunchDelegate - Run build in "C:\Users\apoor\OneDrive\Desktop\Lost_and_found\Lost-and-found":
2025-11-07 21:24:46,301 [Worker-19: Launching Lost-and-found (6)] INFO  o.e.m.i.launch.MavenLaunchDelegate -  mvn  -B -Dstyle.color=always clean install -DskipTests
2025-11-07 21:28:29,503 [Worker-25: Building] INFO  o.a.m.s.f.DefaultMavenResourcesFiltering - Copying 1 resource from src\main\resources to target\classes
2025-11-07 21:28:29,530 [Worker-25: Building] INFO  o.a.m.s.f.DefaultMavenResourcesFiltering - Copying 0 resource from src\main\resources to target\classes
2025-11-07 21:28:29,537 [Worker-25: Building] INFO  o.a.m.s.f.DefaultMavenResourcesFiltering - skip non existing resourceDirectory C:\Users\apoor\OneDrive\Desktop\Lost_and_found\Lost-and-found\src\test\resources
2025-11-07 21:29:53,112 [Worker-29: Building] INFO  o.a.m.s.f.DefaultMavenResourcesFiltering - Copying 1 resource from src\main\resources to target\classes
2025-11-07 21:29:53,133 [Worker-29: Building] INFO  o.a.m.s.f.DefaultMavenResourcesFiltering - Copying 0 resource from src\main\resources to target\classes
2025-11-07 21:29:53,143 [Worker-29: Building] INFO  o.a.m.s.f.DefaultMavenResourcesFiltering - skip non existing resourceDirectory C:\Users\apoor\OneDrive\Desktop\Lost_and_found\Lost-and-found\src\test\resources
2025-11-07 22:46:48,421 [Worker-37: Building] INFO  o.a.m.s.f.DefaultMavenResourcesFiltering - Copying 1 resource from src\main\resources to target\classes
2025-11-07 22:46:48,867 [Worker-37: Building] INFO  o.a.m.s.f.DefaultMavenResourcesFiltering - Copying 0 resource from src\main\resources to target\classes
2025-11-07 22:46:48,924 [Worker-37: Building] INFO  o.a.m.s.f.DefaultMavenResourcesFiltering - skip non existing resourceDirectory C:\Users\apoor\OneDrive\Desktop\Lost_and_found\Lost-and-found\src\test\resources
2025-11-07 22:50:31,132 [Worker-33: Building] INFO  o.a.m.s.f.DefaultMavenResourcesFiltering - Copying 1 resource from src\main\resources to target\classes
2025-11-07 22:50:31,183 [Worker-33: Building] INFO  o.a.m.s.f.DefaultMavenResourcesFiltering - Copying 0 resource from src\main\resources to target\classes
2025-11-07 22:50:31,200 [Worker-33: Building] INFO  o.a.m.s.f.DefaultMavenResourcesFiltering - skip non existing resourceDirectory C:\Users\apoor\OneDrive\Desktop\Lost_and_found\Lost-and-found\src\test\resources
2025-11-07 22:51:26,609 [Worker-39: Launching LostandfoundApplication] INFO  o.a.m.s.f.DefaultMavenResourcesFiltering - Copying 1 resource from src\main\resources to target\classes
2025-11-07 22:51:26,628 [Worker-39: Launching LostandfoundApplication] INFO  o.a.m.s.f.DefaultMavenResourcesFiltering - Copying 0 resource from src\main\resources to target\classes
2025-11-07 22:51:26,642 [Worker-39: Launching LostandfoundApplication] INFO  o.a.m.s.f.DefaultMavenResourcesFiltering - skip non existing resourceDirectory C:\Users\apoor\OneDrive\Desktop\Lost_and_found\Lost-and-found\src\test\resources
2025-11-07 22:51:41,709 [Worker-35: Building] INFO  o.a.m.s.f.DefaultMavenResourcesFiltering - Copying 1 resource from src\main\resources to target\classes
2025-11-07 22:51:41,766 [Worker-35: Building] INFO  o.a.m.s.f.DefaultMavenResourcesFiltering - Copying 0 resource from src\main\resources to target\classes
2025-11-07 22:51:41,777 [Worker-35: Building] INFO  o.a.m.s.f.DefaultMavenResourcesFiltering - skip non existing resourceDirectory C:\Users\apoor\OneDrive\Desktop\Lost_and_found\Lost-and-found\src\test\resources
2025-11-08 14:18:30,189 [Worker-52: Building] INFO  o.a.m.s.f.DefaultMavenResourcesFiltering - Copying 1 resource from src\main\resources to target\classes
2025-11-08 14:18:30,293 [Worker-52: Building] INFO  o.a.m.s.f.DefaultMavenResourcesFiltering - Copying 0 resource from src\main\resources to target\classes
2025-11-08 14:18:30,298 [Worker-52: Building] INFO  o.a.m.s.f.DefaultMavenResourcesFiltering - skip non existing resourceDirectory C:\Users\apoor\OneDrive\Desktop\Lost_and_found\Lost-and-found\src\test\resources
2025-11-08 14:40:21,256 [Worker-53: Building] INFO  o.a.m.s.f.DefaultMavenResourcesFiltering - Copying 1 resource from src\main\resources to target\classes
2025-11-08 14:40:21,354 [Worker-53: Building] INFO  o.a.m.s.f.DefaultMavenResourcesFiltering - Copying 0 resource from src\main\resources to target\classes
2025-11-08 14:40:21,360 [Worker-53: Building] INFO  o.a.m.s.f.DefaultMavenResourcesFiltering - skip non existing resourceDirectory C:\Users\apoor\OneDrive\Desktop\Lost_and_found\Lost-and-found\src\test\resources
2025-11-08 14:40:45,463 [Worker-56: Building] INFO  o.a.m.s.f.DefaultMavenResourcesFiltering - Copying 1 resource from src\main\resources to target\classes
2025-11-08 14:40:45,498 [Worker-56: Building] INFO  o.a.m.s.f.DefaultMavenResourcesFiltering - Copying 0 resource from src\main\resources to target\classes
2025-11-08 14:40:45,502 [Worker-56: Building] INFO  o.a.m.s.f.DefaultMavenResourcesFiltering - skip non existing resourceDirectory C:\Users\apoor\OneDrive\Desktop\Lost_and_found\Lost-and-found\src\test\resources
2025-11-08 15:56:36,401 [Worker-52: Building] INFO  o.a.m.s.f.DefaultMavenResourcesFiltering - Copying 1 resource from src\main\resources to target\classes
2025-11-08 15:56:36,507 [Worker-52: Building] INFO  o.a.m.s.f.DefaultMavenResourcesFiltering - Copying 0 resource from src\main\resources to target\classes
2025-11-08 15:56:36,517 [Worker-52: Building] INFO  o.a.m.s.f.DefaultMavenResourcesFiltering - skip non existing resourceDirectory C:\Users\apoor\OneDrive\Desktop\Lost_and_found\Lost-and-found\src\test\resources
2025-11-08 15:57:31,223 [Worker-59: Building] INFO  o.a.m.s.f.DefaultMavenResourcesFiltering - Copying 1 resource from src\main\resources to target\classes
2025-11-08 15:57:31,238 [Worker-59: Building] INFO  o.a.m.s.f.DefaultMavenResourcesFiltering - Copying 0 resource from src\main\resources to target\classes
2025-11-08 15:57:31,261 [Worker-59: Building] INFO  o.a.m.s.f.DefaultMavenResourcesFiltering - skip non existing resourceDirectory C:\Users\apoor\OneDrive\Desktop\Lost_and_found\Lost-and-found\src\test\resources
2025-11-08 15:57:57,856 [Worker-58: Building] INFO  o.a.m.s.f.DefaultMavenResourcesFiltering - Copying 1 resource from src\main\resources to target\classes
2025-11-08 15:57:57,926 [Worker-58: Building] INFO  o.a.m.s.f.DefaultMavenResourcesFiltering - Copying 0 resource from src\main\resources to target\classes
2025-11-08 15:57:57,932 [Worker-58: Building] INFO  o.a.m.s.f.DefaultMavenResourcesFiltering - skip non existing resourceDirectory C:\Users\apoor\OneDrive\Desktop\Lost_and_found\Lost-and-found\src\test\resources
2025-11-08 16:42:45,178 [Worker-59: Building] INFO  o.a.m.s.f.DefaultMavenResourcesFiltering - Copying 1 resource from src\main\resources to target\classes
2025-11-08 16:42:45,562 [Worker-59: Building] INFO  o.a.m.s.f.DefaultMavenResourcesFiltering - Copying 0 resource from src\main\resources to target\classes
2025-11-08 16:42:45,576 [Worker-59: Building] INFO  o.a.m.s.f.DefaultMavenResourcesFiltering - skip non existing resourceDirectory C:\Users\apoor\OneDrive\Desktop\Lost_and_found\Lost-and-found\src\test\resources
2025-11-08 16:42:59,711 [Worker-52: Building] INFO  o.a.m.s.f.DefaultMavenResourcesFiltering - Copying 1 resource from src\main\resources to target\classes
2025-11-08 16:42:59,959 [Worker-52: Building] INFO  o.a.m.s.f.DefaultMavenResourcesFiltering - Copying 0 resource from src\main\resources to target\classes
2025-11-08 16:42:59,974 [Worker-52: Building] INFO  o.a.m.s.f.DefaultMavenResourcesFiltering - skip non existing resourceDirectory C:\Users\apoor\OneDrive\Desktop\Lost_and_found\Lost-and-found\src\test\resources
2025-11-08 16:53:28,110 [Worker-64: Building] INFO  o.a.m.s.f.DefaultMavenResourcesFiltering - Copying 1 resource from src\main\resources to target\classes
2025-11-08 16:53:28,238 [Worker-64: Building] INFO  o.a.m.s.f.DefaultMavenResourcesFiltering - Copying 0 resource from src\main\resources to target\classes
2025-11-08 16:53:28,248 [Worker-64: Building] INFO  o.a.m.s.f.DefaultMavenResourcesFiltering - skip non existing resourceDirectory C:\Users\apoor\OneDrive\Desktop\Lost_and_found\Lost-and-found\src\test\resources
2025-11-08 20:29:22,806 [Worker-67: Building] INFO  o.a.m.s.f.DefaultMavenResourcesFiltering - Copying 1 resource from src\main\resources to target\classes
2025-11-08 20:29:23,023 [Worker-67: Building] INFO  o.a.m.s.f.DefaultMavenResourcesFiltering - Copying 0 resource from src\main\resources to target\classes
2025-11-08 20:29:23,061 [Worker-67: Building] INFO  o.a.m.s.f.DefaultMavenResourcesFiltering - skip non existing resourceDirectory C:\Users\apoor\OneDrive\Desktop\Lost_and_found\Lost-and-found\src\test\resources
2025-11-11 08:04:51,435 [Worker-5: Loading available Gradle versions] INFO  o.e.b.c.i.u.g.PublishedGradleVersions - Gradle version information cache is out-of-date. Trying to update.
2025-11-11 08:14:53,154 [Worker-16: Building] INFO  o.a.m.s.f.DefaultMavenResourcesFiltering - Copying 1 resource from src\main\resources to target\classes
2025-11-11 08:14:53,207 [Worker-16: Building] INFO  o.a.m.s.f.DefaultMavenResourcesFiltering - Copying 0 resource from src\main\resources to target\classes
2025-11-11 08:14:53,215 [Worker-16: Building] INFO  o.a.m.s.f.DefaultMavenResourcesFiltering - skip non existing resourceDirectory C:\Users\apoor\OneDrive\Desktop\Lost_and_found\Lost-and-found\src\test\resources
2025-11-11 08:14:59,564 [Worker-9: Building] INFO  o.a.m.s.f.DefaultMavenResourcesFiltering - Copying 1 resource from src\main\resources to target\classes
2025-11-11 08:14:59,625 [Worker-9: Building] INFO  o.a.m.s.f.DefaultMavenResourcesFiltering - Copying 0 resource from src\main\resources to target\classes
2025-11-11 08:14:59,632 [Worker-9: Building] INFO  o.a.m.s.f.DefaultMavenResourcesFiltering - skip non existing resourceDirectory C:\Users\apoor\OneDrive\Desktop\Lost_and_found\Lost-and-found\src\test\resources
2025-11-11 08:15:40,264 [main] INFO  o.e.m2e.actions.ExecutePomAction - Creating new launch configuration
2025-11-11 08:15:48,215 [Worker-18: Launching Lost-and-found (7)] INFO  o.eclipse.m2e.core.internal.Bundles - getClasspathEntries(Bundle=org.eclipse.m2e.maven.runtime_3.9.900.20250220-2013 [298])
2025-11-11 08:15:48,222 [Worker-18: Launching Lost-and-found (7)] INFO  o.eclipse.m2e.core.internal.Bundles - 	Entry: C:\Users\apoor\.p2\pool\plugins\org.eclipse.m2e.maven.runtime_3.9.900.20250220-2013
2025-11-11 08:15:48,223 [Worker-18: Launching Lost-and-found (7)] INFO  o.eclipse.m2e.core.internal.Bundles - 	Entry: C:\Users\apoor\.p2\pool\plugins\org.eclipse.m2e.maven.runtime_3.9.900.20250220-2013\jars\aopalliance-1.0.jar
2025-11-11 08:15:48,223 [Worker-18: Launching Lost-and-found (7)] INFO  o.eclipse.m2e.core.internal.Bundles - 	Entry: C:\Users\apoor\.p2\pool\plugins\org.eclipse.m2e.maven.runtime_3.9.900.20250220-2013\jars\guice-5.1.0.jar
2025-11-11 08:15:48,223 [Worker-18: Launching Lost-and-found (7)] INFO  o.eclipse.m2e.core.internal.Bundles - 	Entry: C:\Users\apoor\.p2\pool\plugins\org.eclipse.m2e.maven.runtime_3.9.900.20250220-2013\jars\httpclient-4.5.14.jar
2025-11-11 08:15:48,224 [Worker-18: Launching Lost-and-found (7)] INFO  o.eclipse.m2e.core.internal.Bundles - 	Entry: C:\Users\apoor\.p2\pool\plugins\org.eclipse.m2e.maven.runtime_3.9.900.20250220-2013\jars\httpcore-4.4.16.jar
2025-11-11 08:15:48,224 [Worker-18: Launching Lost-and-found (7)] INFO  o.eclipse.m2e.core.internal.Bundles - 	Entry: C:\Users\apoor\.p2\pool\plugins\org.eclipse.m2e.maven.runtime_3.9.900.20250220-2013\jars\jansi-2.4.1.jar
2025-11-11 08:15:48,224 [Worker-18: Launching Lost-and-found (7)] INFO  o.eclipse.m2e.core.internal.Bundles - 	Entry: C:\Users\apoor\.p2\pool\plugins\org.eclipse.m2e.maven.runtime_3.9.900.20250220-2013\jars\jcl-over-slf4j-1.7.36.jar
2025-11-11 08:15:48,224 [Worker-18: Launching Lost-and-found (7)] INFO  o.eclipse.m2e.core.internal.Bundles - 	Entry: C:\Users\apoor\.p2\pool\plugins\org.eclipse.m2e.maven.runtime_3.9.900.20250220-2013\jars\maven-artifact-3.9.9.jar
2025-11-11 08:15:48,226 [Worker-18: Launching Lost-and-found (7)] INFO  o.eclipse.m2e.core.internal.Bundles - 	Entry: C:\Users\apoor\.p2\pool\plugins\org.eclipse.m2e.maven.runtime_3.9.900.20250220-2013\jars\maven-builder-support-3.9.9.jar
2025-11-11 08:15:48,226 [Worker-18: Launching Lost-and-found (7)] INFO  o.eclipse.m2e.core.internal.Bundles - 	Entry: C:\Users\apoor\.p2\pool\plugins\org.eclipse.m2e.maven.runtime_3.9.900.20250220-2013\jars\maven-compat-3.9.9.jar
2025-11-11 08:15:48,226 [Worker-18: Launching Lost-and-found (7)] INFO  o.eclipse.m2e.core.internal.Bundles - 	Entry: C:\Users\apoor\.p2\pool\plugins\org.eclipse.m2e.maven.runtime_3.9.900.20250220-2013\jars\maven-core-3.9.9.jar
2025-11-11 08:15:48,226 [Worker-18: Launching Lost-and-found (7)] INFO  o.eclipse.m2e.core.internal.Bundles - 	Entry: C:\Users\apoor\.p2\pool\plugins\org.eclipse.m2e.maven.runtime_3.9.900.20250220-2013\jars\maven-embedder-3.9.9.jar
2025-11-11 08:15:48,226 [Worker-18: Launching Lost-and-found (7)] INFO  o.eclipse.m2e.core.internal.Bundles - 	Entry: C:\Users\apoor\.p2\pool\plugins\org.eclipse.m2e.maven.runtime_3.9.900.20250220-2013\jars\maven-model-3.9.9.jar
2025-11-11 08:15:48,227 [Worker-18: Launching Lost-and-found (7)] INFO  o.eclipse.m2e.core.internal.Bundles - 	Entry: C:\Users\apoor\.p2\pool\plugins\org.eclipse.m2e.maven.runtime_3.9.900.20250220-2013\jars\maven-model-builder-3.9.9.jar
2025-11-11 08:15:48,227 [Worker-18: Launching Lost-and-found (7)] INFO  o.eclipse.m2e.core.internal.Bundles - 	Entry: C:\Users\apoor\.p2\pool\plugins\org.eclipse.m2e.maven.runtime_3.9.900.20250220-2013\jars\maven-plugin-api-3.9.9.jar
2025-11-11 08:15:48,227 [Worker-18: Launching Lost-and-found (7)] INFO  o.eclipse.m2e.core.internal.Bundles - 	Entry: C:\Users\apoor\.p2\pool\plugins\org.eclipse.m2e.maven.runtime_3.9.900.20250220-2013\jars\maven-repository-metadata-3.9.9.jar
2025-11-11 08:15:48,227 [Worker-18: Launching Lost-and-found (7)] INFO  o.eclipse.m2e.core.internal.Bundles - 	Entry: C:\Users\apoor\.p2\pool\plugins\org.eclipse.m2e.maven.runtime_3.9.900.20250220-2013\jars\maven-resolver-api-1.9.22.jar
2025-11-11 08:15:48,228 [Worker-18: Launching Lost-and-found (7)] INFO  o.eclipse.m2e.core.internal.Bundles - 	Entry: C:\Users\apoor\.p2\pool\plugins\org.eclipse.m2e.maven.runtime_3.9.900.20250220-2013\jars\maven-resolver-connector-basic-1.9.22.jar
2025-11-11 08:15:48,228 [Worker-18: Launching Lost-and-found (7)] INFO  o.eclipse.m2e.core.internal.Bundles - 	Entry: C:\Users\apoor\.p2\pool\plugins\org.eclipse.m2e.maven.runtime_3.9.900.20250220-2013\jars\maven-resolver-impl-1.9.22.jar
2025-11-11 08:15:48,228 [Worker-18: Launching Lost-and-found (7)] INFO  o.eclipse.m2e.core.internal.Bundles - 	Entry: C:\Users\apoor\.p2\pool\plugins\org.eclipse.m2e.maven.runtime_3.9.900.20250220-2013\jars\maven-resolver-named-locks-1.9.22.jar
2025-11-11 08:15:48,228 [Worker-18: Launching Lost-and-found (7)] INFO  o.eclipse.m2e.core.internal.Bundles - 	Entry: C:\Users\apoor\.p2\pool\plugins\org.eclipse.m2e.maven.runtime_3.9.900.20250220-2013\jars\maven-resolver-provider-3.9.9.jar
2025-11-11 08:15:48,229 [Worker-18: Launching Lost-and-found (7)] INFO  o.eclipse.m2e.core.internal.Bundles - 	Entry: C:\Users\apoor\.p2\pool\plugins\org.eclipse.m2e.maven.runtime_3.9.900.20250220-2013\jars\maven-resolver-spi-1.9.22.jar
2025-11-11 08:15:48,229 [Worker-18: Launching Lost-and-found (7)] INFO  o.eclipse.m2e.core.internal.Bundles - 	Entry: C:\Users\apoor\.p2\pool\plugins\org.eclipse.m2e.maven.runtime_3.9.900.20250220-2013\jars\maven-resolver-transport-file-1.9.22.jar
2025-11-11 08:15:48,229 [Worker-18: Launching Lost-and-found (7)] INFO  o.eclipse.m2e.core.internal.Bundles - 	Entry: C:\Users\apoor\.p2\pool\plugins\org.eclipse.m2e.maven.runtime_3.9.900.20250220-2013\jars\maven-resolver-transport-http-1.9.22.jar
2025-11-11 08:15:48,229 [Worker-18: Launching Lost-and-found (7)] INFO  o.eclipse.m2e.core.internal.Bundles - 	Entry: C:\Users\apoor\.p2\pool\plugins\org.eclipse.m2e.maven.runtime_3.9.900.20250220-2013\jars\maven-resolver-transport-wagon-1.9.22.jar
2025-11-11 08:15:48,230 [Worker-18: Launching Lost-and-found (7)] INFO  o.eclipse.m2e.core.internal.Bundles - 	Entry: C:\Users\apoor\.p2\pool\plugins\org.eclipse.m2e.maven.runtime_3.9.900.20250220-2013\jars\maven-resolver-util-1.9.22.jar
2025-11-11 08:15:48,230 [Worker-18: Launching Lost-and-found (7)] INFO  o.eclipse.m2e.core.internal.Bundles - 	Entry: C:\Users\apoor\.p2\pool\plugins\org.eclipse.m2e.maven.runtime_3.9.900.20250220-2013\jars\maven-settings-3.9.9.jar
2025-11-11 08:15:48,230 [Worker-18: Launching Lost-and-found (7)] INFO  o.eclipse.m2e.core.internal.Bundles - 	Entry: C:\Users\apoor\.p2\pool\plugins\org.eclipse.m2e.maven.runtime_3.9.900.20250220-2013\jars\maven-settings-builder-3.9.9.jar
2025-11-11 08:15:48,230 [Worker-18: Launching Lost-and-found (7)] INFO  o.eclipse.m2e.core.internal.Bundles - 	Entry: C:\Users\apoor\.p2\pool\plugins\org.eclipse.m2e.maven.runtime_3.9.900.20250220-2013\jars\maven-shared-utils-3.4.2.jar
2025-11-11 08:15:48,230 [Worker-18: Launching Lost-and-found (7)] INFO  o.eclipse.m2e.core.internal.Bundles - 	Entry: C:\Users\apoor\.p2\pool\plugins\org.eclipse.m2e.maven.runtime_3.9.900.20250220-2013\jars\org.eclipse.sisu.inject-0.9.0.M3.jar
2025-11-11 08:15:48,231 [Worker-18: Launching Lost-and-found (7)] INFO  o.eclipse.m2e.core.internal.Bundles - 	Entry: C:\Users\apoor\.p2\pool\plugins\org.eclipse.m2e.maven.runtime_3.9.900.20250220-2013\jars\org.eclipse.sisu.plexus-0.9.0.M3.jar
2025-11-11 08:15:48,231 [Worker-18: Launching Lost-and-found (7)] INFO  o.eclipse.m2e.core.internal.Bundles - 	Entry: C:\Users\apoor\.p2\pool\plugins\org.eclipse.m2e.maven.runtime_3.9.900.20250220-2013\jars\plexus-build-api-0.0.7.jar
2025-11-11 08:15:48,231 [Worker-18: Launching Lost-and-found (7)] INFO  o.eclipse.m2e.core.internal.Bundles - 	Entry: C:\Users\apoor\.p2\pool\plugins\org.eclipse.m2e.maven.runtime_3.9.900.20250220-2013\jars\plexus-build-api-1.2.0.jar
2025-11-11 08:15:48,231 [Worker-18: Launching Lost-and-found (7)] INFO  o.eclipse.m2e.core.internal.Bundles - 	Entry: C:\Users\apoor\.p2\pool\plugins\org.eclipse.m2e.maven.runtime_3.9.900.20250220-2013\jars\plexus-cipher-2.0.jar
2025-11-11 08:15:48,231 [Worker-18: Launching Lost-and-found (7)] INFO  o.eclipse.m2e.core.internal.Bundles - 	Entry: C:\Users\apoor\.p2\pool\plugins\org.eclipse.m2e.maven.runtime_3.9.900.20250220-2013\jars\plexus-classworlds-2.8.0.jar
2025-11-11 08:15:48,232 [Worker-18: Launching Lost-and-found (7)] INFO  o.eclipse.m2e.core.internal.Bundles - 	Entry: C:\Users\apoor\.p2\pool\plugins\org.eclipse.m2e.maven.runtime_3.9.900.20250220-2013\jars\plexus-component-annotations-2.1.0.jar
2025-11-11 08:15:48,232 [Worker-18: Launching Lost-and-found (7)] INFO  o.eclipse.m2e.core.internal.Bundles - 	Entry: C:\Users\apoor\.p2\pool\plugins\org.eclipse.m2e.maven.runtime_3.9.900.20250220-2013\jars\plexus-interpolation-1.27.jar
2025-11-11 08:15:48,232 [Worker-18: Launching Lost-and-found (7)] INFO  o.eclipse.m2e.core.internal.Bundles - 	Entry: C:\Users\apoor\.p2\pool\plugins\org.eclipse.m2e.maven.runtime_3.9.900.20250220-2013\jars\plexus-sec-dispatcher-2.0.jar
2025-11-11 08:15:48,232 [Worker-18: Launching Lost-and-found (7)] INFO  o.eclipse.m2e.core.internal.Bundles - 	Entry: C:\Users\apoor\.p2\pool\plugins\org.eclipse.m2e.maven.runtime_3.9.900.20250220-2013\jars\plexus-utils-3.5.1.jar
2025-11-11 08:15:48,232 [Worker-18: Launching Lost-and-found (7)] INFO  o.eclipse.m2e.core.internal.Bundles - 	Entry: C:\Users\apoor\.p2\pool\plugins\org.eclipse.m2e.maven.runtime_3.9.900.20250220-2013\jars\plexus-xml-3.0.1.jar
2025-11-11 08:15:48,233 [Worker-18: Launching Lost-and-found (7)] INFO  o.eclipse.m2e.core.internal.Bundles - 	Entry: C:\Users\apoor\.p2\pool\plugins\org.eclipse.m2e.maven.runtime_3.9.900.20250220-2013\jars\wagon-file-3.5.3.jar
2025-11-11 08:15:48,233 [Worker-18: Launching Lost-and-found (7)] INFO  o.eclipse.m2e.core.internal.Bundles - 	Entry: C:\Users\apoor\.p2\pool\plugins\org.eclipse.m2e.maven.runtime_3.9.900.20250220-2013\jars\wagon-http-3.5.3.jar
2025-11-11 08:15:48,233 [Worker-18: Launching Lost-and-found (7)] INFO  o.eclipse.m2e.core.internal.Bundles - 	Entry: C:\Users\apoor\.p2\pool\plugins\org.eclipse.m2e.maven.runtime_3.9.900.20250220-2013\jars\wagon-http-shared-3.5.3.jar
2025-11-11 08:15:48,233 [Worker-18: Launching Lost-and-found (7)] INFO  o.eclipse.m2e.core.internal.Bundles - 	Entry: C:\Users\apoor\.p2\pool\plugins\org.eclipse.m2e.maven.runtime_3.9.900.20250220-2013\jars\wagon-provider-api-3.5.3.jar
2025-11-11 08:15:48,236 [Worker-18: Launching Lost-and-found (7)] INFO  o.eclipse.m2e.core.internal.Bundles - getClasspathEntries(Bundle=com.google.guava_33.4.0.jre [12])
2025-11-11 08:15:48,238 [Worker-18: Launching Lost-and-found (7)] INFO  o.eclipse.m2e.core.internal.Bundles - 	Entry: C:\Users\apoor\.p2\pool\plugins\com.google.guava_33.4.0.jre.jar
2025-11-11 08:15:48,238 [Worker-18: Launching Lost-and-found (7)] INFO  o.eclipse.m2e.core.internal.Bundles - getClasspathEntries(Bundle=slf4j.api_2.0.17 [522])
2025-11-11 08:15:48,238 [Worker-18: Launching Lost-and-found (7)] INFO  o.eclipse.m2e.core.internal.Bundles - 	Entry: C:\Users\apoor\.p2\pool\plugins\slf4j.api_2.0.17.jar
2025-11-11 08:15:48,238 [Worker-18: Launching Lost-and-found (7)] INFO  o.eclipse.m2e.core.internal.Bundles - getClasspathEntries(Bundle=jakarta.inject.jakarta.inject-api_1.0.5 [24])
2025-11-11 08:15:48,239 [Worker-18: Launching Lost-and-found (7)] INFO  o.eclipse.m2e.core.internal.Bundles - 	Entry: C:\Users\apoor\.p2\pool\plugins\jakarta.inject.jakarta.inject-api_1.0.5.jar
2025-11-11 08:15:48,239 [Worker-18: Launching Lost-and-found (7)] INFO  o.eclipse.m2e.core.internal.Bundles - getClasspathEntries(Bundle=jakarta.annotation-api_1.3.5 [22])
2025-11-11 08:15:48,240 [Worker-18: Launching Lost-and-found (7)] INFO  o.eclipse.m2e.core.internal.Bundles - 	Entry: C:\Users\apoor\.p2\pool\plugins\jakarta.annotation-api_1.3.5.jar
2025-11-11 08:15:48,240 [Worker-18: Launching Lost-and-found (7)] INFO  o.eclipse.m2e.core.internal.Bundles - getClasspathEntries(Bundle=org.apache.commons.cli_1.9.0 [48])
2025-11-11 08:15:48,241 [Worker-18: Launching Lost-and-found (7)] INFO  o.eclipse.m2e.core.internal.Bundles - 	Entry: C:\Users\apoor\.p2\pool\plugins\org.apache.commons.cli_1.9.0.jar
2025-11-11 08:15:48,241 [Worker-18: Launching Lost-and-found (7)] INFO  o.eclipse.m2e.core.internal.Bundles - getClasspathEntries(Bundle=org.apache.commons.commons-codec_1.16.0 [49])
2025-11-11 08:15:48,243 [Worker-18: Launching Lost-and-found (7)] INFO  o.eclipse.m2e.core.internal.Bundles - 	Entry: C:\Users\apoor\.p2\pool\plugins\org.apache.commons.commons-codec_1.16.0.jar
2025-11-11 08:15:48,243 [Worker-18: Launching Lost-and-found (7)] INFO  o.eclipse.m2e.core.internal.Bundles - getClasspathEntries(Bundle=com.google.guava.failureaccess_1.0.2 [13])
2025-11-11 08:15:48,244 [Worker-18: Launching Lost-and-found (7)] INFO  o.eclipse.m2e.core.internal.Bundles - 	Entry: C:\Users\apoor\.p2\pool\plugins\com.google.guava.failureaccess_1.0.2.jar
2025-11-11 08:15:48,266 [Worker-18: Launching Lost-and-found (7)] INFO  o.e.m.i.launch.MavenLaunchDelegate - Run build in "C:\Users\apoor\OneDrive\Desktop\Lost_and_found\Lost-and-found":
2025-11-11 08:15:48,266 [Worker-18: Launching Lost-and-found (7)] INFO  o.e.m.i.launch.MavenLaunchDelegate -  mvn  -B -Dstyle.color=always clean install
2025-11-11 08:16:27,186 [Worker-12: Launching Lost-and-found (7)] INFO  o.eclipse.m2e.core.internal.Bundles - getClasspathEntries(Bundle=org.eclipse.m2e.maven.runtime_3.9.900.20250220-2013 [298])
2025-11-11 08:16:27,188 [Worker-12: Launching Lost-and-found (7)] INFO  o.eclipse.m2e.core.internal.Bundles - 	Entry: C:\Users\apoor\.p2\pool\plugins\org.eclipse.m2e.maven.runtime_3.9.900.20250220-2013
2025-11-11 08:16:27,190 [Worker-12: Launching Lost-and-found (7)] INFO  o.eclipse.m2e.core.internal.Bundles - 	Entry: C:\Users\apoor\.p2\pool\plugins\org.eclipse.m2e.maven.runtime_3.9.900.20250220-2013\jars\aopalliance-1.0.jar
2025-11-11 08:16:27,190 [Worker-12: Launching Lost-and-found (7)] INFO  o.eclipse.m2e.core.internal.Bundles - 	Entry: C:\Users\apoor\.p2\pool\plugins\org.eclipse.m2e.maven.runtime_3.9.900.20250220-2013\jars\guice-5.1.0.jar
2025-11-11 08:16:27,190 [Worker-12: Launching Lost-and-found (7)] INFO  o.eclipse.m2e.core.internal.Bundles - 	Entry: C:\Users\apoor\.p2\pool\plugins\org.eclipse.m2e.maven.runtime_3.9.900.20250220-2013\jars\httpclient-4.5.14.jar
2025-11-11 08:16:27,190 [Worker-12: Launching Lost-and-found (7)] INFO  o.eclipse.m2e.core.internal.Bundles - 	Entry: C:\Users\apoor\.p2\pool\plugins\org.eclipse.m2e.maven.runtime_3.9.900.20250220-2013\jars\httpcore-4.4.16.jar
2025-11-11 08:16:27,191 [Worker-12: Launching Lost-and-found (7)] INFO  o.eclipse.m2e.core.internal.Bundles - 	Entry: C:\Users\apoor\.p2\pool\plugins\org.eclipse.m2e.maven.runtime_3.9.900.20250220-2013\jars\jansi-2.4.1.jar
2025-11-11 08:16:27,191 [Worker-12: Launching Lost-and-found (7)] INFO  o.eclipse.m2e.core.internal.Bundles - 	Entry: C:\Users\apoor\.p2\pool\plugins\org.eclipse.m2e.maven.runtime_3.9.900.20250220-2013\jars\jcl-over-slf4j-1.7.36.jar
2025-11-11 08:16:27,191 [Worker-12: Launching Lost-and-found (7)] INFO  o.eclipse.m2e.core.internal.Bundles - 	Entry: C:\Users\apoor\.p2\pool\plugins\org.eclipse.m2e.maven.runtime_3.9.900.20250220-2013\jars\maven-artifact-3.9.9.jar
2025-11-11 08:16:27,192 [Worker-12: Launching Lost-and-found (7)] INFO  o.eclipse.m2e.core.internal.Bundles - 	Entry: C:\Users\apoor\.p2\pool\plugins\org.eclipse.m2e.maven.runtime_3.9.900.20250220-2013\jars\maven-builder-support-3.9.9.jar
2025-11-11 08:16:27,192 [Worker-12: Launching Lost-and-found (7)] INFO  o.eclipse.m2e.core.internal.Bundles - 	Entry: C:\Users\apoor\.p2\pool\plugins\org.eclipse.m2e.maven.runtime_3.9.900.20250220-2013\jars\maven-compat-3.9.9.jar
2025-11-11 08:16:27,192 [Worker-12: Launching Lost-and-found (7)] INFO  o.eclipse.m2e.core.internal.Bundles - 	Entry: C:\Users\apoor\.p2\pool\plugins\org.eclipse.m2e.maven.runtime_3.9.900.20250220-2013\jars\maven-core-3.9.9.jar
2025-11-11 08:16:27,193 [Worker-12: Launching Lost-and-found (7)] INFO  o.eclipse.m2e.core.internal.Bundles - 	Entry: C:\Users\apoor\.p2\pool\plugins\org.eclipse.m2e.maven.runtime_3.9.900.20250220-2013\jars\maven-embedder-3.9.9.jar
2025-11-11 08:16:27,193 [Worker-12: Launching Lost-and-found (7)] INFO  o.eclipse.m2e.core.internal.Bundles - 	Entry: C:\Users\apoor\.p2\pool\plugins\org.eclipse.m2e.maven.runtime_3.9.900.20250220-2013\jars\maven-model-3.9.9.jar
2025-11-11 08:16:27,193 [Worker-12: Launching Lost-and-found (7)] INFO  o.eclipse.m2e.core.internal.Bundles - 	Entry: C:\Users\apoor\.p2\pool\plugins\org.eclipse.m2e.maven.runtime_3.9.900.20250220-2013\jars\maven-model-builder-3.9.9.jar
2025-11-11 08:16:27,194 [Worker-12: Launching Lost-and-found (7)] INFO  o.eclipse.m2e.core.internal.Bundles - 	Entry: C:\Users\apoor\.p2\pool\plugins\org.eclipse.m2e.maven.runtime_3.9.900.20250220-2013\jars\maven-plugin-api-3.9.9.jar
2025-11-11 08:16:27,194 [Worker-12: Launching Lost-and-found (7)] INFO  o.eclipse.m2e.core.internal.Bundles - 	Entry: C:\Users\apoor\.p2\pool\plugins\org.eclipse.m2e.maven.runtime_3.9.900.20250220-2013\jars\maven-repository-metadata-3.9.9.jar
2025-11-11 08:16:27,194 [Worker-12: Launching Lost-and-found (7)] INFO  o.eclipse.m2e.core.internal.Bundles - 	Entry: C:\Users\apoor\.p2\pool\plugins\org.eclipse.m2e.maven.runtime_3.9.900.20250220-2013\jars\maven-resolver-api-1.9.22.jar
2025-11-11 08:16:27,195 [Worker-12: Launching Lost-and-found (7)] INFO  o.eclipse.m2e.core.internal.Bundles - 	Entry: C:\Users\apoor\.p2\pool\plugins\org.eclipse.m2e.maven.runtime_3.9.900.20250220-2013\jars\maven-resolver-connector-basic-1.9.22.jar
2025-11-11 08:16:27,195 [Worker-12: Launching Lost-and-found (7)] INFO  o.eclipse.m2e.core.internal.Bundles - 	Entry: C:\Users\apoor\.p2\pool\plugins\org.eclipse.m2e.maven.runtime_3.9.900.20250220-2013\jars\maven-resolver-impl-1.9.22.jar
2025-11-11 08:16:27,195 [Worker-12: Launching Lost-and-found (7)] INFO  o.eclipse.m2e.core.internal.Bundles - 	Entry: C:\Users\apoor\.p2\pool\plugins\org.eclipse.m2e.maven.runtime_3.9.900.20250220-2013\jars\maven-resolver-named-locks-1.9.22.jar
2025-11-11 08:16:27,196 [Worker-12: Launching Lost-and-found (7)] INFO  o.eclipse.m2e.core.internal.Bundles - 	Entry: C:\Users\apoor\.p2\pool\plugins\org.eclipse.m2e.maven.runtime_3.9.900.20250220-2013\jars\maven-resolver-provider-3.9.9.jar
2025-11-11 08:16:27,196 [Worker-12: Launching Lost-and-found (7)] INFO  o.eclipse.m2e.core.internal.Bundles - 	Entry: C:\Users\apoor\.p2\pool\plugins\org.eclipse.m2e.maven.runtime_3.9.900.20250220-2013\jars\maven-resolver-spi-1.9.22.jar
2025-11-11 08:16:27,196 [Worker-12: Launching Lost-and-found (7)] INFO  o.eclipse.m2e.core.internal.Bundles - 	Entry: C:\Users\apoor\.p2\pool\plugins\org.eclipse.m2e.maven.runtime_3.9.900.20250220-2013\jars\maven-resolver-transport-file-1.9.22.jar
2025-11-11 08:16:27,198 [Worker-12: Launching Lost-and-found (7)] INFO  o.eclipse.m2e.core.internal.Bundles - 	Entry: C:\Users\apoor\.p2\pool\plugins\org.eclipse.m2e.maven.runtime_3.9.900.20250220-2013\jars\maven-resolver-transport-http-1.9.22.jar
2025-11-11 08:16:27,198 [Worker-12: Launching Lost-and-found (7)] INFO  o.eclipse.m2e.core.internal.Bundles - 	Entry: C:\Users\apoor\.p2\pool\plugins\org.eclipse.m2e.maven.runtime_3.9.900.20250220-2013\jars\maven-resolver-transport-wagon-1.9.22.jar
2025-11-11 08:16:27,199 [Worker-12: Launching Lost-and-found (7)] INFO  o.eclipse.m2e.core.internal.Bundles - 	Entry: C:\Users\apoor\.p2\pool\plugins\org.eclipse.m2e.maven.runtime_3.9.900.20250220-2013\jars\maven-resolver-util-1.9.22.jar
2025-11-11 08:16:27,199 [Worker-12: Launching Lost-and-found (7)] INFO  o.eclipse.m2e.core.internal.Bundles - 	Entry: C:\Users\apoor\.p2\pool\plugins\org.eclipse.m2e.maven.runtime_3.9.900.20250220-2013\jars\maven-settings-3.9.9.jar
2025-11-11 08:16:27,199 [Worker-12: Launching Lost-and-found (7)] INFO  o.eclipse.m2e.core.internal.Bundles - 	Entry: C:\Users\apoor\.p2\pool\plugins\org.eclipse.m2e.maven.runtime_3.9.900.20250220-2013\jars\maven-settings-builder-3.9.9.jar
2025-11-11 08:16:27,200 [Worker-12: Launching Lost-and-found (7)] INFO  o.eclipse.m2e.core.internal.Bundles - 	Entry: C:\Users\apoor\.p2\pool\plugins\org.eclipse.m2e.maven.runtime_3.9.900.20250220-2013\jars\maven-shared-utils-3.4.2.jar
2025-11-11 08:16:27,200 [Worker-12: Launching Lost-and-found (7)] INFO  o.eclipse.m2e.core.internal.Bundles - 	Entry: C:\Users\apoor\.p2\pool\plugins\org.eclipse.m2e.maven.runtime_3.9.900.20250220-2013\jars\org.eclipse.sisu.inject-0.9.0.M3.jar
2025-11-11 08:16:27,200 [Worker-12: Launching Lost-and-found (7)] INFO  o.eclipse.m2e.core.internal.Bundles - 	Entry: C:\Users\apoor\.p2\pool\plugins\org.eclipse.m2e.maven.runtime_3.9.900.20250220-2013\jars\org.eclipse.sisu.plexus-0.9.0.M3.jar
2025-11-11 08:16:27,201 [Worker-12: Launching Lost-and-found (7)] INFO  o.eclipse.m2e.core.internal.Bundles - 	Entry: C:\Users\apoor\.p2\pool\plugins\org.eclipse.m2e.maven.runtime_3.9.900.20250220-2013\jars\plexus-build-api-0.0.7.jar
2025-11-11 08:16:27,201 [Worker-12: Launching Lost-and-found (7)] INFO  o.eclipse.m2e.core.internal.Bundles - 	Entry: C:\Users\apoor\.p2\pool\plugins\org.eclipse.m2e.maven.runtime_3.9.900.20250220-2013\jars\plexus-build-api-1.2.0.jar
2025-11-11 08:16:27,201 [Worker-12: Launching Lost-and-found (7)] INFO  o.eclipse.m2e.core.internal.Bundles - 	Entry: C:\Users\apoor\.p2\pool\plugins\org.eclipse.m2e.maven.runtime_3.9.900.20250220-2013\jars\plexus-cipher-2.0.jar
2025-11-11 08:16:27,202 [Worker-12: Launching Lost-and-found (7)] INFO  o.eclipse.m2e.core.internal.Bundles - 	Entry: C:\Users\apoor\.p2\pool\plugins\org.eclipse.m2e.maven.runtime_3.9.900.20250220-2013\jars\plexus-classworlds-2.8.0.jar
2025-11-11 08:16:27,202 [Worker-12: Launching Lost-and-found (7)] INFO  o.eclipse.m2e.core.internal.Bundles - 	Entry: C:\Users\apoor\.p2\pool\plugins\org.eclipse.m2e.maven.runtime_3.9.900.20250220-2013\jars\plexus-component-annotations-2.1.0.jar
2025-11-11 08:16:27,203 [Worker-12: Launching Lost-and-found (7)] INFO  o.eclipse.m2e.core.internal.Bundles - 	Entry: C:\Users\apoor\.p2\pool\plugins\org.eclipse.m2e.maven.runtime_3.9.900.20250220-2013\jars\plexus-interpolation-1.27.jar
2025-11-11 08:16:27,203 [Worker-12: Launching Lost-and-found (7)] INFO  o.eclipse.m2e.core.internal.Bundles - 	Entry: C:\Users\apoor\.p2\pool\plugins\org.eclipse.m2e.maven.runtime_3.9.900.20250220-2013\jars\plexus-sec-dispatcher-2.0.jar
2025-11-11 08:16:27,204 [Worker-12: Launching Lost-and-found (7)] INFO  o.eclipse.m2e.core.internal.Bundles - 	Entry: C:\Users\apoor\.p2\pool\plugins\org.eclipse.m2e.maven.runtime_3.9.900.20250220-2013\jars\plexus-utils-3.5.1.jar
2025-11-11 08:16:27,205 [Worker-12: Launching Lost-and-found (7)] INFO  o.eclipse.m2e.core.internal.Bundles - 	Entry: C:\Users\apoor\.p2\pool\plugins\org.eclipse.m2e.maven.runtime_3.9.900.20250220-2013\jars\plexus-xml-3.0.1.jar
2025-11-11 08:16:27,206 [Worker-12: Launching Lost-and-found (7)] INFO  o.eclipse.m2e.core.internal.Bundles - 	Entry: C:\Users\apoor\.p2\pool\plugins\org.eclipse.m2e.maven.runtime_3.9.900.20250220-2013\jars\wagon-file-3.5.3.jar
2025-11-11 08:16:27,207 [Worker-12: Launching Lost-and-found (7)] INFO  o.eclipse.m2e.core.internal.Bundles - 	Entry: C:\Users\apoor\.p2\pool\plugins\org.eclipse.m2e.maven.runtime_3.9.900.20250220-2013\jars\wagon-http-3.5.3.jar
2025-11-11 08:16:27,207 [Worker-12: Launching Lost-and-found (7)] INFO  o.eclipse.m2e.core.internal.Bundles - 	Entry: C:\Users\apoor\.p2\pool\plugins\org.eclipse.m2e.maven.runtime_3.9.900.20250220-2013\jars\wagon-http-shared-3.5.3.jar
2025-11-11 08:16:27,208 [Worker-12: Launching Lost-and-found (7)] INFO  o.eclipse.m2e.core.internal.Bundles - 	Entry: C:\Users\apoor\.p2\pool\plugins\org.eclipse.m2e.maven.runtime_3.9.900.20250220-2013\jars\wagon-provider-api-3.5.3.jar
2025-11-11 08:16:27,208 [Worker-12: Launching Lost-and-found (7)] INFO  o.eclipse.m2e.core.internal.Bundles - getClasspathEntries(Bundle=com.google.guava_33.4.0.jre [12])
2025-11-11 08:16:27,208 [Worker-12: Launching Lost-and-found (7)] INFO  o.eclipse.m2e.core.internal.Bundles - 	Entry: C:\Users\apoor\.p2\pool\plugins\com.google.guava_33.4.0.jre.jar
2025-11-11 08:16:27,209 [Worker-12: Launching Lost-and-found (7)] INFO  o.eclipse.m2e.core.internal.Bundles - getClasspathEntries(Bundle=slf4j.api_2.0.17 [522])
2025-11-11 08:16:27,209 [Worker-12: Launching Lost-and-found (7)] INFO  o.eclipse.m2e.core.internal.Bundles - 	Entry: C:\Users\apoor\.p2\pool\plugins\slf4j.api_2.0.17.jar
2025-11-11 08:16:27,209 [Worker-12: Launching Lost-and-found (7)] INFO  o.eclipse.m2e.core.internal.Bundles - getClasspathEntries(Bundle=jakarta.inject.jakarta.inject-api_1.0.5 [24])
2025-11-11 08:16:27,210 [Worker-12: Launching Lost-and-found (7)] INFO  o.eclipse.m2e.core.internal.Bundles - 	Entry: C:\Users\apoor\.p2\pool\plugins\jakarta.inject.jakarta.inject-api_1.0.5.jar
2025-11-11 08:16:27,210 [Worker-12: Launching Lost-and-found (7)] INFO  o.eclipse.m2e.core.internal.Bundles - getClasspathEntries(Bundle=jakarta.annotation-api_1.3.5 [22])
2025-11-11 08:16:27,212 [Worker-12: Launching Lost-and-found (7)] INFO  o.eclipse.m2e.core.internal.Bundles - 	Entry: C:\Users\apoor\.p2\pool\plugins\jakarta.annotation-api_1.3.5.jar
2025-11-11 08:16:27,212 [Worker-12: Launching Lost-and-found (7)] INFO  o.eclipse.m2e.core.internal.Bundles - getClasspathEntries(Bundle=org.apache.commons.cli_1.9.0 [48])
2025-11-11 08:16:27,213 [Worker-12: Launching Lost-and-found (7)] INFO  o.eclipse.m2e.core.internal.Bundles - 	Entry: C:\Users\apoor\.p2\pool\plugins\org.apache.commons.cli_1.9.0.jar
2025-11-11 08:16:27,213 [Worker-12: Launching Lost-and-found (7)] INFO  o.eclipse.m2e.core.internal.Bundles - getClasspathEntries(Bundle=org.apache.commons.commons-codec_1.16.0 [49])
2025-11-11 08:16:27,214 [Worker-12: Launching Lost-and-found (7)] INFO  o.eclipse.m2e.core.internal.Bundles - 	Entry: C:\Users\apoor\.p2\pool\plugins\org.apache.commons.commons-codec_1.16.0.jar
2025-11-11 08:16:27,214 [Worker-12: Launching Lost-and-found (7)] INFO  o.eclipse.m2e.core.internal.Bundles - getClasspathEntries(Bundle=com.google.guava.failureaccess_1.0.2 [13])
2025-11-11 08:16:27,215 [Worker-12: Launching Lost-and-found (7)] INFO  o.eclipse.m2e.core.internal.Bundles - 	Entry: C:\Users\apoor\.p2\pool\plugins\com.google.guava.failureaccess_1.0.2.jar
2025-11-11 08:16:27,221 [Worker-12: Launching Lost-and-found (7)] INFO  o.e.m.i.launch.MavenLaunchDelegate - Run build in "C:\Users\apoor\OneDrive\Desktop\Lost_and_found\Lost-and-found":
2025-11-11 08:16:27,221 [Worker-12: Launching Lost-and-found (7)] INFO  o.e.m.i.launch.MavenLaunchDelegate -  mvn  -B -Dstyle.color=always clean install
2025-11-11 08:31:06,510 [Worker-17: Building] INFO  o.a.m.s.f.DefaultMavenResourcesFiltering - Copying 1 resource from src\main\resources to target\classes
2025-11-11 08:31:06,609 [Worker-17: Building] INFO  o.a.m.s.f.DefaultMavenResourcesFiltering - Copying 0 resource from src\main\resources to target\classes
2025-11-11 08:31:06,617 [Worker-17: Building] INFO  o.a.m.s.f.DefaultMavenResourcesFiltering - skip non existing resourceDirectory C:\Users\apoor\OneDrive\Desktop\Lost_and_found\Lost-and-found\src\test\resources
2025-11-11 08:31:18,437 [Worker-23: Building] INFO  o.a.m.s.f.DefaultMavenResourcesFiltering - Copying 1 resource from src\main\resources to target\classes
2025-11-11 08:31:18,592 [Worker-23: Building] INFO  o.a.m.s.f.DefaultMavenResourcesFiltering - Copying 0 resource from src\main\resources to target\classes
2025-11-11 08:31:18,601 [Worker-23: Building] INFO  o.a.m.s.f.DefaultMavenResourcesFiltering - skip non existing resourceDirectory C:\Users\apoor\OneDrive\Desktop\Lost_and_found\Lost-and-found\src\test\resources
2025-11-11 08:31:50,348 [Worker-25: Building] INFO  o.a.m.s.f.DefaultMavenResourcesFiltering - Copying 1 resource from src\main\resources to target\classes
2025-11-11 08:31:50,366 [Worker-25: Building] INFO  o.a.m.s.f.DefaultMavenResourcesFiltering - Copying 0 resource from src\main\resources to target\classes
2025-11-11 08:31:50,371 [Worker-25: Building] INFO  o.a.m.s.f.DefaultMavenResourcesFiltering - skip non existing resourceDirectory C:\Users\apoor\OneDrive\Desktop\Lost_and_found\Lost-and-found\src\test\resources
2025-11-12 21:39:26,569 [Worker-49: Building] INFO  o.a.m.s.f.DefaultMavenResourcesFiltering - Copying 1 resource from src\main\resources to target\classes
2025-11-12 21:39:26,612 [Worker-49: Building] INFO  o.a.m.s.f.DefaultMavenResourcesFiltering - Copying 0 resource from src\main\resources to target\classes
2025-11-12 21:39:26,622 [Worker-49: Building] INFO  o.a.m.s.f.DefaultMavenResourcesFiltering - skip non existing resourceDirectory C:\Users\apoor\OneDrive\Desktop\Lost_and_found\Lost-and-found\src\test\resources
2025-11-14 08:52:15,870 [Worker-5: Loading available Gradle versions] INFO  o.e.b.c.i.u.g.PublishedGradleVersions - Gradle version information cache is out-of-date. Trying to update.
2025-11-14 17:27:26,607 [Worker-26: Building] INFO  o.a.m.s.f.DefaultMavenResourcesFiltering - Copying 1 resource from src\main\resources to target\classes
2025-11-14 17:27:26,655 [Worker-26: Building] INFO  o.a.m.s.f.DefaultMavenResourcesFiltering - Copying 0 resource from src\main\resources to target\classes
2025-11-14 17:27:26,663 [Worker-26: Building] INFO  o.a.m.s.f.DefaultMavenResourcesFiltering - skip non existing resourceDirectory C:\Users\apoor\OneDrive\Desktop\Lost_and_found\Lost-and-found\src\test\resources
2025-11-14 17:28:25,557 [Worker-23: Building] INFO  o.a.m.s.f.DefaultMavenResourcesFiltering - Copying 1 resource from src\main\resources to target\classes
2025-11-14 17:28:25,571 [Worker-23: Building] INFO  o.a.m.s.f.DefaultMavenResourcesFiltering - Copying 0 resource from src\main\resources to target\classes
2025-11-14 17:28:25,578 [Worker-23: Building] INFO  o.a.m.s.f.DefaultMavenResourcesFiltering - skip non existing resourceDirectory C:\Users\apoor\OneDrive\Desktop\Lost_and_found\Lost-and-found\src\test\resources
2025-11-14 17:38:29,270 [Worker-35: Building] INFO  o.a.m.s.f.DefaultMavenResourcesFiltering - Copying 1 resource from src\main\resources to target\classes
2025-11-14 17:38:29,289 [Worker-35: Building] INFO  o.a.m.s.f.DefaultMavenResourcesFiltering - Copying 0 resource from src\main\resources to target\classes
2025-11-14 17:38:29,299 [Worker-35: Building] INFO  o.a.m.s.f.DefaultMavenResourcesFiltering - skip non existing resourceDirectory C:\Users\apoor\OneDrive\Desktop\Lost_and_found\Lost-and-found\src\test\resources
2025-11-14 17:38:45,795 [Worker-35: Building] INFO  o.a.m.s.f.DefaultMavenResourcesFiltering - Copying 1 resource from src\main\resources to target\classes
2025-11-14 17:38:45,808 [Worker-35: Building] INFO  o.a.m.s.f.DefaultMavenResourcesFiltering - Copying 0 resource from src\main\resources to target\classes
2025-11-14 17:38:45,815 [Worker-35: Building] INFO  o.a.m.s.f.DefaultMavenResourcesFiltering - skip non existing resourceDirectory C:\Users\apoor\OneDrive\Desktop\Lost_and_found\Lost-and-found\src\test\resources
2025-11-14 17:57:46,065 [Worker-32: Building] INFO  o.a.m.s.f.DefaultMavenResourcesFiltering - Copying 1 resource from src\main\resources to target\classes
2025-11-14 17:57:46,100 [Worker-32: Building] INFO  o.a.m.s.f.DefaultMavenResourcesFiltering - Copying 0 resource from src\main\resources to target\classes
2025-11-14 17:57:46,110 [Worker-32: Building] INFO  o.a.m.s.f.DefaultMavenResourcesFiltering - skip non existing resourceDirectory C:\Users\apoor\OneDrive\Desktop\Lost_and_found\Lost-and-found\src\test\resources
2025-11-14 17:57:48,013 [Worker-42: Building] INFO  o.a.m.s.f.DefaultMavenResourcesFiltering - Copying 1 resource from src\main\resources to target\classes
2025-11-14 17:57:48,026 [Worker-42: Building] INFO  o.a.m.s.f.DefaultMavenResourcesFiltering - Copying 0 resource from src\main\resources to target\classes
2025-11-14 17:57:48,034 [Worker-42: Building] INFO  o.a.m.s.f.DefaultMavenResourcesFiltering - skip non existing resourceDirectory C:\Users\apoor\OneDrive\Desktop\Lost_and_found\Lost-and-found\src\test\resources
2025-11-14 23:26:19,985 [Worker-89: Building] INFO  o.a.m.s.f.DefaultMavenResourcesFiltering - Copying 1 resource from src\main\resources to target\classes
2025-11-14 23:26:20,069 [Worker-89: Building] INFO  o.a.m.s.f.DefaultMavenResourcesFiltering - Copying 0 resource from src\main\resources to target\classes
2025-11-14 23:26:20,082 [Worker-89: Building] INFO  o.a.m.s.f.DefaultMavenResourcesFiltering - skip non existing resourceDirectory C:\Users\apoor\OneDrive\Desktop\Lost_and_found\Lost-and-found\src\test\resources
2025-11-14 23:26:53,638 [Worker-89: Building] INFO  o.a.m.s.f.DefaultMavenResourcesFiltering - Copying 0 resource from src\main\resources to target\classes
2025-11-14 23:26:53,640 [Worker-89: Building] INFO  o.a.m.s.f.DefaultMavenResourcesFiltering - Copying 0 resource from src\main\resources to target\classes
2025-11-14 23:26:53,646 [Worker-89: Building] INFO  o.a.m.s.f.DefaultMavenResourcesFiltering - skip non existing resourceDirectory C:\Users\apoor\OneDrive\Desktop\Lost_and_found\Lost-and-found\src\test\resources
2025-11-14 23:28:47,432 [Worker-93: Building] INFO  o.a.m.s.f.DefaultMavenResourcesFiltering - Copying 1 resource from src\main\resources to target\classes
2025-11-14 23:28:47,536 [Worker-93: Building] INFO  o.a.m.s.f.DefaultMavenResourcesFiltering - Copying 0 resource from src\main\resources to target\classes
2025-11-14 23:28:47,544 [Worker-93: Building] INFO  o.a.m.s.f.DefaultMavenResourcesFiltering - skip non existing resourceDirectory C:\Users\apoor\OneDrive\Desktop\Lost_and_found\Lost-and-found\src\test\resources
2025-11-14 23:31:01,120 [Worker-97: Building] INFO  o.a.m.s.f.DefaultMavenResourcesFiltering - Copying 1 resource from src\main\resources to target\classes
2025-11-14 23:31:01,154 [Worker-97: Building] INFO  o.a.m.s.f.DefaultMavenResourcesFiltering - Copying 0 resource from src\main\resources to target\classes
2025-11-14 23:31:01,167 [Worker-97: Building] INFO  o.a.m.s.f.DefaultMavenResourcesFiltering - skip non existing resourceDirectory C:\Users\apoor\OneDrive\Desktop\Lost_and_found\Lost-and-found\src\test\resources
2025-11-15 08:59:21,362 [Worker-99: Building] INFO  o.a.m.s.f.DefaultMavenResourcesFiltering - Copying 1 resource from src\main\resources to target\classes
2025-11-15 08:59:21,539 [Worker-99: Building] INFO  o.a.m.s.f.DefaultMavenResourcesFiltering - Copying 0 resource from src\main\resources to target\classes
2025-11-15 08:59:21,575 [Worker-99: Building] INFO  o.a.m.s.f.DefaultMavenResourcesFiltering - skip non existing resourceDirectory C:\Users\apoor\OneDrive\Desktop\Lost_and_found\Lost-and-found\src\test\resources
2025-11-15 08:59:29,346 [Worker-100: Building] INFO  o.a.m.s.f.DefaultMavenResourcesFiltering - Copying 1 resource from src\main\resources to target\classes
2025-11-15 08:59:29,763 [Worker-100: Building] INFO  o.a.m.s.f.DefaultMavenResourcesFiltering - Copying 0 resource from src\main\resources to target\classes
2025-11-15 08:59:29,799 [Worker-100: Building] INFO  o.a.m.s.f.DefaultMavenResourcesFiltering - skip non existing resourceDirectory C:\Users\apoor\OneDrive\Desktop\Lost_and_found\Lost-and-found\src\test\resources
2025-11-15 10:02:42,518 [Worker-105: Building] INFO  o.a.m.s.f.DefaultMavenResourcesFiltering - Copying 1 resource from src\main\resources to target\classes
2025-11-15 10:02:42,623 [Worker-105: Building] INFO  o.a.m.s.f.DefaultMavenResourcesFiltering - Copying 0 resource from src\main\resources to target\classes
2025-11-15 10:02:42,636 [Worker-105: Building] INFO  o.a.m.s.f.DefaultMavenResourcesFiltering - skip non existing resourceDirectory C:\Users\apoor\OneDrive\Desktop\Lost_and_found\Lost-and-found\src\test\resources
2025-11-15 10:02:44,991 [Worker-109: Building] INFO  o.a.m.s.f.DefaultMavenResourcesFiltering - Copying 1 resource from src\main\resources to target\classes
2025-11-15 10:02:45,069 [Worker-109: Building] INFO  o.a.m.s.f.DefaultMavenResourcesFiltering - Copying 0 resource from src\main\resources to target\classes
2025-11-15 10:02:45,080 [Worker-109: Building] INFO  o.a.m.s.f.DefaultMavenResourcesFiltering - skip non existing resourceDirectory C:\Users\apoor\OneDrive\Desktop\Lost_and_found\Lost-and-found\src\test\resources
2025-11-15 10:03:18,037 [Worker-109: Building] INFO  o.a.m.s.f.DefaultMavenResourcesFiltering - Copying 1 resource from src\main\resources to target\classes
2025-11-15 10:03:18,603 [Worker-109: Building] INFO  o.a.m.s.f.DefaultMavenResourcesFiltering - Copying 0 resource from src\main\resources to target\classes
2025-11-15 10:03:18,614 [Worker-109: Building] INFO  o.a.m.s.f.DefaultMavenResourcesFiltering - skip non existing resourceDirectory C:\Users\apoor\OneDrive\Desktop\Lost_and_found\Lost-and-found\src\test\resources
2025-11-15 10:03:37,712 [Worker-113: Building] INFO  o.a.m.s.f.DefaultMavenResourcesFiltering - Copying 1 resource from src\main\resources to target\classes
2025-11-15 10:03:37,772 [Worker-113: Building] INFO  o.a.m.s.f.DefaultMavenResourcesFiltering - Copying 0 resource from src\main\resources to target\classes
2025-11-15 10:03:37,787 [Worker-113: Building] INFO  o.a.m.s.f.DefaultMavenResourcesFiltering - skip non existing resourceDirectory C:\Users\apoor\OneDrive\Desktop\Lost_and_found\Lost-and-found\src\test\resources
2025-11-15 10:03:40,343 [Worker-111: Building] INFO  o.a.m.s.f.DefaultMavenResourcesFiltering - Copying 1 resource from src\main\resources to target\classes
2025-11-15 10:03:40,372 [Worker-111: Building] INFO  o.a.m.s.f.DefaultMavenResourcesFiltering - Copying 0 resource from src\main\resources to target\classes
2025-11-15 10:03:40,385 [Worker-111: Building] INFO  o.a.m.s.f.DefaultMavenResourcesFiltering - skip non existing resourceDirectory C:\Users\apoor\OneDrive\Desktop\Lost_and_found\Lost-and-found\src\test\resources
2025-11-15 10:06:16,164 [Worker-112: Building] INFO  o.a.m.s.f.DefaultMavenResourcesFiltering - Copying 1 resource from src\main\resources to target\classes
2025-11-15 10:06:16,198 [Worker-112: Building] INFO  o.a.m.s.f.DefaultMavenResourcesFiltering - Copying 0 resource from src\main\resources to target\classes
2025-11-15 10:06:16,210 [Worker-112: Building] INFO  o.a.m.s.f.DefaultMavenResourcesFiltering - skip non existing resourceDirectory C:\Users\apoor\OneDrive\Desktop\Lost_and_found\Lost-and-found\src\test\resources
2025-11-16 18:10:15,591 [Worker-171: Building] INFO  o.a.m.s.f.DefaultMavenResourcesFiltering - Copying 1 resource from src\main\resources to target\classes
2025-11-16 18:10:16,030 [Worker-171: Building] INFO  o.a.m.s.f.DefaultMavenResourcesFiltering - Copying 0 resource from src\main\resources to target\classes
2025-11-16 18:10:16,045 [Worker-171: Building] INFO  o.a.m.s.f.DefaultMavenResourcesFiltering - skip non existing resourceDirectory C:\Users\apoor\OneDrive\Desktop\Lost_and_found\Lost-and-found\src\test\resources
2025-11-16 18:41:26,679 [Worker-185: Building] INFO  o.a.m.s.f.DefaultMavenResourcesFiltering - Copying 1 resource from src\main\resources to target\classes
2025-11-16 18:41:26,723 [Worker-185: Building] INFO  o.a.m.s.f.DefaultMavenResourcesFiltering - Copying 0 resource from src\main\resources to target\classes
2025-11-16 18:41:26,734 [Worker-185: Building] INFO  o.a.m.s.f.DefaultMavenResourcesFiltering - skip non existing resourceDirectory C:\Users\apoor\OneDrive\Desktop\Lost_and_found\Lost-and-found\src\test\resources
2025-11-16 18:54:35,223 [Worker-188: Building] INFO  o.a.m.s.f.DefaultMavenResourcesFiltering - Copying 1 resource from src\main\resources to target\classes
2025-11-16 18:54:35,413 [Worker-188: Building] INFO  o.a.m.s.f.DefaultMavenResourcesFiltering - Copying 0 resource from src\main\resources to target\classes
2025-11-16 18:54:35,419 [Worker-188: Building] INFO  o.a.m.s.f.DefaultMavenResourcesFiltering - skip non existing resourceDirectory C:\Users\apoor\OneDrive\Desktop\Lost_and_found\Lost-and-found\src\test\resources
2025-11-16 18:55:53,540 [Worker-188: Building] INFO  o.a.m.s.f.DefaultMavenResourcesFiltering - Copying 1 resource from src\main\resources to target\classes
2025-11-16 18:55:53,553 [Worker-188: Building] INFO  o.a.m.s.f.DefaultMavenResourcesFiltering - Copying 0 resource from src\main\resources to target\classes
2025-11-16 18:55:53,560 [Worker-188: Building] INFO  o.a.m.s.f.DefaultMavenResourcesFiltering - skip non existing resourceDirectory C:\Users\apoor\OneDrive\Desktop\Lost_and_found\Lost-and-found\src\test\resources
2025-11-16 18:56:07,072 [Worker-183: Building] INFO  o.a.m.s.f.DefaultMavenResourcesFiltering - Copying 1 resource from src\main\resources to target\classes
2025-11-16 18:56:07,104 [Worker-183: Building] INFO  o.a.m.s.f.DefaultMavenResourcesFiltering - Copying 0 resource from src\main\resources to target\classes
2025-11-16 18:56:07,113 [Worker-183: Building] INFO  o.a.m.s.f.DefaultMavenResourcesFiltering - skip non existing resourceDirectory C:\Users\apoor\OneDrive\Desktop\Lost_and_found\Lost-and-found\src\test\resources
2025-11-16 18:56:14,925 [Worker-185: Building] INFO  o.a.m.s.f.DefaultMavenResourcesFiltering - Copying 1 resource from src\main\resources to target\classes
2025-11-16 18:56:15,146 [Worker-185: Building] INFO  o.a.m.s.f.DefaultMavenResourcesFiltering - Copying 0 resource from src\main\resources to target\classes
2025-11-16 18:56:15,177 [Worker-185: Building] INFO  o.a.m.s.f.DefaultMavenResourcesFiltering - skip non existing resourceDirectory C:\Users\apoor\OneDrive\Desktop\Lost_and_found\Lost-and-found\src\test\resources
2025-11-16 19:24:00,838 [Worker-183: Building] INFO  o.a.m.s.f.DefaultMavenResourcesFiltering - Copying 1 resource from src\main\resources to target\classes
2025-11-16 19:24:01,038 [Worker-183: Building] INFO  o.a.m.s.f.DefaultMavenResourcesFiltering - Copying 0 resource from src\main\resources to target\classes
2025-11-16 19:24:01,048 [Worker-183: Building] INFO  o.a.m.s.f.DefaultMavenResourcesFiltering - skip non existing resourceDirectory C:\Users\apoor\OneDrive\Desktop\Lost_and_found\Lost-and-found\src\test\resources
2025-11-16 19:24:14,993 [Worker-190: Building] INFO  o.a.m.s.f.DefaultMavenResourcesFiltering - Copying 1 resource from src\main\resources to target\classes
2025-11-16 19:24:15,062 [Worker-190: Building] INFO  o.a.m.s.f.DefaultMavenResourcesFiltering - Copying 0 resource from src\main\resources to target\classes
2025-11-16 19:24:15,068 [Worker-190: Building] INFO  o.a.m.s.f.DefaultMavenResourcesFiltering - skip non existing resourceDirectory C:\Users\apoor\OneDrive\Desktop\Lost_and_found\Lost-and-found\src\test\resources
2025-11-16 19:57:03,916 [Worker-198: Building] INFO  o.a.m.s.f.DefaultMavenResourcesFiltering - Copying 1 resource from src\main\resources to target\classes
2025-11-16 19:57:04,024 [Worker-198: Building] INFO  o.a.m.s.f.DefaultMavenResourcesFiltering - Copying 0 resource from src\main\resources to target\classes
2025-11-16 19:57:04,033 [Worker-198: Building] INFO  o.a.m.s.f.DefaultMavenResourcesFiltering - skip non existing resourceDirectory C:\Users\apoor\OneDrive\Desktop\Lost_and_found\Lost-and-found\src\test\resources
2025-11-16 19:57:20,423 [Worker-200: Building] INFO  o.a.m.s.f.DefaultMavenResourcesFiltering - Copying 1 resource from src\main\resources to target\classes
2025-11-16 19:57:20,491 [Worker-200: Building] INFO  o.a.m.s.f.DefaultMavenResourcesFiltering - Copying 0 resource from src\main\resources to target\classes
2025-11-16 19:57:20,501 [Worker-200: Building] INFO  o.a.m.s.f.DefaultMavenResourcesFiltering - skip non existing resourceDirectory C:\Users\apoor\OneDrive\Desktop\Lost_and_found\Lost-and-found\src\test\resources
2025-11-16 20:02:38,666 [Worker-197: Building] INFO  o.a.m.s.f.DefaultMavenResourcesFiltering - Copying 1 resource from src\main\resources to target\classes
2025-11-16 20:02:38,716 [Worker-197: Building] INFO  o.a.m.s.f.DefaultMavenResourcesFiltering - Copying 0 resource from src\main\resources to target\classes
2025-11-16 20:02:38,723 [Worker-197: Building] INFO  o.a.m.s.f.DefaultMavenResourcesFiltering - skip non existing resourceDirectory C:\Users\apoor\OneDrive\Desktop\Lost_and_found\Lost-and-found\src\test\resources
2025-11-16 20:03:07,262 [Worker-197: Building] INFO  o.a.m.s.f.DefaultMavenResourcesFiltering - Copying 1 resource from src\main\resources to target\classes
2025-11-16 20:03:07,279 [Worker-197: Building] INFO  o.a.m.s.f.DefaultMavenResourcesFiltering - Copying 0 resource from src\main\resources to target\classes
2025-11-16 20:03:07,285 [Worker-197: Building] INFO  o.a.m.s.f.DefaultMavenResourcesFiltering - skip non existing resourceDirectory C:\Users\apoor\OneDrive\Desktop\Lost_and_found\Lost-and-found\src\test\resources
2025-11-16 20:45:35,898 [Worker-205: Building] INFO  o.a.m.s.f.DefaultMavenResourcesFiltering - Copying 1 resource from src\main\resources to target\classes
2025-11-16 20:45:36,088 [Worker-205: Building] INFO  o.a.m.s.f.DefaultMavenResourcesFiltering - Copying 0 resource from src\main\resources to target\classes
2025-11-16 20:45:36,095 [Worker-205: Building] INFO  o.a.m.s.f.DefaultMavenResourcesFiltering - skip non existing resourceDirectory C:\Users\apoor\OneDrive\Desktop\Lost_and_found\Lost-and-found\src\test\resources
2025-11-17 20:38:42,019 [Worker-0: Loading available Gradle versions] INFO  o.e.b.c.i.u.g.PublishedGradleVersions - Gradle version information cache is out-of-date. Trying to update.
2025-11-18 08:09:27,984 [Worker-5: Loading available Gradle versions] INFO  o.e.b.c.i.u.g.PublishedGradleVersions - Gradle version information cache is up-to-date. Trying to read.
2025-11-18 09:18:10,351 [Worker-8: Loading available Gradle versions] INFO  o.e.b.c.i.u.g.PublishedGradleVersions - Gradle version information cache is up-to-date. Trying to read.
2025-11-18 09:20:29,184 [Worker-1: Building] INFO  o.a.m.s.f.DefaultMavenResourcesFiltering - Copying 1 resource from src\main\resources to target\classes
2025-11-18 09:20:29,226 [Worker-1: Building] INFO  o.a.m.s.f.DefaultMavenResourcesFiltering - Copying 0 resource from src\main\resources to target\classes
2025-11-18 09:20:29,240 [Worker-1: Building] INFO  o.a.m.s.f.DefaultMavenResourcesFiltering - skip non existing resourceDirectory C:\Users\apoor\OneDrive\Desktop\Lost_and_found\Lost-and-found\src\test\resources
2025-11-18 21:53:03,812 [Worker-7: Loading available Gradle versions] INFO  o.e.b.c.i.u.g.PublishedGradleVersions - Gradle version information cache is out-of-date. Trying to update.
2025-11-18 22:05:02,818 [Worker-16: Building] INFO  o.a.m.s.f.DefaultMavenResourcesFiltering - Copying 1 resource from src\main\resources to target\classes
2025-11-18 22:05:03,472 [Worker-16: Building] INFO  o.a.m.s.f.DefaultMavenResourcesFiltering - Copying 0 resource from src\main\resources to target\classes
2025-11-18 22:05:03,555 [Worker-16: Building] INFO  o.a.m.s.f.DefaultMavenResourcesFiltering - skip non existing resourceDirectory C:\Users\apoor\OneDrive\Desktop\Lost_and_found\Lost-and-found\src\test\resources
2025-11-19 19:26:44,724 [Worker-0: Loading available Gradle versions] INFO  o.e.b.c.i.u.g.PublishedGradleVersions - Gradle version information cache is up-to-date. Trying to read.
2025-11-19 20:34:34,423 [Worker-3: Loading available Gradle versions] INFO  o.e.b.c.i.u.g.PublishedGradleVersions - Gradle version information cache is up-to-date. Trying to read.
2025-11-19 20:56:51,662 [Worker-4: Loading available Gradle versions] INFO  o.e.b.c.i.u.g.PublishedGradleVersions - Gradle version information cache is up-to-date. Trying to read.
2025-11-19 20:59:45,210 [Worker-10: Launching LostandfoundApplication] INFO  o.a.m.s.f.DefaultMavenResourcesFiltering - Copying 1 resource from src\main\resources to target\classes
2025-11-19 20:59:45,246 [Worker-10: Launching LostandfoundApplication] INFO  o.a.m.s.f.DefaultMavenResourcesFiltering - Copying 0 resource from src\main\resources to target\classes
2025-11-19 20:59:45,256 [Worker-10: Launching LostandfoundApplication] INFO  o.a.m.s.f.DefaultMavenResourcesFiltering - skip non existing resourceDirectory C:\Users\apoor\OneDrive\Desktop\Lost_and_found\Lost-and-found\src\test\resources
2025-11-19 22:52:43,135 [Worker-25: Building] INFO  o.a.m.s.f.DefaultMavenResourcesFiltering - Copying 1 resource from src\main\resources to target\classes
2025-11-19 22:52:43,240 [Worker-25: Building] INFO  o.a.m.s.f.DefaultMavenResourcesFiltering - Copying 0 resource from src\main\resources to target\classes
2025-11-19 22:52:43,252 [Worker-25: Building] INFO  o.a.m.s.f.DefaultMavenResourcesFiltering - skip non existing resourceDirectory C:\Users\apoor\OneDrive\Desktop\Lost_and_found\Lost-and-found\src\test\resources
2025-11-19 22:57:58,405 [Worker-43: Building] INFO  o.a.m.s.f.DefaultMavenResourcesFiltering - Copying 1 resource from src\main\resources to target\classes
2025-11-19 22:57:58,605 [Worker-43: Building] INFO  o.a.m.s.f.DefaultMavenResourcesFiltering - Copying 0 resource from src\main\resources to target\classes
2025-11-19 22:57:58,622 [Worker-43: Building] INFO  o.a.m.s.f.DefaultMavenResourcesFiltering - skip non existing resourceDirectory C:\Users\apoor\OneDrive\Desktop\Lost_and_found\Lost-and-found\src\test\resources
2025-11-20 00:06:21,771 [Worker-44: Launching LostandfoundApplication] INFO  o.a.m.s.f.DefaultMavenResourcesFiltering - Copying 1 resource from src\main\resources to target\classes
2025-11-20 00:06:21,889 [Worker-44: Launching LostandfoundApplication] INFO  o.a.m.s.f.DefaultMavenResourcesFiltering - Copying 0 resource from src\main\resources to target\classes
2025-11-20 00:06:21,909 [Worker-44: Launching LostandfoundApplication] INFO  o.a.m.s.f.DefaultMavenResourcesFiltering - skip non existing resourceDirectory C:\Users\apoor\OneDrive\Desktop\Lost_and_found\Lost-and-found\src\test\resources
2025-11-20 00:08:20,918 [Worker-40: Building] INFO  o.e.m.c.i.l.LifecycleMappingFactory - Using org.eclipse.m2e.jdt.JarLifecycleMapping lifecycle mapping for MavenProject: com.example:lostandfound:0.0.1-SNAPSHOT @ C:\Users\apoor\OneDrive\Desktop\Lost_and_found\Lost-and-found\pom.xml.
2025-11-20 00:08:28,794 [Worker-40: Building] INFO  o.a.m.s.f.DefaultMavenResourcesFiltering - Copying 0 resource from src\main\resources to target\classes
2025-11-20 00:08:28,796 [Worker-40: Building] INFO  o.a.m.s.f.DefaultMavenResourcesFiltering - Copying 0 resource from src\main\resources to target\classes
2025-11-20 00:08:28,808 [Worker-40: Building] INFO  o.a.m.s.f.DefaultMavenResourcesFiltering - skip non existing resourceDirectory C:\Users\apoor\OneDrive\Desktop\Lost_and_found\Lost-and-found\src\test\resources
2025-11-20 00:08:31,269 [Worker-43: Building] INFO  o.a.m.s.f.DefaultMavenResourcesFiltering - Copying 1 resource from src\main\resources to target\classes
2025-11-20 00:08:31,335 [Worker-43: Building] INFO  o.a.m.s.f.DefaultMavenResourcesFiltering - Copying 0 resource from src\main\resources to target\classes
2025-11-20 00:08:31,342 [Worker-43: Building] INFO  o.a.m.s.f.DefaultMavenResourcesFiltering - skip non existing resourceDirectory C:\Users\apoor\OneDrive\Desktop\Lost_and_found\Lost-and-found\src\test\resources
2025-11-20 00:08:56,923 [Worker-45: Launching Executing clean in C__Users_apoor_OneDrive_Desktop_Lost_and_found_Lost-and-found] INFO  o.eclipse.m2e.core.internal.Bundles - getClasspathEntries(Bundle=org.eclipse.m2e.maven.runtime_3.9.900.20250220-2013 [298])
2025-11-20 00:08:56,929 [Worker-45: Launching Executing clean in C__Users_apoor_OneDrive_Desktop_Lost_and_found_Lost-and-found] INFO  o.eclipse.m2e.core.internal.Bundles - 	Entry: C:\Users\apoor\.p2\pool\plugins\org.eclipse.m2e.maven.runtime_3.9.900.20250220-2013
2025-11-20 00:08:56,930 [Worker-45: Launching Executing clean in C__Users_apoor_OneDrive_Desktop_Lost_and_found_Lost-and-found] INFO  o.eclipse.m2e.core.internal.Bundles - 	Entry: C:\Users\apoor\.p2\pool\plugins\org.eclipse.m2e.maven.runtime_3.9.900.20250220-2013\jars\aopalliance-1.0.jar
2025-11-20 00:08:56,931 [Worker-45: Launching Executing clean in C__Users_apoor_OneDrive_Desktop_Lost_and_found_Lost-and-found] INFO  o.eclipse.m2e.core.internal.Bundles - 	Entry: C:\Users\apoor\.p2\pool\plugins\org.eclipse.m2e.maven.runtime_3.9.900.20250220-2013\jars\guice-5.1.0.jar
2025-11-20 00:08:56,931 [Worker-45: Launching Executing clean in C__Users_apoor_OneDrive_Desktop_Lost_and_found_Lost-and-found] INFO  o.eclipse.m2e.core.internal.Bundles - 	Entry: C:\Users\apoor\.p2\pool\plugins\org.eclipse.m2e.maven.runtime_3.9.900.20250220-2013\jars\httpclient-4.5.14.jar
2025-11-20 00:08:56,932 [Worker-45: Launching Executing clean in C__Users_apoor_OneDrive_Desktop_Lost_and_found_Lost-and-found] INFO  o.eclipse.m2e.core.internal.Bundles - 	Entry: C:\Users\apoor\.p2\pool\plugins\org.eclipse.m2e.maven.runtime_3.9.900.20250220-2013\jars\httpcore-4.4.16.jar
2025-11-20 00:08:56,932 [Worker-45: Launching Executing clean in C__Users_apoor_OneDrive_Desktop_Lost_and_found_Lost-and-found] INFO  o.eclipse.m2e.core.internal.Bundles - 	Entry: C:\Users\apoor\.p2\pool\plugins\org.eclipse.m2e.maven.runtime_3.9.900.20250220-2013\jars\jansi-2.4.1.jar
2025-11-20 00:08:56,933 [Worker-45: Launching Executing clean in C__Users_apoor_OneDrive_Desktop_Lost_and_found_Lost-and-found] INFO  o.eclipse.m2e.core.internal.Bundles - 	Entry: C:\Users\apoor\.p2\pool\plugins\org.eclipse.m2e.maven.runtime_3.9.900.20250220-2013\jars\jcl-over-slf4j-1.7.36.jar
2025-11-20 00:08:56,934 [Worker-45: Launching Executing clean in C__Users_apoor_OneDrive_Desktop_Lost_and_found_Lost-and-found] INFO  o.eclipse.m2e.core.internal.Bundles - 	Entry: C:\Users\apoor\.p2\pool\plugins\org.eclipse.m2e.maven.runtime_3.9.900.20250220-2013\jars\maven-artifact-3.9.9.jar
2025-11-20 00:08:56,934 [Worker-45: Launching Executing clean in C__Users_apoor_OneDrive_Desktop_Lost_and_found_Lost-and-found] INFO  o.eclipse.m2e.core.internal.Bundles - 	Entry: C:\Users\apoor\.p2\pool\plugins\org.eclipse.m2e.maven.runtime_3.9.900.20250220-2013\jars\maven-builder-support-3.9.9.jar
2025-11-20 00:08:56,934 [Worker-45: Launching Executing clean in C__Users_apoor_OneDrive_Desktop_Lost_and_found_Lost-and-found] INFO  o.eclipse.m2e.core.internal.Bundles - 	Entry: C:\Users\apoor\.p2\pool\plugins\org.eclipse.m2e.maven.runtime_3.9.900.20250220-2013\jars\maven-compat-3.9.9.jar
2025-11-20 00:08:56,935 [Worker-45: Launching Executing clean in C__Users_apoor_OneDrive_Desktop_Lost_and_found_Lost-and-found] INFO  o.eclipse.m2e.core.internal.Bundles - 	Entry: C:\Users\apoor\.p2\pool\plugins\org.eclipse.m2e.maven.runtime_3.9.900.20250220-2013\jars\maven-core-3.9.9.jar
2025-11-20 00:08:56,935 [Worker-45: Launching Executing clean in C__Users_apoor_OneDrive_Desktop_Lost_and_found_Lost-and-found] INFO  o.eclipse.m2e.core.internal.Bundles - 	Entry: C:\Users\apoor\.p2\pool\plugins\org.eclipse.m2e.maven.runtime_3.9.900.20250220-2013\jars\maven-embedder-3.9.9.jar
2025-11-20 00:08:56,936 [Worker-45: Launching Executing clean in C__Users_apoor_OneDrive_Desktop_Lost_and_found_Lost-and-found] INFO  o.eclipse.m2e.core.internal.Bundles - 	Entry: C:\Users\apoor\.p2\pool\plugins\org.eclipse.m2e.maven.runtime_3.9.900.20250220-2013\jars\maven-model-3.9.9.jar
2025-11-20 00:08:56,936 [Worker-45: Launching Executing clean in C__Users_apoor_OneDrive_Desktop_Lost_and_found_Lost-and-found] INFO  o.eclipse.m2e.core.internal.Bundles - 	Entry: C:\Users\apoor\.p2\pool\plugins\org.eclipse.m2e.maven.runtime_3.9.900.20250220-2013\jars\maven-model-builder-3.9.9.jar
2025-11-20 00:08:56,936 [Worker-45: Launching Executing clean in C__Users_apoor_OneDrive_Desktop_Lost_and_found_Lost-and-found] INFO  o.eclipse.m2e.core.internal.Bundles - 	Entry: C:\Users\apoor\.p2\pool\plugins\org.eclipse.m2e.maven.runtime_3.9.900.20250220-2013\jars\maven-plugin-api-3.9.9.jar
2025-11-20 00:08:56,937 [Worker-45: Launching Executing clean in C__Users_apoor_OneDrive_Desktop_Lost_and_found_Lost-and-found] INFO  o.eclipse.m2e.core.internal.Bundles - 	Entry: C:\Users\apoor\.p2\pool\plugins\org.eclipse.m2e.maven.runtime_3.9.900.20250220-2013\jars\maven-repository-metadata-3.9.9.jar
2025-11-20 00:08:56,937 [Worker-45: Launching Executing clean in C__Users_apoor_OneDrive_Desktop_Lost_and_found_Lost-and-found] INFO  o.eclipse.m2e.core.internal.Bundles - 	Entry: C:\Users\apoor\.p2\pool\plugins\org.eclipse.m2e.maven.runtime_3.9.900.20250220-2013\jars\maven-resolver-api-1.9.22.jar
2025-11-20 00:08:56,938 [Worker-45: Launching Executing clean in C__Users_apoor_OneDrive_Desktop_Lost_and_found_Lost-and-found] INFO  o.eclipse.m2e.core.internal.Bundles - 	Entry: C:\Users\apoor\.p2\pool\plugins\org.eclipse.m2e.maven.runtime_3.9.900.20250220-2013\jars\maven-resolver-connector-basic-1.9.22.jar
2025-11-20 00:08:56,938 [Worker-45: Launching Executing clean in C__Users_apoor_OneDrive_Desktop_Lost_and_found_Lost-and-found] INFO  o.eclipse.m2e.core.internal.Bundles - 	Entry: C:\Users\apoor\.p2\pool\plugins\org.eclipse.m2e.maven.runtime_3.9.900.20250220-2013\jars\maven-resolver-impl-1.9.22.jar
2025-11-20 00:08:56,938 [Worker-45: Launching Executing clean in C__Users_apoor_OneDrive_Desktop_Lost_and_found_Lost-and-found] INFO  o.eclipse.m2e.core.internal.Bundles - 	Entry: C:\Users\apoor\.p2\pool\plugins\org.eclipse.m2e.maven.runtime_3.9.900.20250220-2013\jars\maven-resolver-named-locks-1.9.22.jar
2025-11-20 00:08:56,939 [Worker-45: Launching Executing clean in C__Users_apoor_OneDrive_Desktop_Lost_and_found_Lost-and-found] INFO  o.eclipse.m2e.core.internal.Bundles - 	Entry: C:\Users\apoor\.p2\pool\plugins\org.eclipse.m2e.maven.runtime_3.9.900.20250220-2013\jars\maven-resolver-provider-3.9.9.jar
2025-11-20 00:08:56,940 [Worker-45: Launching Executing clean in C__Users_apoor_OneDrive_Desktop_Lost_and_found_Lost-and-found] INFO  o.eclipse.m2e.core.internal.Bundles - 	Entry: C:\Users\apoor\.p2\pool\plugins\org.eclipse.m2e.maven.runtime_3.9.900.20250220-2013\jars\maven-resolver-spi-1.9.22.jar
2025-11-20 00:08:56,940 [Worker-45: Launching Executing clean in C__Users_apoor_OneDrive_Desktop_Lost_and_found_Lost-and-found] INFO  o.eclipse.m2e.core.internal.Bundles - 	Entry: C:\Users\apoor\.p2\pool\plugins\org.eclipse.m2e.maven.runtime_3.9.900.20250220-2013\jars\maven-resolver-transport-file-1.9.22.jar
2025-11-20 00:08:56,940 [Worker-45: Launching Executing clean in C__Users_apoor_OneDrive_Desktop_Lost_and_found_Lost-and-found] INFO  o.eclipse.m2e.core.internal.Bundles - 	Entry: C:\Users\apoor\.p2\pool\plugins\org.eclipse.m2e.maven.runtime_3.9.900.20250220-2013\jars\maven-resolver-transport-http-1.9.22.jar
2025-11-20 00:08:56,941 [Worker-45: Launching Executing clean in C__Users_apoor_OneDrive_Desktop_Lost_and_found_Lost-and-found] INFO  o.eclipse.m2e.core.internal.Bundles - 	Entry: C:\Users\apoor\.p2\pool\plugins\org.eclipse.m2e.maven.runtime_3.9.900.20250220-2013\jars\maven-resolver-transport-wagon-1.9.22.jar
2025-11-20 00:08:56,942 [Worker-45: Launching Executing clean in C__Users_apoor_OneDrive_Desktop_Lost_and_found_Lost-and-found] INFO  o.eclipse.m2e.core.internal.Bundles - 	Entry: C:\Users\apoor\.p2\pool\plugins\org.eclipse.m2e.maven.runtime_3.9.900.20250220-2013\jars\maven-resolver-util-1.9.22.jar
2025-11-20 00:08:56,943 [Worker-45: Launching Executing clean in C__Users_apoor_OneDrive_Desktop_Lost_and_found_Lost-and-found] INFO  o.eclipse.m2e.core.internal.Bundles - 	Entry: C:\Users\apoor\.p2\pool\plugins\org.eclipse.m2e.maven.runtime_3.9.900.20250220-2013\jars\maven-settings-3.9.9.jar
2025-11-20 00:08:56,943 [Worker-45: Launching Executing clean in C__Users_apoor_OneDrive_Desktop_Lost_and_found_Lost-and-found] INFO  o.eclipse.m2e.core.internal.Bundles - 	Entry: C:\Users\apoor\.p2\pool\plugins\org.eclipse.m2e.maven.runtime_3.9.900.20250220-2013\jars\maven-settings-builder-3.9.9.jar
2025-11-20 00:08:56,944 [Worker-45: Launching Executing clean in C__Users_apoor_OneDrive_Desktop_Lost_and_found_Lost-and-found] INFO  o.eclipse.m2e.core.internal.Bundles - 	Entry: C:\Users\apoor\.p2\pool\plugins\org.eclipse.m2e.maven.runtime_3.9.900.20250220-2013\jars\maven-shared-utils-3.4.2.jar
2025-11-20 00:08:56,945 [Worker-45: Launching Executing clean in C__Users_apoor_OneDrive_Desktop_Lost_and_found_Lost-and-found] INFO  o.eclipse.m2e.core.internal.Bundles - 	Entry: C:\Users\apoor\.p2\pool\plugins\org.eclipse.m2e.maven.runtime_3.9.900.20250220-2013\jars\org.eclipse.sisu.inject-0.9.0.M3.jar
2025-11-20 00:08:56,946 [Worker-45: Launching Executing clean in C__Users_apoor_OneDrive_Desktop_Lost_and_found_Lost-and-found] INFO  o.eclipse.m2e.core.internal.Bundles - 	Entry: C:\Users\apoor\.p2\pool\plugins\org.eclipse.m2e.maven.runtime_3.9.900.20250220-2013\jars\org.eclipse.sisu.plexus-0.9.0.M3.jar
2025-11-20 00:08:56,946 [Worker-45: Launching Executing clean in C__Users_apoor_OneDrive_Desktop_Lost_and_found_Lost-and-found] INFO  o.eclipse.m2e.core.internal.Bundles - 	Entry: C:\Users\apoor\.p2\pool\plugins\org.eclipse.m2e.maven.runtime_3.9.900.20250220-2013\jars\plexus-build-api-0.0.7.jar
2025-11-20 00:08:56,947 [Worker-45: Launching Executing clean in C__Users_apoor_OneDrive_Desktop_Lost_and_found_Lost-and-found] INFO  o.eclipse.m2e.core.internal.Bundles - 	Entry: C:\Users\apoor\.p2\pool\plugins\org.eclipse.m2e.maven.runtime_3.9.900.20250220-2013\jars\plexus-build-api-1.2.0.jar
2025-11-20 00:08:56,947 [Worker-45: Launching Executing clean in C__Users_apoor_OneDrive_Desktop_Lost_and_found_Lost-and-found] INFO  o.eclipse.m2e.core.internal.Bundles - 	Entry: C:\Users\apoor\.p2\pool\plugins\org.eclipse.m2e.maven.runtime_3.9.900.20250220-2013\jars\plexus-cipher-2.0.jar
2025-11-20 00:08:56,947 [Worker-45: Launching Executing clean in C__Users_apoor_OneDrive_Desktop_Lost_and_found_Lost-and-found] INFO  o.eclipse.m2e.core.internal.Bundles - 	Entry: C:\Users\apoor\.p2\pool\plugins\org.eclipse.m2e.maven.runtime_3.9.900.20250220-2013\jars\plexus-classworlds-2.8.0.jar
2025-11-20 00:08:56,948 [Worker-45: Launching Executing clean in C__Users_apoor_OneDrive_Desktop_Lost_and_found_Lost-and-found] INFO  o.eclipse.m2e.core.internal.Bundles - 	Entry: C:\Users\apoor\.p2\pool\plugins\org.eclipse.m2e.maven.runtime_3.9.900.20250220-2013\jars\plexus-component-annotations-2.1.0.jar
2025-11-20 00:08:56,948 [Worker-45: Launching Executing clean in C__Users_apoor_OneDrive_Desktop_Lost_and_found_Lost-and-found] INFO  o.eclipse.m2e.core.internal.Bundles - 	Entry: C:\Users\apoor\.p2\pool\plugins\org.eclipse.m2e.maven.runtime_3.9.900.20250220-2013\jars\plexus-interpolation-1.27.jar
2025-11-20 00:08:56,948 [Worker-45: Launching Executing clean in C__Users_apoor_OneDrive_Desktop_Lost_and_found_Lost-and-found] INFO  o.eclipse.m2e.core.internal.Bundles - 	Entry: C:\Users\apoor\.p2\pool\plugins\org.eclipse.m2e.maven.runtime_3.9.900.20250220-2013\jars\plexus-sec-dispatcher-2.0.jar
2025-11-20 00:08:56,949 [Worker-45: Launching Executing clean in C__Users_apoor_OneDrive_Desktop_Lost_and_found_Lost-and-found] INFO  o.eclipse.m2e.core.internal.Bundles - 	Entry: C:\Users\apoor\.p2\pool\plugins\org.eclipse.m2e.maven.runtime_3.9.900.20250220-2013\jars\plexus-utils-3.5.1.jar
2025-11-20 00:08:56,949 [Worker-45: Launching Executing clean in C__Users_apoor_OneDrive_Desktop_Lost_and_found_Lost-and-found] INFO  o.eclipse.m2e.core.internal.Bundles - 	Entry: C:\Users\apoor\.p2\pool\plugins\org.eclipse.m2e.maven.runtime_3.9.900.20250220-2013\jars\plexus-xml-3.0.1.jar
2025-11-20 00:08:56,950 [Worker-45: Launching Executing clean in C__Users_apoor_OneDrive_Desktop_Lost_and_found_Lost-and-found] INFO  o.eclipse.m2e.core.internal.Bundles - 	Entry: C:\Users\apoor\.p2\pool\plugins\org.eclipse.m2e.maven.runtime_3.9.900.20250220-2013\jars\wagon-file-3.5.3.jar
2025-11-20 00:08:56,950 [Worker-45: Launching Executing clean in C__Users_apoor_OneDrive_Desktop_Lost_and_found_Lost-and-found] INFO  o.eclipse.m2e.core.internal.Bundles - 	Entry: C:\Users\apoor\.p2\pool\plugins\org.eclipse.m2e.maven.runtime_3.9.900.20250220-2013\jars\wagon-http-3.5.3.jar
2025-11-20 00:08:56,950 [Worker-45: Launching Executing clean in C__Users_apoor_OneDrive_Desktop_Lost_and_found_Lost-and-found] INFO  o.eclipse.m2e.core.internal.Bundles - 	Entry: C:\Users\apoor\.p2\pool\plugins\org.eclipse.m2e.maven.runtime_3.9.900.20250220-2013\jars\wagon-http-shared-3.5.3.jar
2025-11-20 00:08:56,951 [Worker-45: Launching Executing clean in C__Users_apoor_OneDrive_Desktop_Lost_and_found_Lost-and-found] INFO  o.eclipse.m2e.core.internal.Bundles - 	Entry: C:\Users\apoor\.p2\pool\plugins\org.eclipse.m2e.maven.runtime_3.9.900.20250220-2013\jars\wagon-provider-api-3.5.3.jar
2025-11-20 00:08:56,956 [Worker-45: Launching Executing clean in C__Users_apoor_OneDrive_Desktop_Lost_and_found_Lost-and-found] INFO  o.eclipse.m2e.core.internal.Bundles - getClasspathEntries(Bundle=com.google.guava_33.4.0.jre [12])
2025-11-20 00:08:56,956 [Worker-45: Launching Executing clean in C__Users_apoor_OneDrive_Desktop_Lost_and_found_Lost-and-found] INFO  o.eclipse.m2e.core.internal.Bundles - 	Entry: C:\Users\apoor\.p2\pool\plugins\com.google.guava_33.4.0.jre.jar
2025-11-20 00:08:56,956 [Worker-45: Launching Executing clean in C__Users_apoor_OneDrive_Desktop_Lost_and_found_Lost-and-found] INFO  o.eclipse.m2e.core.internal.Bundles - getClasspathEntries(Bundle=slf4j.api_2.0.17 [522])
2025-11-20 00:08:56,957 [Worker-45: Launching Executing clean in C__Users_apoor_OneDrive_Desktop_Lost_and_found_Lost-and-found] INFO  o.eclipse.m2e.core.internal.Bundles - 	Entry: C:\Users\apoor\.p2\pool\plugins\slf4j.api_2.0.17.jar
2025-11-20 00:08:56,958 [Worker-45: Launching Executing clean in C__Users_apoor_OneDrive_Desktop_Lost_and_found_Lost-and-found] INFO  o.eclipse.m2e.core.internal.Bundles - getClasspathEntries(Bundle=jakarta.inject.jakarta.inject-api_1.0.5 [24])
2025-11-20 00:08:56,959 [Worker-45: Launching Executing clean in C__Users_apoor_OneDrive_Desktop_Lost_and_found_Lost-and-found] INFO  o.eclipse.m2e.core.internal.Bundles - 	Entry: C:\Users\apoor\.p2\pool\plugins\jakarta.inject.jakarta.inject-api_1.0.5.jar
2025-11-20 00:08:56,959 [Worker-45: Launching Executing clean in C__Users_apoor_OneDrive_Desktop_Lost_and_found_Lost-and-found] INFO  o.eclipse.m2e.core.internal.Bundles - getClasspathEntries(Bundle=jakarta.annotation-api_1.3.5 [22])
2025-11-20 00:08:56,960 [Worker-45: Launching Executing clean in C__Users_apoor_OneDrive_Desktop_Lost_and_found_Lost-and-found] INFO  o.eclipse.m2e.core.internal.Bundles - 	Entry: C:\Users\apoor\.p2\pool\plugins\jakarta.annotation-api_1.3.5.jar
2025-11-20 00:08:56,961 [Worker-45: Launching Executing clean in C__Users_apoor_OneDrive_Desktop_Lost_and_found_Lost-and-found] INFO  o.eclipse.m2e.core.internal.Bundles - getClasspathEntries(Bundle=org.apache.commons.cli_1.9.0 [48])
2025-11-20 00:08:56,961 [Worker-45: Launching Executing clean in C__Users_apoor_OneDrive_Desktop_Lost_and_found_Lost-and-found] INFO  o.eclipse.m2e.core.internal.Bundles - 	Entry: C:\Users\apoor\.p2\pool\plugins\org.apache.commons.cli_1.9.0.jar
2025-11-20 00:08:56,961 [Worker-45: Launching Executing clean in C__Users_apoor_OneDrive_Desktop_Lost_and_found_Lost-and-found] INFO  o.eclipse.m2e.core.internal.Bundles - getClasspathEntries(Bundle=org.apache.commons.commons-codec_1.16.0 [49])
2025-11-20 00:08:56,963 [Worker-45: Launching Executing clean in C__Users_apoor_OneDrive_Desktop_Lost_and_found_Lost-and-found] INFO  o.eclipse.m2e.core.internal.Bundles - 	Entry: C:\Users\apoor\.p2\pool\plugins\org.apache.commons.commons-codec_1.16.0.jar
2025-11-20 00:08:56,964 [Worker-45: Launching Executing clean in C__Users_apoor_OneDrive_Desktop_Lost_and_found_Lost-and-found] INFO  o.eclipse.m2e.core.internal.Bundles - getClasspathEntries(Bundle=com.google.guava.failureaccess_1.0.2 [13])
2025-11-20 00:08:56,965 [Worker-45: Launching Executing clean in C__Users_apoor_OneDrive_Desktop_Lost_and_found_Lost-and-found] INFO  o.eclipse.m2e.core.internal.Bundles - 	Entry: C:\Users\apoor\.p2\pool\plugins\com.google.guava.failureaccess_1.0.2.jar
2025-11-20 00:08:56,970 [Worker-45: Launching Executing clean in C__Users_apoor_OneDrive_Desktop_Lost_and_found_Lost-and-found] INFO  o.e.m.i.launch.MavenLaunchDelegate - Run build in "C:\Users\apoor\OneDrive\Desktop\Lost_and_found\Lost-and-found":
2025-11-20 00:08:56,971 [Worker-45: Launching Executing clean in C__Users_apoor_OneDrive_Desktop_Lost_and_found_Lost-and-found] INFO  o.e.m.i.launch.MavenLaunchDelegate -  mvn  -B -Dstyle.color=always clean
2025-11-20 00:09:03,540 [Worker-47: Building] INFO  o.a.m.s.f.DefaultMavenResourcesFiltering - Copying 1 resource from src\main\resources to target\classes
2025-11-20 00:09:03,544 [Worker-47: Building] INFO  o.a.m.s.f.DefaultMavenResourcesFiltering - Copying 0 resource from src\main\resources to target\classes
2025-11-20 00:09:03,551 [Worker-47: Building] INFO  o.a.m.s.f.DefaultMavenResourcesFiltering - skip non existing resourceDirectory C:\Users\apoor\OneDrive\Desktop\Lost_and_found\Lost-and-found\src\test\resources
2025-11-20 00:09:12,034 [Worker-39: Launching Executing install in C__Users_apoor_OneDrive_Desktop_Lost_and_found_Lost-and-found] INFO  o.eclipse.m2e.core.internal.Bundles - getClasspathEntries(Bundle=org.eclipse.m2e.maven.runtime_3.9.900.20250220-2013 [298])
2025-11-20 00:09:12,036 [Worker-39: Launching Executing install in C__Users_apoor_OneDrive_Desktop_Lost_and_found_Lost-and-found] INFO  o.eclipse.m2e.core.internal.Bundles - 	Entry: C:\Users\apoor\.p2\pool\plugins\org.eclipse.m2e.maven.runtime_3.9.900.20250220-2013
2025-11-20 00:09:12,036 [Worker-39: Launching Executing install in C__Users_apoor_OneDrive_Desktop_Lost_and_found_Lost-and-found] INFO  o.eclipse.m2e.core.internal.Bundles - 	Entry: C:\Users\apoor\.p2\pool\plugins\org.eclipse.m2e.maven.runtime_3.9.900.20250220-2013\jars\aopalliance-1.0.jar
2025-11-20 00:09:12,036 [Worker-39: Launching Executing install in C__Users_apoor_OneDrive_Desktop_Lost_and_found_Lost-and-found] INFO  o.eclipse.m2e.core.internal.Bundles - 	Entry: C:\Users\apoor\.p2\pool\plugins\org.eclipse.m2e.maven.runtime_3.9.900.20250220-2013\jars\guice-5.1.0.jar
2025-11-20 00:09:12,037 [Worker-39: Launching Executing install in C__Users_apoor_OneDrive_Desktop_Lost_and_found_Lost-and-found] INFO  o.eclipse.m2e.core.internal.Bundles - 	Entry: C:\Users\apoor\.p2\pool\plugins\org.eclipse.m2e.maven.runtime_3.9.900.20250220-2013\jars\httpclient-4.5.14.jar
2025-11-20 00:09:12,037 [Worker-39: Launching Executing install in C__Users_apoor_OneDrive_Desktop_Lost_and_found_Lost-and-found] INFO  o.eclipse.m2e.core.internal.Bundles - 	Entry: C:\Users\apoor\.p2\pool\plugins\org.eclipse.m2e.maven.runtime_3.9.900.20250220-2013\jars\httpcore-4.4.16.jar
2025-11-20 00:09:12,037 [Worker-39: Launching Executing install in C__Users_apoor_OneDrive_Desktop_Lost_and_found_Lost-and-found] INFO  o.eclipse.m2e.core.internal.Bundles - 	Entry: C:\Users\apoor\.p2\pool\plugins\org.eclipse.m2e.maven.runtime_3.9.900.20250220-2013\jars\jansi-2.4.1.jar
2025-11-20 00:09:12,038 [Worker-39: Launching Executing install in C__Users_apoor_OneDrive_Desktop_Lost_and_found_Lost-and-found] INFO  o.eclipse.m2e.core.internal.Bundles - 	Entry: C:\Users\apoor\.p2\pool\plugins\org.eclipse.m2e.maven.runtime_3.9.900.20250220-2013\jars\jcl-over-slf4j-1.7.36.jar
2025-11-20 00:09:12,038 [Worker-39: Launching Executing install in C__Users_apoor_OneDrive_Desktop_Lost_and_found_Lost-and-found] INFO  o.eclipse.m2e.core.internal.Bundles - 	Entry: C:\Users\apoor\.p2\pool\plugins\org.eclipse.m2e.maven.runtime_3.9.900.20250220-2013\jars\maven-artifact-3.9.9.jar
2025-11-20 00:09:12,039 [Worker-39: Launching Executing install in C__Users_apoor_OneDrive_Desktop_Lost_and_found_Lost-and-found] INFO  o.eclipse.m2e.core.internal.Bundles - 	Entry: C:\Users\apoor\.p2\pool\plugins\org.eclipse.m2e.maven.runtime_3.9.900.20250220-2013\jars\maven-builder-support-3.9.9.jar
2025-11-20 00:09:12,039 [Worker-39: Launching Executing install in C__Users_apoor_OneDrive_Desktop_Lost_and_found_Lost-and-found] INFO  o.eclipse.m2e.core.internal.Bundles - 	Entry: C:\Users\apoor\.p2\pool\plugins\org.eclipse.m2e.maven.runtime_3.9.900.20250220-2013\jars\maven-compat-3.9.9.jar
2025-11-20 00:09:12,039 [Worker-39: Launching Executing install in C__Users_apoor_OneDrive_Desktop_Lost_and_found_Lost-and-found] INFO  o.eclipse.m2e.core.internal.Bundles - 	Entry: C:\Users\apoor\.p2\pool\plugins\org.eclipse.m2e.maven.runtime_3.9.900.20250220-2013\jars\maven-core-3.9.9.jar
2025-11-20 00:09:12,039 [Worker-39: Launching Executing install in C__Users_apoor_OneDrive_Desktop_Lost_and_found_Lost-and-found] INFO  o.eclipse.m2e.core.internal.Bundles - 	Entry: C:\Users\apoor\.p2\pool\plugins\org.eclipse.m2e.maven.runtime_3.9.900.20250220-2013\jars\maven-embedder-3.9.9.jar
2025-11-20 00:09:12,040 [Worker-39: Launching Executing install in C__Users_apoor_OneDrive_Desktop_Lost_and_found_Lost-and-found] INFO  o.eclipse.m2e.core.internal.Bundles - 	Entry: C:\Users\apoor\.p2\pool\plugins\org.eclipse.m2e.maven.runtime_3.9.900.20250220-2013\jars\maven-model-3.9.9.jar
2025-11-20 00:09:12,040 [Worker-39: Launching Executing install in C__Users_apoor_OneDrive_Desktop_Lost_and_found_Lost-and-found] INFO  o.eclipse.m2e.core.internal.Bundles - 	Entry: C:\Users\apoor\.p2\pool\plugins\org.eclipse.m2e.maven.runtime_3.9.900.20250220-2013\jars\maven-model-builder-3.9.9.jar
2025-11-20 00:09:12,040 [Worker-39: Launching Executing install in C__Users_apoor_OneDrive_Desktop_Lost_and_found_Lost-and-found] INFO  o.eclipse.m2e.core.internal.Bundles - 	Entry: C:\Users\apoor\.p2\pool\plugins\org.eclipse.m2e.maven.runtime_3.9.900.20250220-2013\jars\maven-plugin-api-3.9.9.jar
2025-11-20 00:09:12,041 [Worker-39: Launching Executing install in C__Users_apoor_OneDrive_Desktop_Lost_and_found_Lost-and-found] INFO  o.eclipse.m2e.core.internal.Bundles - 	Entry: C:\Users\apoor\.p2\pool\plugins\org.eclipse.m2e.maven.runtime_3.9.900.20250220-2013\jars\maven-repository-metadata-3.9.9.jar
2025-11-20 00:09:12,041 [Worker-39: Launching Executing install in C__Users_apoor_OneDrive_Desktop_Lost_and_found_Lost-and-found] INFO  o.eclipse.m2e.core.internal.Bundles - 	Entry: C:\Users\apoor\.p2\pool\plugins\org.eclipse.m2e.maven.runtime_3.9.900.20250220-2013\jars\maven-resolver-api-1.9.22.jar
2025-11-20 00:09:12,041 [Worker-39: Launching Executing install in C__Users_apoor_OneDrive_Desktop_Lost_and_found_Lost-and-found] INFO  o.eclipse.m2e.core.internal.Bundles - 	Entry: C:\Users\apoor\.p2\pool\plugins\org.eclipse.m2e.maven.runtime_3.9.900.20250220-2013\jars\maven-resolver-connector-basic-1.9.22.jar
2025-11-20 00:09:12,042 [Worker-39: Launching Executing install in C__Users_apoor_OneDrive_Desktop_Lost_and_found_Lost-and-found] INFO  o.eclipse.m2e.core.internal.Bundles - 	Entry: C:\Users\apoor\.p2\pool\plugins\org.eclipse.m2e.maven.runtime_3.9.900.20250220-2013\jars\maven-resolver-impl-1.9.22.jar
2025-11-20 00:09:12,042 [Worker-39: Launching Executing install in C__Users_apoor_OneDrive_Desktop_Lost_and_found_Lost-and-found] INFO  o.eclipse.m2e.core.internal.Bundles - 	Entry: C:\Users\apoor\.p2\pool\plugins\org.eclipse.m2e.maven.runtime_3.9.900.20250220-2013\jars\maven-resolver-named-locks-1.9.22.jar
2025-11-20 00:09:12,042 [Worker-39: Launching Executing install in C__Users_apoor_OneDrive_Desktop_Lost_and_found_Lost-and-found] INFO  o.eclipse.m2e.core.internal.Bundles - 	Entry: C:\Users\apoor\.p2\pool\plugins\org.eclipse.m2e.maven.runtime_3.9.900.20250220-2013\jars\maven-resolver-provider-3.9.9.jar
2025-11-20 00:09:12,044 [Worker-39: Launching Executing install in C__Users_apoor_OneDrive_Desktop_Lost_and_found_Lost-and-found] INFO  o.eclipse.m2e.core.internal.Bundles - 	Entry: C:\Users\apoor\.p2\pool\plugins\org.eclipse.m2e.maven.runtime_3.9.900.20250220-2013\jars\maven-resolver-spi-1.9.22.jar
2025-11-20 00:09:12,044 [Worker-39: Launching Executing install in C__Users_apoor_OneDrive_Desktop_Lost_and_found_Lost-and-found] INFO  o.eclipse.m2e.core.internal.Bundles - 	Entry: C:\Users\apoor\.p2\pool\plugins\org.eclipse.m2e.maven.runtime_3.9.900.20250220-2013\jars\maven-resolver-transport-file-1.9.22.jar
2025-11-20 00:09:12,044 [Worker-39: Launching Executing install in C__Users_apoor_OneDrive_Desktop_Lost_and_found_Lost-and-found] INFO  o.eclipse.m2e.core.internal.Bundles - 	Entry: C:\Users\apoor\.p2\pool\plugins\org.eclipse.m2e.maven.runtime_3.9.900.20250220-2013\jars\maven-resolver-transport-http-1.9.22.jar
2025-11-20 00:09:12,044 [Worker-39: Launching Executing install in C__Users_apoor_OneDrive_Desktop_Lost_and_found_Lost-and-found] INFO  o.eclipse.m2e.core.internal.Bundles - 	Entry: C:\Users\apoor\.p2\pool\plugins\org.eclipse.m2e.maven.runtime_3.9.900.20250220-2013\jars\maven-resolver-transport-wagon-1.9.22.jar
2025-11-20 00:09:12,045 [Worker-39: Launching Executing install in C__Users_apoor_OneDrive_Desktop_Lost_and_found_Lost-and-found] INFO  o.eclipse.m2e.core.internal.Bundles - 	Entry: C:\Users\apoor\.p2\pool\plugins\org.eclipse.m2e.maven.runtime_3.9.900.20250220-2013\jars\maven-resolver-util-1.9.22.jar
2025-11-20 00:09:12,045 [Worker-39: Launching Executing install in C__Users_apoor_OneDrive_Desktop_Lost_and_found_Lost-and-found] INFO  o.eclipse.m2e.core.internal.Bundles - 	Entry: C:\Users\apoor\.p2\pool\plugins\org.eclipse.m2e.maven.runtime_3.9.900.20250220-2013\jars\maven-settings-3.9.9.jar
2025-11-20 00:09:12,045 [Worker-39: Launching Executing install in C__Users_apoor_OneDrive_Desktop_Lost_and_found_Lost-and-found] INFO  o.eclipse.m2e.core.internal.Bundles - 	Entry: C:\Users\apoor\.p2\pool\plugins\org.eclipse.m2e.maven.runtime_3.9.900.20250220-2013\jars\maven-settings-builder-3.9.9.jar
2025-11-20 00:09:12,045 [Worker-39: Launching Executing install in C__Users_apoor_OneDrive_Desktop_Lost_and_found_Lost-and-found] INFO  o.eclipse.m2e.core.internal.Bundles - 	Entry: C:\Users\apoor\.p2\pool\plugins\org.eclipse.m2e.maven.runtime_3.9.900.20250220-2013\jars\maven-shared-utils-3.4.2.jar
2025-11-20 00:09:12,045 [Worker-39: Launching Executing install in C__Users_apoor_OneDrive_Desktop_Lost_and_found_Lost-and-found] INFO  o.eclipse.m2e.core.internal.Bundles - 	Entry: C:\Users\apoor\.p2\pool\plugins\org.eclipse.m2e.maven.runtime_3.9.900.20250220-2013\jars\org.eclipse.sisu.inject-0.9.0.M3.jar
2025-11-20 00:09:12,046 [Worker-39: Launching Executing install in C__Users_apoor_OneDrive_Desktop_Lost_and_found_Lost-and-found] INFO  o.eclipse.m2e.core.internal.Bundles - 	Entry: C:\Users\apoor\.p2\pool\plugins\org.eclipse.m2e.maven.runtime_3.9.900.20250220-2013\jars\org.eclipse.sisu.plexus-0.9.0.M3.jar
2025-11-20 00:09:12,046 [Worker-39: Launching Executing install in C__Users_apoor_OneDrive_Desktop_Lost_and_found_Lost-and-found] INFO  o.eclipse.m2e.core.internal.Bundles - 	Entry: C:\Users\apoor\.p2\pool\plugins\org.eclipse.m2e.maven.runtime_3.9.900.20250220-2013\jars\plexus-build-api-0.0.7.jar
2025-11-20 00:09:12,046 [Worker-39: Launching Executing install in C__Users_apoor_OneDrive_Desktop_Lost_and_found_Lost-and-found] INFO  o.eclipse.m2e.core.internal.Bundles - 	Entry: C:\Users\apoor\.p2\pool\plugins\org.eclipse.m2e.maven.runtime_3.9.900.20250220-2013\jars\plexus-build-api-1.2.0.jar
2025-11-20 00:09:12,047 [Worker-39: Launching Executing install in C__Users_apoor_OneDrive_Desktop_Lost_and_found_Lost-and-found] INFO  o.eclipse.m2e.core.internal.Bundles - 	Entry: C:\Users\apoor\.p2\pool\plugins\org.eclipse.m2e.maven.runtime_3.9.900.20250220-2013\jars\plexus-cipher-2.0.jar
2025-11-20 00:09:12,047 [Worker-39: Launching Executing install in C__Users_apoor_OneDrive_Desktop_Lost_and_found_Lost-and-found] INFO  o.eclipse.m2e.core.internal.Bundles - 	Entry: C:\Users\apoor\.p2\pool\plugins\org.eclipse.m2e.maven.runtime_3.9.900.20250220-2013\jars\plexus-classworlds-2.8.0.jar
2025-11-20 00:09:12,047 [Worker-39: Launching Executing install in C__Users_apoor_OneDrive_Desktop_Lost_and_found_Lost-and-found] INFO  o.eclipse.m2e.core.internal.Bundles - 	Entry: C:\Users\apoor\.p2\pool\plugins\org.eclipse.m2e.maven.runtime_3.9.900.20250220-2013\jars\plexus-component-annotations-2.1.0.jar
2025-11-20 00:09:12,047 [Worker-39: Launching Executing install in C__Users_apoor_OneDrive_Desktop_Lost_and_found_Lost-and-found] INFO  o.eclipse.m2e.core.internal.Bundles - 	Entry: C:\Users\apoor\.p2\pool\plugins\org.eclipse.m2e.maven.runtime_3.9.900.20250220-2013\jars\plexus-interpolation-1.27.jar
2025-11-20 00:09:12,048 [Worker-39: Launching Executing install in C__Users_apoor_OneDrive_Desktop_Lost_and_found_Lost-and-found] INFO  o.eclipse.m2e.core.internal.Bundles - 	Entry: C:\Users\apoor\.p2\pool\plugins\org.eclipse.m2e.maven.runtime_3.9.900.20250220-2013\jars\plexus-sec-dispatcher-2.0.jar
2025-11-20 00:09:12,048 [Worker-39: Launching Executing install in C__Users_apoor_OneDrive_Desktop_Lost_and_found_Lost-and-found] INFO  o.eclipse.m2e.core.internal.Bundles - 	Entry: C:\Users\apoor\.p2\pool\plugins\org.eclipse.m2e.maven.runtime_3.9.900.20250220-2013\jars\plexus-utils-3.5.1.jar
2025-11-20 00:09:12,048 [Worker-39: Launching Executing install in C__Users_apoor_OneDrive_Desktop_Lost_and_found_Lost-and-found] INFO  o.eclipse.m2e.core.internal.Bundles - 	Entry: C:\Users\apoor\.p2\pool\plugins\org.eclipse.m2e.maven.runtime_3.9.900.20250220-2013\jars\plexus-xml-3.0.1.jar
2025-11-20 00:09:12,049 [Worker-39: Launching Executing install in C__Users_apoor_OneDrive_Desktop_Lost_and_found_Lost-and-found] INFO  o.eclipse.m2e.core.internal.Bundles - 	Entry: C:\Users\apoor\.p2\pool\plugins\org.eclipse.m2e.maven.runtime_3.9.900.20250220-2013\jars\wagon-file-3.5.3.jar
2025-11-20 00:09:12,049 [Worker-39: Launching Executing install in C__Users_apoor_OneDrive_Desktop_Lost_and_found_Lost-and-found] INFO  o.eclipse.m2e.core.internal.Bundles - 	Entry: C:\Users\apoor\.p2\pool\plugins\org.eclipse.m2e.maven.runtime_3.9.900.20250220-2013\jars\wagon-http-3.5.3.jar
2025-11-20 00:09:12,049 [Worker-39: Launching Executing install in C__Users_apoor_OneDrive_Desktop_Lost_and_found_Lost-and-found] INFO  o.eclipse.m2e.core.internal.Bundles - 	Entry: C:\Users\apoor\.p2\pool\plugins\org.eclipse.m2e.maven.runtime_3.9.900.20250220-2013\jars\wagon-http-shared-3.5.3.jar
2025-11-20 00:09:12,050 [Worker-39: Launching Executing install in C__Users_apoor_OneDrive_Desktop_Lost_and_found_Lost-and-found] INFO  o.eclipse.m2e.core.internal.Bundles - 	Entry: C:\Users\apoor\.p2\pool\plugins\org.eclipse.m2e.maven.runtime_3.9.900.20250220-2013\jars\wagon-provider-api-3.5.3.jar
2025-11-20 00:09:12,050 [Worker-39: Launching Executing install in C__Users_apoor_OneDrive_Desktop_Lost_and_found_Lost-and-found] INFO  o.eclipse.m2e.core.internal.Bundles - getClasspathEntries(Bundle=com.google.guava_33.4.0.jre [12])
2025-11-20 00:09:12,051 [Worker-39: Launching Executing install in C__Users_apoor_OneDrive_Desktop_Lost_and_found_Lost-and-found] INFO  o.eclipse.m2e.core.internal.Bundles - 	Entry: C:\Users\apoor\.p2\pool\plugins\com.google.guava_33.4.0.jre.jar
2025-11-20 00:09:12,051 [Worker-39: Launching Executing install in C__Users_apoor_OneDrive_Desktop_Lost_and_found_Lost-and-found] INFO  o.eclipse.m2e.core.internal.Bundles - getClasspathEntries(Bundle=slf4j.api_2.0.17 [522])
2025-11-20 00:09:12,051 [Worker-39: Launching Executing install in C__Users_apoor_OneDrive_Desktop_Lost_and_found_Lost-and-found] INFO  o.eclipse.m2e.core.internal.Bundles - 	Entry: C:\Users\apoor\.p2\pool\plugins\slf4j.api_2.0.17.jar
2025-11-20 00:09:12,051 [Worker-39: Launching Executing install in C__Users_apoor_OneDrive_Desktop_Lost_and_found_Lost-and-found] INFO  o.eclipse.m2e.core.internal.Bundles - getClasspathEntries(Bundle=jakarta.inject.jakarta.inject-api_1.0.5 [24])
2025-11-20 00:09:12,053 [Worker-39: Launching Executing install in C__Users_apoor_OneDrive_Desktop_Lost_and_found_Lost-and-found] INFO  o.eclipse.m2e.core.internal.Bundles - 	Entry: C:\Users\apoor\.p2\pool\plugins\jakarta.inject.jakarta.inject-api_1.0.5.jar
2025-11-20 00:09:12,053 [Worker-39: Launching Executing install in C__Users_apoor_OneDrive_Desktop_Lost_and_found_Lost-and-found] INFO  o.eclipse.m2e.core.internal.Bundles - getClasspathEntries(Bundle=jakarta.annotation-api_1.3.5 [22])
2025-11-20 00:09:12,054 [Worker-39: Launching Executing install in C__Users_apoor_OneDrive_Desktop_Lost_and_found_Lost-and-found] INFO  o.eclipse.m2e.core.internal.Bundles - 	Entry: C:\Users\apoor\.p2\pool\plugins\jakarta.annotation-api_1.3.5.jar
2025-11-20 00:09:12,054 [Worker-39: Launching Executing install in C__Users_apoor_OneDrive_Desktop_Lost_and_found_Lost-and-found] INFO  o.eclipse.m2e.core.internal.Bundles - getClasspathEntries(Bundle=org.apache.commons.cli_1.9.0 [48])
2025-11-20 00:09:12,054 [Worker-39: Launching Executing install in C__Users_apoor_OneDrive_Desktop_Lost_and_found_Lost-and-found] INFO  o.eclipse.m2e.core.internal.Bundles - 	Entry: C:\Users\apoor\.p2\pool\plugins\org.apache.commons.cli_1.9.0.jar
2025-11-20 00:09:12,055 [Worker-39: Launching Executing install in C__Users_apoor_OneDrive_Desktop_Lost_and_found_Lost-and-found] INFO  o.eclipse.m2e.core.internal.Bundles - getClasspathEntries(Bundle=org.apache.commons.commons-codec_1.16.0 [49])
2025-11-20 00:09:12,055 [Worker-39: Launching Executing install in C__Users_apoor_OneDrive_Desktop_Lost_and_found_Lost-and-found] INFO  o.eclipse.m2e.core.internal.Bundles - 	Entry: C:\Users\apoor\.p2\pool\plugins\org.apache.commons.commons-codec_1.16.0.jar
2025-11-20 00:09:12,055 [Worker-39: Launching Executing install in C__Users_apoor_OneDrive_Desktop_Lost_and_found_Lost-and-found] INFO  o.eclipse.m2e.core.internal.Bundles - getClasspathEntries(Bundle=com.google.guava.failureaccess_1.0.2 [13])
2025-11-20 00:09:12,056 [Worker-39: Launching Executing install in C__Users_apoor_OneDrive_Desktop_Lost_and_found_Lost-and-found] INFO  o.eclipse.m2e.core.internal.Bundles - 	Entry: C:\Users\apoor\.p2\pool\plugins\com.google.guava.failureaccess_1.0.2.jar
2025-11-20 00:09:12,058 [Worker-39: Launching Executing install in C__Users_apoor_OneDrive_Desktop_Lost_and_found_Lost-and-found] INFO  o.e.m.i.launch.MavenLaunchDelegate - Run build in "C:\Users\apoor\OneDrive\Desktop\Lost_and_found\Lost-and-found":
2025-11-20 00:09:12,058 [Worker-39: Launching Executing install in C__Users_apoor_OneDrive_Desktop_Lost_and_found_Lost-and-found] INFO  o.e.m.i.launch.MavenLaunchDelegate -  mvn  -B -Dstyle.color=always install
2025-11-20 00:09:52,778 [main] INFO  o.e.m2e.actions.ExecutePomAction - Creating new launch configuration
2025-11-20 00:10:01,788 [Worker-43: Launching Lost-and-found (8)] INFO  o.eclipse.m2e.core.internal.Bundles - getClasspathEntries(Bundle=org.eclipse.m2e.maven.runtime_3.9.900.20250220-2013 [298])
2025-11-20 00:10:01,790 [Worker-43: Launching Lost-and-found (8)] INFO  o.eclipse.m2e.core.internal.Bundles - 	Entry: C:\Users\apoor\.p2\pool\plugins\org.eclipse.m2e.maven.runtime_3.9.900.20250220-2013
2025-11-20 00:10:01,791 [Worker-43: Launching Lost-and-found (8)] INFO  o.eclipse.m2e.core.internal.Bundles - 	Entry: C:\Users\apoor\.p2\pool\plugins\org.eclipse.m2e.maven.runtime_3.9.900.20250220-2013\jars\aopalliance-1.0.jar
2025-11-20 00:10:01,791 [Worker-43: Launching Lost-and-found (8)] INFO  o.eclipse.m2e.core.internal.Bundles - 	Entry: C:\Users\apoor\.p2\pool\plugins\org.eclipse.m2e.maven.runtime_3.9.900.20250220-2013\jars\guice-5.1.0.jar
2025-11-20 00:10:01,792 [Worker-43: Launching Lost-and-found (8)] INFO  o.eclipse.m2e.core.internal.Bundles - 	Entry: C:\Users\apoor\.p2\pool\plugins\org.eclipse.m2e.maven.runtime_3.9.900.20250220-2013\jars\httpclient-4.5.14.jar
2025-11-20 00:10:01,792 [Worker-43: Launching Lost-and-found (8)] INFO  o.eclipse.m2e.core.internal.Bundles - 	Entry: C:\Users\apoor\.p2\pool\plugins\org.eclipse.m2e.maven.runtime_3.9.900.20250220-2013\jars\httpcore-4.4.16.jar
2025-11-20 00:10:01,793 [Worker-43: Launching Lost-and-found (8)] INFO  o.eclipse.m2e.core.internal.Bundles - 	Entry: C:\Users\apoor\.p2\pool\plugins\org.eclipse.m2e.maven.runtime_3.9.900.20250220-2013\jars\jansi-2.4.1.jar
2025-11-20 00:10:01,794 [Worker-43: Launching Lost-and-found (8)] INFO  o.eclipse.m2e.core.internal.Bundles - 	Entry: C:\Users\apoor\.p2\pool\plugins\org.eclipse.m2e.maven.runtime_3.9.900.20250220-2013\jars\jcl-over-slf4j-1.7.36.jar
2025-11-20 00:10:01,794 [Worker-43: Launching Lost-and-found (8)] INFO  o.eclipse.m2e.core.internal.Bundles - 	Entry: C:\Users\apoor\.p2\pool\plugins\org.eclipse.m2e.maven.runtime_3.9.900.20250220-2013\jars\maven-artifact-3.9.9.jar
2025-11-20 00:10:01,796 [Worker-43: Launching Lost-and-found (8)] INFO  o.eclipse.m2e.core.internal.Bundles - 	Entry: C:\Users\apoor\.p2\pool\plugins\org.eclipse.m2e.maven.runtime_3.9.900.20250220-2013\jars\maven-builder-support-3.9.9.jar
2025-11-20 00:10:01,796 [Worker-43: Launching Lost-and-found (8)] INFO  o.eclipse.m2e.core.internal.Bundles - 	Entry: C:\Users\apoor\.p2\pool\plugins\org.eclipse.m2e.maven.runtime_3.9.900.20250220-2013\jars\maven-compat-3.9.9.jar
2025-11-20 00:10:01,797 [Worker-43: Launching Lost-and-found (8)] INFO  o.eclipse.m2e.core.internal.Bundles - 	Entry: C:\Users\apoor\.p2\pool\plugins\org.eclipse.m2e.maven.runtime_3.9.900.20250220-2013\jars\maven-core-3.9.9.jar
2025-11-20 00:10:01,797 [Worker-43: Launching Lost-and-found (8)] INFO  o.eclipse.m2e.core.internal.Bundles - 	Entry: C:\Users\apoor\.p2\pool\plugins\org.eclipse.m2e.maven.runtime_3.9.900.20250220-2013\jars\maven-embedder-3.9.9.jar
2025-11-20 00:10:01,797 [Worker-43: Launching Lost-and-found (8)] INFO  o.eclipse.m2e.core.internal.Bundles - 	Entry: C:\Users\apoor\.p2\pool\plugins\org.eclipse.m2e.maven.runtime_3.9.900.20250220-2013\jars\maven-model-3.9.9.jar
2025-11-20 00:10:01,798 [Worker-43: Launching Lost-and-found (8)] INFO  o.eclipse.m2e.core.internal.Bundles - 	Entry: C:\Users\apoor\.p2\pool\plugins\org.eclipse.m2e.maven.runtime_3.9.900.20250220-2013\jars\maven-model-builder-3.9.9.jar
2025-11-20 00:10:01,798 [Worker-43: Launching Lost-and-found (8)] INFO  o.eclipse.m2e.core.internal.Bundles - 	Entry: C:\Users\apoor\.p2\pool\plugins\org.eclipse.m2e.maven.runtime_3.9.900.20250220-2013\jars\maven-plugin-api-3.9.9.jar
2025-11-20 00:10:01,798 [Worker-43: Launching Lost-and-found (8)] INFO  o.eclipse.m2e.core.internal.Bundles - 	Entry: C:\Users\apoor\.p2\pool\plugins\org.eclipse.m2e.maven.runtime_3.9.900.20250220-2013\jars\maven-repository-metadata-3.9.9.jar
2025-11-20 00:10:01,798 [Worker-43: Launching Lost-and-found (8)] INFO  o.eclipse.m2e.core.internal.Bundles - 	Entry: C:\Users\apoor\.p2\pool\plugins\org.eclipse.m2e.maven.runtime_3.9.900.20250220-2013\jars\maven-resolver-api-1.9.22.jar
2025-11-20 00:10:01,799 [Worker-43: Launching Lost-and-found (8)] INFO  o.eclipse.m2e.core.internal.Bundles - 	Entry: C:\Users\apoor\.p2\pool\plugins\org.eclipse.m2e.maven.runtime_3.9.900.20250220-2013\jars\maven-resolver-connector-basic-1.9.22.jar
2025-11-20 00:10:01,799 [Worker-43: Launching Lost-and-found (8)] INFO  o.eclipse.m2e.core.internal.Bundles - 	Entry: C:\Users\apoor\.p2\pool\plugins\org.eclipse.m2e.maven.runtime_3.9.900.20250220-2013\jars\maven-resolver-impl-1.9.22.jar
2025-11-20 00:10:01,799 [Worker-43: Launching Lost-and-found (8)] INFO  o.eclipse.m2e.core.internal.Bundles - 	Entry: C:\Users\apoor\.p2\pool\plugins\org.eclipse.m2e.maven.runtime_3.9.900.20250220-2013\jars\maven-resolver-named-locks-1.9.22.jar
2025-11-20 00:10:01,800 [Worker-43: Launching Lost-and-found (8)] INFO  o.eclipse.m2e.core.internal.Bundles - 	Entry: C:\Users\apoor\.p2\pool\plugins\org.eclipse.m2e.maven.runtime_3.9.900.20250220-2013\jars\maven-resolver-provider-3.9.9.jar
2025-11-20 00:10:01,801 [Worker-43: Launching Lost-and-found (8)] INFO  o.eclipse.m2e.core.internal.Bundles - 	Entry: C:\Users\apoor\.p2\pool\plugins\org.eclipse.m2e.maven.runtime_3.9.900.20250220-2013\jars\maven-resolver-spi-1.9.22.jar
2025-11-20 00:10:01,802 [Worker-43: Launching Lost-and-found (8)] INFO  o.eclipse.m2e.core.internal.Bundles - 	Entry: C:\Users\apoor\.p2\pool\plugins\org.eclipse.m2e.maven.runtime_3.9.900.20250220-2013\jars\maven-resolver-transport-file-1.9.22.jar
2025-11-20 00:10:01,803 [Worker-43: Launching Lost-and-found (8)] INFO  o.eclipse.m2e.core.internal.Bundles - 	Entry: C:\Users\apoor\.p2\pool\plugins\org.eclipse.m2e.maven.runtime_3.9.900.20250220-2013\jars\maven-resolver-transport-http-1.9.22.jar
2025-11-20 00:10:01,803 [Worker-43: Launching Lost-and-found (8)] INFO  o.eclipse.m2e.core.internal.Bundles - 	Entry: C:\Users\apoor\.p2\pool\plugins\org.eclipse.m2e.maven.runtime_3.9.900.20250220-2013\jars\maven-resolver-transport-wagon-1.9.22.jar
2025-11-20 00:10:01,803 [Worker-43: Launching Lost-and-found (8)] INFO  o.eclipse.m2e.core.internal.Bundles - 	Entry: C:\Users\apoor\.p2\pool\plugins\org.eclipse.m2e.maven.runtime_3.9.900.20250220-2013\jars\maven-resolver-util-1.9.22.jar
2025-11-20 00:10:01,803 [Worker-43: Launching Lost-and-found (8)] INFO  o.eclipse.m2e.core.internal.Bundles - 	Entry: C:\Users\apoor\.p2\pool\plugins\org.eclipse.m2e.maven.runtime_3.9.900.20250220-2013\jars\maven-settings-3.9.9.jar
2025-11-20 00:10:01,804 [Worker-43: Launching Lost-and-found (8)] INFO  o.eclipse.m2e.core.internal.Bundles - 	Entry: C:\Users\apoor\.p2\pool\plugins\org.eclipse.m2e.maven.runtime_3.9.900.20250220-2013\jars\maven-settings-builder-3.9.9.jar
2025-11-20 00:10:01,805 [Worker-43: Launching Lost-and-found (8)] INFO  o.eclipse.m2e.core.internal.Bundles - 	Entry: C:\Users\apoor\.p2\pool\plugins\org.eclipse.m2e.maven.runtime_3.9.900.20250220-2013\jars\maven-shared-utils-3.4.2.jar
2025-11-20 00:10:01,805 [Worker-43: Launching Lost-and-found (8)] INFO  o.eclipse.m2e.core.internal.Bundles - 	Entry: C:\Users\apoor\.p2\pool\plugins\org.eclipse.m2e.maven.runtime_3.9.900.20250220-2013\jars\org.eclipse.sisu.inject-0.9.0.M3.jar
2025-11-20 00:10:01,805 [Worker-43: Launching Lost-and-found (8)] INFO  o.eclipse.m2e.core.internal.Bundles - 	Entry: C:\Users\apoor\.p2\pool\plugins\org.eclipse.m2e.maven.runtime_3.9.900.20250220-2013\jars\org.eclipse.sisu.plexus-0.9.0.M3.jar
2025-11-20 00:10:01,806 [Worker-43: Launching Lost-and-found (8)] INFO  o.eclipse.m2e.core.internal.Bundles - 	Entry: C:\Users\apoor\.p2\pool\plugins\org.eclipse.m2e.maven.runtime_3.9.900.20250220-2013\jars\plexus-build-api-0.0.7.jar
2025-11-20 00:10:01,806 [Worker-43: Launching Lost-and-found (8)] INFO  o.eclipse.m2e.core.internal.Bundles - 	Entry: C:\Users\apoor\.p2\pool\plugins\org.eclipse.m2e.maven.runtime_3.9.900.20250220-2013\jars\plexus-build-api-1.2.0.jar
2025-11-20 00:10:01,806 [Worker-43: Launching Lost-and-found (8)] INFO  o.eclipse.m2e.core.internal.Bundles - 	Entry: C:\Users\apoor\.p2\pool\plugins\org.eclipse.m2e.maven.runtime_3.9.900.20250220-2013\jars\plexus-cipher-2.0.jar
2025-11-20 00:10:01,806 [Worker-43: Launching Lost-and-found (8)] INFO  o.eclipse.m2e.core.internal.Bundles - 	Entry: C:\Users\apoor\.p2\pool\plugins\org.eclipse.m2e.maven.runtime_3.9.900.20250220-2013\jars\plexus-classworlds-2.8.0.jar
2025-11-20 00:10:01,806 [Worker-43: Launching Lost-and-found (8)] INFO  o.eclipse.m2e.core.internal.Bundles - 	Entry: C:\Users\apoor\.p2\pool\plugins\org.eclipse.m2e.maven.runtime_3.9.900.20250220-2013\jars\plexus-component-annotations-2.1.0.jar
2025-11-20 00:10:01,807 [Worker-43: Launching Lost-and-found (8)] INFO  o.eclipse.m2e.core.internal.Bundles - 	Entry: C:\Users\apoor\.p2\pool\plugins\org.eclipse.m2e.maven.runtime_3.9.900.20250220-2013\jars\plexus-interpolation-1.27.jar
2025-11-20 00:10:01,807 [Worker-43: Launching Lost-and-found (8)] INFO  o.eclipse.m2e.core.internal.Bundles - 	Entry: C:\Users\apoor\.p2\pool\plugins\org.eclipse.m2e.maven.runtime_3.9.900.20250220-2013\jars\plexus-sec-dispatcher-2.0.jar
2025-11-20 00:10:01,807 [Worker-43: Launching Lost-and-found (8)] INFO  o.eclipse.m2e.core.internal.Bundles - 	Entry: C:\Users\apoor\.p2\pool\plugins\org.eclipse.m2e.maven.runtime_3.9.900.20250220-2013\jars\plexus-utils-3.5.1.jar
2025-11-20 00:10:01,807 [Worker-43: Launching Lost-and-found (8)] INFO  o.eclipse.m2e.core.internal.Bundles - 	Entry: C:\Users\apoor\.p2\pool\plugins\org.eclipse.m2e.maven.runtime_3.9.900.20250220-2013\jars\plexus-xml-3.0.1.jar
2025-11-20 00:10:01,808 [Worker-43: Launching Lost-and-found (8)] INFO  o.eclipse.m2e.core.internal.Bundles - 	Entry: C:\Users\apoor\.p2\pool\plugins\org.eclipse.m2e.maven.runtime_3.9.900.20250220-2013\jars\wagon-file-3.5.3.jar
2025-11-20 00:10:01,808 [Worker-43: Launching Lost-and-found (8)] INFO  o.eclipse.m2e.core.internal.Bundles - 	Entry: C:\Users\apoor\.p2\pool\plugins\org.eclipse.m2e.maven.runtime_3.9.900.20250220-2013\jars\wagon-http-3.5.3.jar
2025-11-20 00:10:01,808 [Worker-43: Launching Lost-and-found (8)] INFO  o.eclipse.m2e.core.internal.Bundles - 	Entry: C:\Users\apoor\.p2\pool\plugins\org.eclipse.m2e.maven.runtime_3.9.900.20250220-2013\jars\wagon-http-shared-3.5.3.jar
2025-11-20 00:10:01,809 [Worker-43: Launching Lost-and-found (8)] INFO  o.eclipse.m2e.core.internal.Bundles - 	Entry: C:\Users\apoor\.p2\pool\plugins\org.eclipse.m2e.maven.runtime_3.9.900.20250220-2013\jars\wagon-provider-api-3.5.3.jar
2025-11-20 00:10:01,809 [Worker-43: Launching Lost-and-found (8)] INFO  o.eclipse.m2e.core.internal.Bundles - getClasspathEntries(Bundle=com.google.guava_33.4.0.jre [12])
2025-11-20 00:10:01,810 [Worker-43: Launching Lost-and-found (8)] INFO  o.eclipse.m2e.core.internal.Bundles - 	Entry: C:\Users\apoor\.p2\pool\plugins\com.google.guava_33.4.0.jre.jar
2025-11-20 00:10:01,811 [Worker-43: Launching Lost-and-found (8)] INFO  o.eclipse.m2e.core.internal.Bundles - getClasspathEntries(Bundle=slf4j.api_2.0.17 [522])
2025-11-20 00:10:01,811 [Worker-43: Launching Lost-and-found (8)] INFO  o.eclipse.m2e.core.internal.Bundles - 	Entry: C:\Users\apoor\.p2\pool\plugins\slf4j.api_2.0.17.jar
2025-11-20 00:10:01,811 [Worker-43: Launching Lost-and-found (8)] INFO  o.eclipse.m2e.core.internal.Bundles - getClasspathEntries(Bundle=jakarta.inject.jakarta.inject-api_1.0.5 [24])
2025-11-20 00:10:01,812 [Worker-43: Launching Lost-and-found (8)] INFO  o.eclipse.m2e.core.internal.Bundles - 	Entry: C:\Users\apoor\.p2\pool\plugins\jakarta.inject.jakarta.inject-api_1.0.5.jar
2025-11-20 00:10:01,812 [Worker-43: Launching Lost-and-found (8)] INFO  o.eclipse.m2e.core.internal.Bundles - getClasspathEntries(Bundle=jakarta.annotation-api_1.3.5 [22])
2025-11-20 00:10:01,812 [Worker-43: Launching Lost-and-found (8)] INFO  o.eclipse.m2e.core.internal.Bundles - 	Entry: C:\Users\apoor\.p2\pool\plugins\jakarta.annotation-api_1.3.5.jar
2025-11-20 00:10:01,812 [Worker-43: Launching Lost-and-found (8)] INFO  o.eclipse.m2e.core.internal.Bundles - getClasspathEntries(Bundle=org.apache.commons.cli_1.9.0 [48])
2025-11-20 00:10:01,813 [Worker-43: Launching Lost-and-found (8)] INFO  o.eclipse.m2e.core.internal.Bundles - 	Entry: C:\Users\apoor\.p2\pool\plugins\org.apache.commons.cli_1.9.0.jar
2025-11-20 00:10:01,813 [Worker-43: Launching Lost-and-found (8)] INFO  o.eclipse.m2e.core.internal.Bundles - getClasspathEntries(Bundle=org.apache.commons.commons-codec_1.16.0 [49])
2025-11-20 00:10:01,813 [Worker-43: Launching Lost-and-found (8)] INFO  o.eclipse.m2e.core.internal.Bundles - 	Entry: C:\Users\apoor\.p2\pool\plugins\org.apache.commons.commons-codec_1.16.0.jar
2025-11-20 00:10:01,813 [Worker-43: Launching Lost-and-found (8)] INFO  o.eclipse.m2e.core.internal.Bundles - getClasspathEntries(Bundle=com.google.guava.failureaccess_1.0.2 [13])
2025-11-20 00:10:01,814 [Worker-43: Launching Lost-and-found (8)] INFO  o.eclipse.m2e.core.internal.Bundles - 	Entry: C:\Users\apoor\.p2\pool\plugins\com.google.guava.failureaccess_1.0.2.jar
2025-11-20 00:10:01,816 [Worker-43: Launching Lost-and-found (8)] INFO  o.e.m.i.launch.MavenLaunchDelegate - Run build in "C:\Users\apoor\OneDrive\Desktop\Lost_and_found\Lost-and-found":
2025-11-20 00:10:01,818 [Worker-43: Launching Lost-and-found (8)] INFO  o.e.m.i.launch.MavenLaunchDelegate -  mvn  -B -Dstyle.color=always clean install
2025-11-20 00:10:01,819 [Worker-43: Launching Lost-and-found (8)] WARN  o.e.m.i.l.MavenLaunchExtensionsSupport - Unknown or unsupported source locator org.eclipse.jdt.internal.launching.sourcelookup.advanced.AdvancedSourceLookupDirector
2025-11-20 00:11:02,360 [Worker-45: Building] INFO  o.a.m.s.f.DefaultMavenResourcesFiltering - Copying 1 resource from src\main\resources to target\classes
2025-11-20 00:11:02,396 [Worker-45: Building] INFO  o.a.m.s.f.DefaultMavenResourcesFiltering - Copying 0 resource from src\main\resources to target\classes
2025-11-20 00:11:02,406 [Worker-45: Building] INFO  o.a.m.s.f.DefaultMavenResourcesFiltering - skip non existing resourceDirectory C:\Users\apoor\OneDrive\Desktop\Lost_and_found\Lost-and-found\src\test\resources
2025-11-20 00:12:52,926 [main] INFO  o.e.m2e.actions.ExecutePomAction - Creating new launch configuration
2025-11-20 00:12:59,252 [Worker-39: Launching Lost-and-found (9)] INFO  o.eclipse.m2e.core.internal.Bundles - getClasspathEntries(Bundle=org.eclipse.m2e.maven.runtime_3.9.900.20250220-2013 [298])
2025-11-20 00:12:59,253 [Worker-39: Launching Lost-and-found (9)] INFO  o.eclipse.m2e.core.internal.Bundles - 	Entry: C:\Users\apoor\.p2\pool\plugins\org.eclipse.m2e.maven.runtime_3.9.900.20250220-2013
2025-11-20 00:12:59,254 [Worker-39: Launching Lost-and-found (9)] INFO  o.eclipse.m2e.core.internal.Bundles - 	Entry: C:\Users\apoor\.p2\pool\plugins\org.eclipse.m2e.maven.runtime_3.9.900.20250220-2013\jars\aopalliance-1.0.jar
2025-11-20 00:12:59,254 [Worker-39: Launching Lost-and-found (9)] INFO  o.eclipse.m2e.core.internal.Bundles - 	Entry: C:\Users\apoor\.p2\pool\plugins\org.eclipse.m2e.maven.runtime_3.9.900.20250220-2013\jars\guice-5.1.0.jar
2025-11-20 00:12:59,254 [Worker-39: Launching Lost-and-found (9)] INFO  o.eclipse.m2e.core.internal.Bundles - 	Entry: C:\Users\apoor\.p2\pool\plugins\org.eclipse.m2e.maven.runtime_3.9.900.20250220-2013\jars\httpclient-4.5.14.jar
2025-11-20 00:12:59,255 [Worker-39: Launching Lost-and-found (9)] INFO  o.eclipse.m2e.core.internal.Bundles - 	Entry: C:\Users\apoor\.p2\pool\plugins\org.eclipse.m2e.maven.runtime_3.9.900.20250220-2013\jars\httpcore-4.4.16.jar
2025-11-20 00:12:59,255 [Worker-39: Launching Lost-and-found (9)] INFO  o.eclipse.m2e.core.internal.Bundles - 	Entry: C:\Users\apoor\.p2\pool\plugins\org.eclipse.m2e.maven.runtime_3.9.900.20250220-2013\jars\jansi-2.4.1.jar
2025-11-20 00:12:59,255 [Worker-39: Launching Lost-and-found (9)] INFO  o.eclipse.m2e.core.internal.Bundles - 	Entry: C:\Users\apoor\.p2\pool\plugins\org.eclipse.m2e.maven.runtime_3.9.900.20250220-2013\jars\jcl-over-slf4j-1.7.36.jar
2025-11-20 00:12:59,255 [Worker-39: Launching Lost-and-found (9)] INFO  o.eclipse.m2e.core.internal.Bundles - 	Entry: C:\Users\apoor\.p2\pool\plugins\org.eclipse.m2e.maven.runtime_3.9.900.20250220-2013\jars\maven-artifact-3.9.9.jar
2025-11-20 00:12:59,255 [Worker-39: Launching Lost-and-found (9)] INFO  o.eclipse.m2e.core.internal.Bundles - 	Entry: C:\Users\apoor\.p2\pool\plugins\org.eclipse.m2e.maven.runtime_3.9.900.20250220-2013\jars\maven-builder-support-3.9.9.jar
2025-11-20 00:12:59,256 [Worker-39: Launching Lost-and-found (9)] INFO  o.eclipse.m2e.core.internal.Bundles - 	Entry: C:\Users\apoor\.p2\pool\plugins\org.eclipse.m2e.maven.runtime_3.9.900.20250220-2013\jars\maven-compat-3.9.9.jar
2025-11-20 00:12:59,256 [Worker-39: Launching Lost-and-found (9)] INFO  o.eclipse.m2e.core.internal.Bundles - 	Entry: C:\Users\apoor\.p2\pool\plugins\org.eclipse.m2e.maven.runtime_3.9.900.20250220-2013\jars\maven-core-3.9.9.jar
2025-11-20 00:12:59,256 [Worker-39: Launching Lost-and-found (9)] INFO  o.eclipse.m2e.core.internal.Bundles - 	Entry: C:\Users\apoor\.p2\pool\plugins\org.eclipse.m2e.maven.runtime_3.9.900.20250220-2013\jars\maven-embedder-3.9.9.jar
2025-11-20 00:12:59,256 [Worker-39: Launching Lost-and-found (9)] INFO  o.eclipse.m2e.core.internal.Bundles - 	Entry: C:\Users\apoor\.p2\pool\plugins\org.eclipse.m2e.maven.runtime_3.9.900.20250220-2013\jars\maven-model-3.9.9.jar
2025-11-20 00:12:59,257 [Worker-39: Launching Lost-and-found (9)] INFO  o.eclipse.m2e.core.internal.Bundles - 	Entry: C:\Users\apoor\.p2\pool\plugins\org.eclipse.m2e.maven.runtime_3.9.900.20250220-2013\jars\maven-model-builder-3.9.9.jar
2025-11-20 00:12:59,257 [Worker-39: Launching Lost-and-found (9)] INFO  o.eclipse.m2e.core.internal.Bundles - 	Entry: C:\Users\apoor\.p2\pool\plugins\org.eclipse.m2e.maven.runtime_3.9.900.20250220-2013\jars\maven-plugin-api-3.9.9.jar
2025-11-20 00:12:59,258 [Worker-39: Launching Lost-and-found (9)] INFO  o.eclipse.m2e.core.internal.Bundles - 	Entry: C:\Users\apoor\.p2\pool\plugins\org.eclipse.m2e.maven.runtime_3.9.900.20250220-2013\jars\maven-repository-metadata-3.9.9.jar
2025-11-20 00:12:59,258 [Worker-39: Launching Lost-and-found (9)] INFO  o.eclipse.m2e.core.internal.Bundles - 	Entry: C:\Users\apoor\.p2\pool\plugins\org.eclipse.m2e.maven.runtime_3.9.900.20250220-2013\jars\maven-resolver-api-1.9.22.jar
2025-11-20 00:12:59,258 [Worker-39: Launching Lost-and-found (9)] INFO  o.eclipse.m2e.core.internal.Bundles - 	Entry: C:\Users\apoor\.p2\pool\plugins\org.eclipse.m2e.maven.runtime_3.9.900.20250220-2013\jars\maven-resolver-connector-basic-1.9.22.jar
2025-11-20 00:12:59,258 [Worker-39: Launching Lost-and-found (9)] INFO  o.eclipse.m2e.core.internal.Bundles - 	Entry: C:\Users\apoor\.p2\pool\plugins\org.eclipse.m2e.maven.runtime_3.9.900.20250220-2013\jars\maven-resolver-impl-1.9.22.jar
2025-11-20 00:12:59,258 [Worker-39: Launching Lost-and-found (9)] INFO  o.eclipse.m2e.core.internal.Bundles - 	Entry: C:\Users\apoor\.p2\pool\plugins\org.eclipse.m2e.maven.runtime_3.9.900.20250220-2013\jars\maven-resolver-named-locks-1.9.22.jar
2025-11-20 00:12:59,259 [Worker-39: Launching Lost-and-found (9)] INFO  o.eclipse.m2e.core.internal.Bundles - 	Entry: C:\Users\apoor\.p2\pool\plugins\org.eclipse.m2e.maven.runtime_3.9.900.20250220-2013\jars\maven-resolver-provider-3.9.9.jar
2025-11-20 00:12:59,259 [Worker-39: Launching Lost-and-found (9)] INFO  o.eclipse.m2e.core.internal.Bundles - 	Entry: C:\Users\apoor\.p2\pool\plugins\org.eclipse.m2e.maven.runtime_3.9.900.20250220-2013\jars\maven-resolver-spi-1.9.22.jar
2025-11-20 00:12:59,260 [Worker-39: Launching Lost-and-found (9)] INFO  o.eclipse.m2e.core.internal.Bundles - 	Entry: C:\Users\apoor\.p2\pool\plugins\org.eclipse.m2e.maven.runtime_3.9.900.20250220-2013\jars\maven-resolver-transport-file-1.9.22.jar
2025-11-20 00:12:59,260 [Worker-39: Launching Lost-and-found (9)] INFO  o.eclipse.m2e.core.internal.Bundles - 	Entry: C:\Users\apoor\.p2\pool\plugins\org.eclipse.m2e.maven.runtime_3.9.900.20250220-2013\jars\maven-resolver-transport-http-1.9.22.jar
2025-11-20 00:12:59,260 [Worker-39: Launching Lost-and-found (9)] INFO  o.eclipse.m2e.core.internal.Bundles - 	Entry: C:\Users\apoor\.p2\pool\plugins\org.eclipse.m2e.maven.runtime_3.9.900.20250220-2013\jars\maven-resolver-transport-wagon-1.9.22.jar
2025-11-20 00:12:59,261 [Worker-39: Launching Lost-and-found (9)] INFO  o.eclipse.m2e.core.internal.Bundles - 	Entry: C:\Users\apoor\.p2\pool\plugins\org.eclipse.m2e.maven.runtime_3.9.900.20250220-2013\jars\maven-resolver-util-1.9.22.jar
2025-11-20 00:12:59,261 [Worker-39: Launching Lost-and-found (9)] INFO  o.eclipse.m2e.core.internal.Bundles - 	Entry: C:\Users\apoor\.p2\pool\plugins\org.eclipse.m2e.maven.runtime_3.9.900.20250220-2013\jars\maven-settings-3.9.9.jar
2025-11-20 00:12:59,262 [Worker-39: Launching Lost-and-found (9)] INFO  o.eclipse.m2e.core.internal.Bundles - 	Entry: C:\Users\apoor\.p2\pool\plugins\org.eclipse.m2e.maven.runtime_3.9.900.20250220-2013\jars\maven-settings-builder-3.9.9.jar
2025-11-20 00:12:59,262 [Worker-39: Launching Lost-and-found (9)] INFO  o.eclipse.m2e.core.internal.Bundles - 	Entry: C:\Users\apoor\.p2\pool\plugins\org.eclipse.m2e.maven.runtime_3.9.900.20250220-2013\jars\maven-shared-utils-3.4.2.jar
2025-11-20 00:12:59,263 [Worker-39: Launching Lost-and-found (9)] INFO  o.eclipse.m2e.core.internal.Bundles - 	Entry: C:\Users\apoor\.p2\pool\plugins\org.eclipse.m2e.maven.runtime_3.9.900.20250220-2013\jars\org.eclipse.sisu.inject-0.9.0.M3.jar
2025-11-20 00:12:59,263 [Worker-39: Launching Lost-and-found (9)] INFO  o.eclipse.m2e.core.internal.Bundles - 	Entry: C:\Users\apoor\.p2\pool\plugins\org.eclipse.m2e.maven.runtime_3.9.900.20250220-2013\jars\org.eclipse.sisu.plexus-0.9.0.M3.jar
2025-11-20 00:12:59,263 [Worker-39: Launching Lost-and-found (9)] INFO  o.eclipse.m2e.core.internal.Bundles - 	Entry: C:\Users\apoor\.p2\pool\plugins\org.eclipse.m2e.maven.runtime_3.9.900.20250220-2013\jars\plexus-build-api-0.0.7.jar
2025-11-20 00:12:59,264 [Worker-39: Launching Lost-and-found (9)] INFO  o.eclipse.m2e.core.internal.Bundles - 	Entry: C:\Users\apoor\.p2\pool\plugins\org.eclipse.m2e.maven.runtime_3.9.900.20250220-2013\jars\plexus-build-api-1.2.0.jar
2025-11-20 00:12:59,265 [Worker-39: Launching Lost-and-found (9)] INFO  o.eclipse.m2e.core.internal.Bundles - 	Entry: C:\Users\apoor\.p2\pool\plugins\org.eclipse.m2e.maven.runtime_3.9.900.20250220-2013\jars\plexus-cipher-2.0.jar
2025-11-20 00:12:59,265 [Worker-39: Launching Lost-and-found (9)] INFO  o.eclipse.m2e.core.internal.Bundles - 	Entry: C:\Users\apoor\.p2\pool\plugins\org.eclipse.m2e.maven.runtime_3.9.900.20250220-2013\jars\plexus-classworlds-2.8.0.jar
2025-11-20 00:12:59,265 [Worker-39: Launching Lost-and-found (9)] INFO  o.eclipse.m2e.core.internal.Bundles - 	Entry: C:\Users\apoor\.p2\pool\plugins\org.eclipse.m2e.maven.runtime_3.9.900.20250220-2013\jars\plexus-component-annotations-2.1.0.jar
2025-11-20 00:12:59,266 [Worker-39: Launching Lost-and-found (9)] INFO  o.eclipse.m2e.core.internal.Bundles - 	Entry: C:\Users\apoor\.p2\pool\plugins\org.eclipse.m2e.maven.runtime_3.9.900.20250220-2013\jars\plexus-interpolation-1.27.jar
2025-11-20 00:12:59,266 [Worker-39: Launching Lost-and-found (9)] INFO  o.eclipse.m2e.core.internal.Bundles - 	Entry: C:\Users\apoor\.p2\pool\plugins\org.eclipse.m2e.maven.runtime_3.9.900.20250220-2013\jars\plexus-sec-dispatcher-2.0.jar
2025-11-20 00:12:59,266 [Worker-39: Launching Lost-and-found (9)] INFO  o.eclipse.m2e.core.internal.Bundles - 	Entry: C:\Users\apoor\.p2\pool\plugins\org.eclipse.m2e.maven.runtime_3.9.900.20250220-2013\jars\plexus-utils-3.5.1.jar
2025-11-20 00:12:59,267 [Worker-39: Launching Lost-and-found (9)] INFO  o.eclipse.m2e.core.internal.Bundles - 	Entry: C:\Users\apoor\.p2\pool\plugins\org.eclipse.m2e.maven.runtime_3.9.900.20250220-2013\jars\plexus-xml-3.0.1.jar
2025-11-20 00:12:59,267 [Worker-39: Launching Lost-and-found (9)] INFO  o.eclipse.m2e.core.internal.Bundles - 	Entry: C:\Users\apoor\.p2\pool\plugins\org.eclipse.m2e.maven.runtime_3.9.900.20250220-2013\jars\wagon-file-3.5.3.jar
2025-11-20 00:12:59,267 [Worker-39: Launching Lost-and-found (9)] INFO  o.eclipse.m2e.core.internal.Bundles - 	Entry: C:\Users\apoor\.p2\pool\plugins\org.eclipse.m2e.maven.runtime_3.9.900.20250220-2013\jars\wagon-http-3.5.3.jar
2025-11-20 00:12:59,268 [Worker-39: Launching Lost-and-found (9)] INFO  o.eclipse.m2e.core.internal.Bundles - 	Entry: C:\Users\apoor\.p2\pool\plugins\org.eclipse.m2e.maven.runtime_3.9.900.20250220-2013\jars\wagon-http-shared-3.5.3.jar
2025-11-20 00:12:59,268 [Worker-39: Launching Lost-and-found (9)] INFO  o.eclipse.m2e.core.internal.Bundles - 	Entry: C:\Users\apoor\.p2\pool\plugins\org.eclipse.m2e.maven.runtime_3.9.900.20250220-2013\jars\wagon-provider-api-3.5.3.jar
2025-11-20 00:12:59,268 [Worker-39: Launching Lost-and-found (9)] INFO  o.eclipse.m2e.core.internal.Bundles - getClasspathEntries(Bundle=com.google.guava_33.4.0.jre [12])
2025-11-20 00:12:59,269 [Worker-39: Launching Lost-and-found (9)] INFO  o.eclipse.m2e.core.internal.Bundles - 	Entry: C:\Users\apoor\.p2\pool\plugins\com.google.guava_33.4.0.jre.jar
2025-11-20 00:12:59,270 [Worker-39: Launching Lost-and-found (9)] INFO  o.eclipse.m2e.core.internal.Bundles - getClasspathEntries(Bundle=slf4j.api_2.0.17 [522])
2025-11-20 00:12:59,270 [Worker-39: Launching Lost-and-found (9)] INFO  o.eclipse.m2e.core.internal.Bundles - 	Entry: C:\Users\apoor\.p2\pool\plugins\slf4j.api_2.0.17.jar
2025-11-20 00:12:59,271 [Worker-39: Launching Lost-and-found (9)] INFO  o.eclipse.m2e.core.internal.Bundles - getClasspathEntries(Bundle=jakarta.inject.jakarta.inject-api_1.0.5 [24])
2025-11-20 00:12:59,271 [Worker-39: Launching Lost-and-found (9)] INFO  o.eclipse.m2e.core.internal.Bundles - 	Entry: C:\Users\apoor\.p2\pool\plugins\jakarta.inject.jakarta.inject-api_1.0.5.jar
2025-11-20 00:12:59,271 [Worker-39: Launching Lost-and-found (9)] INFO  o.eclipse.m2e.core.internal.Bundles - getClasspathEntries(Bundle=jakarta.annotation-api_1.3.5 [22])
2025-11-20 00:12:59,272 [Worker-39: Launching Lost-and-found (9)] INFO  o.eclipse.m2e.core.internal.Bundles - 	Entry: C:\Users\apoor\.p2\pool\plugins\jakarta.annotation-api_1.3.5.jar
2025-11-20 00:12:59,272 [Worker-39: Launching Lost-and-found (9)] INFO  o.eclipse.m2e.core.internal.Bundles - getClasspathEntries(Bundle=org.apache.commons.cli_1.9.0 [48])
2025-11-20 00:12:59,273 [Worker-39: Launching Lost-and-found (9)] INFO  o.eclipse.m2e.core.internal.Bundles - 	Entry: C:\Users\apoor\.p2\pool\plugins\org.apache.commons.cli_1.9.0.jar
2025-11-20 00:12:59,273 [Worker-39: Launching Lost-and-found (9)] INFO  o.eclipse.m2e.core.internal.Bundles - getClasspathEntries(Bundle=org.apache.commons.commons-codec_1.16.0 [49])
2025-11-20 00:12:59,274 [Worker-39: Launching Lost-and-found (9)] INFO  o.eclipse.m2e.core.internal.Bundles - 	Entry: C:\Users\apoor\.p2\pool\plugins\org.apache.commons.commons-codec_1.16.0.jar
2025-11-20 00:12:59,274 [Worker-39: Launching Lost-and-found (9)] INFO  o.eclipse.m2e.core.internal.Bundles - getClasspathEntries(Bundle=com.google.guava.failureaccess_1.0.2 [13])
2025-11-20 00:12:59,275 [Worker-39: Launching Lost-and-found (9)] INFO  o.eclipse.m2e.core.internal.Bundles - 	Entry: C:\Users\apoor\.p2\pool\plugins\com.google.guava.failureaccess_1.0.2.jar
2025-11-20 00:12:59,277 [Worker-39: Launching Lost-and-found (9)] INFO  o.e.m.i.launch.MavenLaunchDelegate - Run build in "C:\Users\apoor\OneDrive\Desktop\Lost_and_found\Lost-and-found":
2025-11-20 00:12:59,277 [Worker-39: Launching Lost-and-found (9)] INFO  o.e.m.i.launch.MavenLaunchDelegate -  mvn  -B -Dstyle.color=always clean install
2025-11-20 00:15:21,835 [Worker-48: Building] INFO  o.a.m.s.f.DefaultMavenResourcesFiltering - Copying 1 resource from src\main\resources to target\classes
2025-11-20 00:15:21,859 [Worker-48: Building] INFO  o.a.m.s.f.DefaultMavenResourcesFiltering - Copying 0 resource from src\main\resources to target\classes
2025-11-20 00:15:21,905 [Worker-48: Building] INFO  o.a.m.s.f.DefaultMavenResourcesFiltering - skip non existing resourceDirectory C:\Users\apoor\OneDrive\Desktop\Lost_and_found\Lost-and-found\src\test\resources
2025-11-20 00:20:39,902 [Worker-49: Building] INFO  o.a.m.s.f.DefaultMavenResourcesFiltering - Copying 1 resource from src\main\resources to target\classes
2025-11-20 00:20:39,936 [Worker-49: Building] INFO  o.a.m.s.f.DefaultMavenResourcesFiltering - Copying 0 resource from src\main\resources to target\classes
2025-11-20 00:20:39,942 [Worker-49: Building] INFO  o.a.m.s.f.DefaultMavenResourcesFiltering - skip non existing resourceDirectory C:\Users\apoor\OneDrive\Desktop\Lost_and_found\Lost-and-found\src\test\resources
2025-11-20 00:22:43,427 [Worker-51: Updating Maven Project] INFO  o.e.m.c.i.p.ProjectConfigurationManager - Update started
2025-11-20 00:22:45,012 [Worker-51: Updating Maven Project] INFO  o.e.m.c.i.l.LifecycleMappingFactory - Using org.eclipse.m2e.jdt.JarLifecycleMapping lifecycle mapping for MavenProject: com.example:lostandfound:0.0.1-SNAPSHOT @ C:\Users\apoor\OneDrive\Desktop\Lost_and_found\Lost-and-found\pom.xml.
2025-11-20 00:22:47,931 [Worker-51: Updating Maven Project] INFO  o.e.m.j.i.AbstractJavaProjectConfigurator - Adding source folder /lostandfound/src/main/java
2025-11-20 00:22:47,942 [Worker-51: Updating Maven Project] INFO  o.e.m.j.i.AbstractJavaProjectConfigurator - Adding resource folder /lostandfound/src/main/resources
2025-11-20 00:22:47,946 [Worker-51: Updating Maven Project] INFO  o.e.m.j.i.AbstractJavaProjectConfigurator - Adding resource folder /lostandfound/src/main/resources
2025-11-20 00:22:47,948 [Worker-51: Updating Maven Project] INFO  o.e.m.j.i.AbstractJavaProjectConfigurator - Adding source folder /lostandfound/src/test/java
2025-11-20 00:22:47,950 [Worker-51: Updating Maven Project] INFO  o.e.m.j.i.AbstractJavaProjectConfigurator - Adding resource folder /lostandfound/src/test/resources
2025-11-20 00:22:48,762 [Worker-51: Updating Maven Project] INFO  o.e.m.c.i.p.ProjectConfigurationManager - Update completed for 1 poms: local refresh takes 0.00 sec, refresh facades takes 4.00 sec, update config takes 1.00 sec 
2025-11-20 00:22:49,953 [Worker-50: Building] INFO  o.a.m.s.f.DefaultMavenResourcesFiltering - Copying 1 resource from src\main\resources to target\classes
2025-11-20 00:22:49,979 [Worker-50: Building] INFO  o.a.m.s.f.DefaultMavenResourcesFiltering - Copying 0 resource from src\main\resources to target\classes
2025-11-20 00:22:49,987 [Worker-50: Building] INFO  o.a.m.s.f.DefaultMavenResourcesFiltering - skip non existing resourceDirectory C:\Users\apoor\OneDrive\Desktop\Lost_and_found\Lost-and-found\src\test\resources
2025-11-20 00:24:06,117 [main] INFO  o.e.m2e.actions.ExecutePomAction - Creating new launch configuration
2025-11-20 00:24:13,115 [Worker-48: Launching Lost-and-found (10)] INFO  o.eclipse.m2e.core.internal.Bundles - getClasspathEntries(Bundle=org.eclipse.m2e.maven.runtime_3.9.900.20250220-2013 [298])
2025-11-20 00:24:13,117 [Worker-48: Launching Lost-and-found (10)] INFO  o.eclipse.m2e.core.internal.Bundles - 	Entry: C:\Users\apoor\.p2\pool\plugins\org.eclipse.m2e.maven.runtime_3.9.900.20250220-2013
2025-11-20 00:24:13,117 [Worker-48: Launching Lost-and-found (10)] INFO  o.eclipse.m2e.core.internal.Bundles - 	Entry: C:\Users\apoor\.p2\pool\plugins\org.eclipse.m2e.maven.runtime_3.9.900.20250220-2013\jars\aopalliance-1.0.jar
2025-11-20 00:24:13,118 [Worker-48: Launching Lost-and-found (10)] INFO  o.eclipse.m2e.core.internal.Bundles - 	Entry: C:\Users\apoor\.p2\pool\plugins\org.eclipse.m2e.maven.runtime_3.9.900.20250220-2013\jars\guice-5.1.0.jar
2025-11-20 00:24:13,118 [Worker-48: Launching Lost-and-found (10)] INFO  o.eclipse.m2e.core.internal.Bundles - 	Entry: C:\Users\apoor\.p2\pool\plugins\org.eclipse.m2e.maven.runtime_3.9.900.20250220-2013\jars\httpclient-4.5.14.jar
2025-11-20 00:24:13,118 [Worker-48: Launching Lost-and-found (10)] INFO  o.eclipse.m2e.core.internal.Bundles - 	Entry: C:\Users\apoor\.p2\pool\plugins\org.eclipse.m2e.maven.runtime_3.9.900.20250220-2013\jars\httpcore-4.4.16.jar
2025-11-20 00:24:13,119 [Worker-48: Launching Lost-and-found (10)] INFO  o.eclipse.m2e.core.internal.Bundles - 	Entry: C:\Users\apoor\.p2\pool\plugins\org.eclipse.m2e.maven.runtime_3.9.900.20250220-2013\jars\jansi-2.4.1.jar
2025-11-20 00:24:13,120 [Worker-48: Launching Lost-and-found (10)] INFO  o.eclipse.m2e.core.internal.Bundles - 	Entry: C:\Users\apoor\.p2\pool\plugins\org.eclipse.m2e.maven.runtime_3.9.900.20250220-2013\jars\jcl-over-slf4j-1.7.36.jar
2025-11-20 00:24:13,121 [Worker-48: Launching Lost-and-found (10)] INFO  o.eclipse.m2e.core.internal.Bundles - 	Entry: C:\Users\apoor\.p2\pool\plugins\org.eclipse.m2e.maven.runtime_3.9.900.20250220-2013\jars\maven-artifact-3.9.9.jar
2025-11-20 00:24:13,122 [Worker-48: Launching Lost-and-found (10)] INFO  o.eclipse.m2e.core.internal.Bundles - 	Entry: C:\Users\apoor\.p2\pool\plugins\org.eclipse.m2e.maven.runtime_3.9.900.20250220-2013\jars\maven-builder-support-3.9.9.jar
2025-11-20 00:24:13,122 [Worker-48: Launching Lost-and-found (10)] INFO  o.eclipse.m2e.core.internal.Bundles - 	Entry: C:\Users\apoor\.p2\pool\plugins\org.eclipse.m2e.maven.runtime_3.9.900.20250220-2013\jars\maven-compat-3.9.9.jar
2025-11-20 00:24:13,122 [Worker-48: Launching Lost-and-found (10)] INFO  o.eclipse.m2e.core.internal.Bundles - 	Entry: C:\Users\apoor\.p2\pool\plugins\org.eclipse.m2e.maven.runtime_3.9.900.20250220-2013\jars\maven-core-3.9.9.jar
2025-11-20 00:24:13,123 [Worker-48: Launching Lost-and-found (10)] INFO  o.eclipse.m2e.core.internal.Bundles - 	Entry: C:\Users\apoor\.p2\pool\plugins\org.eclipse.m2e.maven.runtime_3.9.900.20250220-2013\jars\maven-embedder-3.9.9.jar
2025-11-20 00:24:13,123 [Worker-48: Launching Lost-and-found (10)] INFO  o.eclipse.m2e.core.internal.Bundles - 	Entry: C:\Users\apoor\.p2\pool\plugins\org.eclipse.m2e.maven.runtime_3.9.900.20250220-2013\jars\maven-model-3.9.9.jar
2025-11-20 00:24:13,123 [Worker-48: Launching Lost-and-found (10)] INFO  o.eclipse.m2e.core.internal.Bundles - 	Entry: C:\Users\apoor\.p2\pool\plugins\org.eclipse.m2e.maven.runtime_3.9.900.20250220-2013\jars\maven-model-builder-3.9.9.jar
2025-11-20 00:24:13,123 [Worker-48: Launching Lost-and-found (10)] INFO  o.eclipse.m2e.core.internal.Bundles - 	Entry: C:\Users\apoor\.p2\pool\plugins\org.eclipse.m2e.maven.runtime_3.9.900.20250220-2013\jars\maven-plugin-api-3.9.9.jar
2025-11-20 00:24:13,124 [Worker-48: Launching Lost-and-found (10)] INFO  o.eclipse.m2e.core.internal.Bundles - 	Entry: C:\Users\apoor\.p2\pool\plugins\org.eclipse.m2e.maven.runtime_3.9.900.20250220-2013\jars\maven-repository-metadata-3.9.9.jar
2025-11-20 00:24:13,124 [Worker-48: Launching Lost-and-found (10)] INFO  o.eclipse.m2e.core.internal.Bundles - 	Entry: C:\Users\apoor\.p2\pool\plugins\org.eclipse.m2e.maven.runtime_3.9.900.20250220-2013\jars\maven-resolver-api-1.9.22.jar
2025-11-20 00:24:13,124 [Worker-48: Launching Lost-and-found (10)] INFO  o.eclipse.m2e.core.internal.Bundles - 	Entry: C:\Users\apoor\.p2\pool\plugins\org.eclipse.m2e.maven.runtime_3.9.900.20250220-2013\jars\maven-resolver-connector-basic-1.9.22.jar
2025-11-20 00:24:13,124 [Worker-48: Launching Lost-and-found (10)] INFO  o.eclipse.m2e.core.internal.Bundles - 	Entry: C:\Users\apoor\.p2\pool\plugins\org.eclipse.m2e.maven.runtime_3.9.900.20250220-2013\jars\maven-resolver-impl-1.9.22.jar
2025-11-20 00:24:13,125 [Worker-48: Launching Lost-and-found (10)] INFO  o.eclipse.m2e.core.internal.Bundles - 	Entry: C:\Users\apoor\.p2\pool\plugins\org.eclipse.m2e.maven.runtime_3.9.900.20250220-2013\jars\maven-resolver-named-locks-1.9.22.jar
2025-11-20 00:24:13,125 [Worker-48: Launching Lost-and-found (10)] INFO  o.eclipse.m2e.core.internal.Bundles - 	Entry: C:\Users\apoor\.p2\pool\plugins\org.eclipse.m2e.maven.runtime_3.9.900.20250220-2013\jars\maven-resolver-provider-3.9.9.jar
2025-11-20 00:24:13,125 [Worker-48: Launching Lost-and-found (10)] INFO  o.eclipse.m2e.core.internal.Bundles - 	Entry: C:\Users\apoor\.p2\pool\plugins\org.eclipse.m2e.maven.runtime_3.9.900.20250220-2013\jars\maven-resolver-spi-1.9.22.jar
2025-11-20 00:24:13,125 [Worker-48: Launching Lost-and-found (10)] INFO  o.eclipse.m2e.core.internal.Bundles - 	Entry: C:\Users\apoor\.p2\pool\plugins\org.eclipse.m2e.maven.runtime_3.9.900.20250220-2013\jars\maven-resolver-transport-file-1.9.22.jar
2025-11-20 00:24:13,126 [Worker-48: Launching Lost-and-found (10)] INFO  o.eclipse.m2e.core.internal.Bundles - 	Entry: C:\Users\apoor\.p2\pool\plugins\org.eclipse.m2e.maven.runtime_3.9.900.20250220-2013\jars\maven-resolver-transport-http-1.9.22.jar
2025-11-20 00:24:13,126 [Worker-48: Launching Lost-and-found (10)] INFO  o.eclipse.m2e.core.internal.Bundles - 	Entry: C:\Users\apoor\.p2\pool\plugins\org.eclipse.m2e.maven.runtime_3.9.900.20250220-2013\jars\maven-resolver-transport-wagon-1.9.22.jar
2025-11-20 00:24:13,126 [Worker-48: Launching Lost-and-found (10)] INFO  o.eclipse.m2e.core.internal.Bundles - 	Entry: C:\Users\apoor\.p2\pool\plugins\org.eclipse.m2e.maven.runtime_3.9.900.20250220-2013\jars\maven-resolver-util-1.9.22.jar
2025-11-20 00:24:13,126 [Worker-48: Launching Lost-and-found (10)] INFO  o.eclipse.m2e.core.internal.Bundles - 	Entry: C:\Users\apoor\.p2\pool\plugins\org.eclipse.m2e.maven.runtime_3.9.900.20250220-2013\jars\maven-settings-3.9.9.jar
2025-11-20 00:24:13,127 [Worker-48: Launching Lost-and-found (10)] INFO  o.eclipse.m2e.core.internal.Bundles - 	Entry: C:\Users\apoor\.p2\pool\plugins\org.eclipse.m2e.maven.runtime_3.9.900.20250220-2013\jars\maven-settings-builder-3.9.9.jar
2025-11-20 00:24:13,127 [Worker-48: Launching Lost-and-found (10)] INFO  o.eclipse.m2e.core.internal.Bundles - 	Entry: C:\Users\apoor\.p2\pool\plugins\org.eclipse.m2e.maven.runtime_3.9.900.20250220-2013\jars\maven-shared-utils-3.4.2.jar
2025-11-20 00:24:13,127 [Worker-48: Launching Lost-and-found (10)] INFO  o.eclipse.m2e.core.internal.Bundles - 	Entry: C:\Users\apoor\.p2\pool\plugins\org.eclipse.m2e.maven.runtime_3.9.900.20250220-2013\jars\org.eclipse.sisu.inject-0.9.0.M3.jar
2025-11-20 00:24:13,128 [Worker-48: Launching Lost-and-found (10)] INFO  o.eclipse.m2e.core.internal.Bundles - 	Entry: C:\Users\apoor\.p2\pool\plugins\org.eclipse.m2e.maven.runtime_3.9.900.20250220-2013\jars\org.eclipse.sisu.plexus-0.9.0.M3.jar
2025-11-20 00:24:13,128 [Worker-48: Launching Lost-and-found (10)] INFO  o.eclipse.m2e.core.internal.Bundles - 	Entry: C:\Users\apoor\.p2\pool\plugins\org.eclipse.m2e.maven.runtime_3.9.900.20250220-2013\jars\plexus-build-api-0.0.7.jar
2025-11-20 00:24:13,128 [Worker-48: Launching Lost-and-found (10)] INFO  o.eclipse.m2e.core.internal.Bundles - 	Entry: C:\Users\apoor\.p2\pool\plugins\org.eclipse.m2e.maven.runtime_3.9.900.20250220-2013\jars\plexus-build-api-1.2.0.jar
2025-11-20 00:24:13,128 [Worker-48: Launching Lost-and-found (10)] INFO  o.eclipse.m2e.core.internal.Bundles - 	Entry: C:\Users\apoor\.p2\pool\plugins\org.eclipse.m2e.maven.runtime_3.9.900.20250220-2013\jars\plexus-cipher-2.0.jar
2025-11-20 00:24:13,129 [Worker-48: Launching Lost-and-found (10)] INFO  o.eclipse.m2e.core.internal.Bundles - 	Entry: C:\Users\apoor\.p2\pool\plugins\org.eclipse.m2e.maven.runtime_3.9.900.20250220-2013\jars\plexus-classworlds-2.8.0.jar
2025-11-20 00:24:13,129 [Worker-48: Launching Lost-and-found (10)] INFO  o.eclipse.m2e.core.internal.Bundles - 	Entry: C:\Users\apoor\.p2\pool\plugins\org.eclipse.m2e.maven.runtime_3.9.900.20250220-2013\jars\plexus-component-annotations-2.1.0.jar
2025-11-20 00:24:13,129 [Worker-48: Launching Lost-and-found (10)] INFO  o.eclipse.m2e.core.internal.Bundles - 	Entry: C:\Users\apoor\.p2\pool\plugins\org.eclipse.m2e.maven.runtime_3.9.900.20250220-2013\jars\plexus-interpolation-1.27.jar
2025-11-20 00:24:13,129 [Worker-48: Launching Lost-and-found (10)] INFO  o.eclipse.m2e.core.internal.Bundles - 	Entry: C:\Users\apoor\.p2\pool\plugins\org.eclipse.m2e.maven.runtime_3.9.900.20250220-2013\jars\plexus-sec-dispatcher-2.0.jar
2025-11-20 00:24:13,130 [Worker-48: Launching Lost-and-found (10)] INFO  o.eclipse.m2e.core.internal.Bundles - 	Entry: C:\Users\apoor\.p2\pool\plugins\org.eclipse.m2e.maven.runtime_3.9.900.20250220-2013\jars\plexus-utils-3.5.1.jar
2025-11-20 00:24:13,130 [Worker-48: Launching Lost-and-found (10)] INFO  o.eclipse.m2e.core.internal.Bundles - 	Entry: C:\Users\apoor\.p2\pool\plugins\org.eclipse.m2e.maven.runtime_3.9.900.20250220-2013\jars\plexus-xml-3.0.1.jar
2025-11-20 00:24:13,130 [Worker-48: Launching Lost-and-found (10)] INFO  o.eclipse.m2e.core.internal.Bundles - 	Entry: C:\Users\apoor\.p2\pool\plugins\org.eclipse.m2e.maven.runtime_3.9.900.20250220-2013\jars\wagon-file-3.5.3.jar
2025-11-20 00:24:13,131 [Worker-48: Launching Lost-and-found (10)] INFO  o.eclipse.m2e.core.internal.Bundles - 	Entry: C:\Users\apoor\.p2\pool\plugins\org.eclipse.m2e.maven.runtime_3.9.900.20250220-2013\jars\wagon-http-3.5.3.jar
2025-11-20 00:24:13,131 [Worker-48: Launching Lost-and-found (10)] INFO  o.eclipse.m2e.core.internal.Bundles - 	Entry: C:\Users\apoor\.p2\pool\plugins\org.eclipse.m2e.maven.runtime_3.9.900.20250220-2013\jars\wagon-http-shared-3.5.3.jar
2025-11-20 00:24:13,131 [Worker-48: Launching Lost-and-found (10)] INFO  o.eclipse.m2e.core.internal.Bundles - 	Entry: C:\Users\apoor\.p2\pool\plugins\org.eclipse.m2e.maven.runtime_3.9.900.20250220-2013\jars\wagon-provider-api-3.5.3.jar
2025-11-20 00:24:13,132 [Worker-48: Launching Lost-and-found (10)] INFO  o.eclipse.m2e.core.internal.Bundles - getClasspathEntries(Bundle=com.google.guava_33.4.0.jre [12])
2025-11-20 00:24:13,133 [Worker-48: Launching Lost-and-found (10)] INFO  o.eclipse.m2e.core.internal.Bundles - 	Entry: C:\Users\apoor\.p2\pool\plugins\com.google.guava_33.4.0.jre.jar
2025-11-20 00:24:13,133 [Worker-48: Launching Lost-and-found (10)] INFO  o.eclipse.m2e.core.internal.Bundles - getClasspathEntries(Bundle=slf4j.api_2.0.17 [522])
2025-11-20 00:24:13,135 [Worker-48: Launching Lost-and-found (10)] INFO  o.eclipse.m2e.core.internal.Bundles - 	Entry: C:\Users\apoor\.p2\pool\plugins\slf4j.api_2.0.17.jar
2025-11-20 00:24:13,136 [Worker-48: Launching Lost-and-found (10)] INFO  o.eclipse.m2e.core.internal.Bundles - getClasspathEntries(Bundle=jakarta.inject.jakarta.inject-api_1.0.5 [24])
2025-11-20 00:24:13,137 [Worker-48: Launching Lost-and-found (10)] INFO  o.eclipse.m2e.core.internal.Bundles - 	Entry: C:\Users\apoor\.p2\pool\plugins\jakarta.inject.jakarta.inject-api_1.0.5.jar
2025-11-20 00:24:13,137 [Worker-48: Launching Lost-and-found (10)] INFO  o.eclipse.m2e.core.internal.Bundles - getClasspathEntries(Bundle=jakarta.annotation-api_1.3.5 [22])
2025-11-20 00:24:13,138 [Worker-48: Launching Lost-and-found (10)] INFO  o.eclipse.m2e.core.internal.Bundles - 	Entry: C:\Users\apoor\.p2\pool\plugins\jakarta.annotation-api_1.3.5.jar
2025-11-20 00:24:13,138 [Worker-48: Launching Lost-and-found (10)] INFO  o.eclipse.m2e.core.internal.Bundles - getClasspathEntries(Bundle=org.apache.commons.cli_1.9.0 [48])
2025-11-20 00:24:13,139 [Worker-48: Launching Lost-and-found (10)] INFO  o.eclipse.m2e.core.internal.Bundles - 	Entry: C:\Users\apoor\.p2\pool\plugins\org.apache.commons.cli_1.9.0.jar
2025-11-20 00:24:13,139 [Worker-48: Launching Lost-and-found (10)] INFO  o.eclipse.m2e.core.internal.Bundles - getClasspathEntries(Bundle=org.apache.commons.commons-codec_1.16.0 [49])
2025-11-20 00:24:13,140 [Worker-48: Launching Lost-and-found (10)] INFO  o.eclipse.m2e.core.internal.Bundles - 	Entry: C:\Users\apoor\.p2\pool\plugins\org.apache.commons.commons-codec_1.16.0.jar
2025-11-20 00:24:13,140 [Worker-48: Launching Lost-and-found (10)] INFO  o.eclipse.m2e.core.internal.Bundles - getClasspathEntries(Bundle=com.google.guava.failureaccess_1.0.2 [13])
2025-11-20 00:24:13,141 [Worker-48: Launching Lost-and-found (10)] INFO  o.eclipse.m2e.core.internal.Bundles - 	Entry: C:\Users\apoor\.p2\pool\plugins\com.google.guava.failureaccess_1.0.2.jar
2025-11-20 00:24:13,144 [Worker-48: Launching Lost-and-found (10)] INFO  o.e.m.i.launch.MavenLaunchDelegate - Run build in "C:\Users\apoor\OneDrive\Desktop\Lost_and_found\Lost-and-found":
2025-11-20 00:24:13,144 [Worker-48: Launching Lost-and-found (10)] INFO  o.e.m.i.launch.MavenLaunchDelegate -  mvn  -B -Dstyle.color=always clean install
2025-11-20 00:26:26,441 [Worker-53: Launching Lost-and-found (10)] INFO  o.eclipse.m2e.core.internal.Bundles - getClasspathEntries(Bundle=org.eclipse.m2e.maven.runtime_3.9.900.20250220-2013 [298])
2025-11-20 00:26:26,444 [Worker-53: Launching Lost-and-found (10)] INFO  o.eclipse.m2e.core.internal.Bundles - 	Entry: C:\Users\apoor\.p2\pool\plugins\org.eclipse.m2e.maven.runtime_3.9.900.20250220-2013
2025-11-20 00:26:26,445 [Worker-53: Launching Lost-and-found (10)] INFO  o.eclipse.m2e.core.internal.Bundles - 	Entry: C:\Users\apoor\.p2\pool\plugins\org.eclipse.m2e.maven.runtime_3.9.900.20250220-2013\jars\aopalliance-1.0.jar
2025-11-20 00:26:26,446 [Worker-53: Launching Lost-and-found (10)] INFO  o.eclipse.m2e.core.internal.Bundles - 	Entry: C:\Users\apoor\.p2\pool\plugins\org.eclipse.m2e.maven.runtime_3.9.900.20250220-2013\jars\guice-5.1.0.jar
2025-11-20 00:26:26,446 [Worker-53: Launching Lost-and-found (10)] INFO  o.eclipse.m2e.core.internal.Bundles - 	Entry: C:\Users\apoor\.p2\pool\plugins\org.eclipse.m2e.maven.runtime_3.9.900.20250220-2013\jars\httpclient-4.5.14.jar
2025-11-20 00:26:26,446 [Worker-53: Launching Lost-and-found (10)] INFO  o.eclipse.m2e.core.internal.Bundles - 	Entry: C:\Users\apoor\.p2\pool\plugins\org.eclipse.m2e.maven.runtime_3.9.900.20250220-2013\jars\httpcore-4.4.16.jar
2025-11-20 00:26:26,449 [Worker-53: Launching Lost-and-found (10)] INFO  o.eclipse.m2e.core.internal.Bundles - 	Entry: C:\Users\apoor\.p2\pool\plugins\org.eclipse.m2e.maven.runtime_3.9.900.20250220-2013\jars\jansi-2.4.1.jar
2025-11-20 00:26:26,450 [Worker-53: Launching Lost-and-found (10)] INFO  o.eclipse.m2e.core.internal.Bundles - 	Entry: C:\Users\apoor\.p2\pool\plugins\org.eclipse.m2e.maven.runtime_3.9.900.20250220-2013\jars\jcl-over-slf4j-1.7.36.jar
2025-11-20 00:26:26,451 [Worker-53: Launching Lost-and-found (10)] INFO  o.eclipse.m2e.core.internal.Bundles - 	Entry: C:\Users\apoor\.p2\pool\plugins\org.eclipse.m2e.maven.runtime_3.9.900.20250220-2013\jars\maven-artifact-3.9.9.jar
2025-11-20 00:26:26,452 [Worker-53: Launching Lost-and-found (10)] INFO  o.eclipse.m2e.core.internal.Bundles - 	Entry: C:\Users\apoor\.p2\pool\plugins\org.eclipse.m2e.maven.runtime_3.9.900.20250220-2013\jars\maven-builder-support-3.9.9.jar
2025-11-20 00:26:26,452 [Worker-53: Launching Lost-and-found (10)] INFO  o.eclipse.m2e.core.internal.Bundles - 	Entry: C:\Users\apoor\.p2\pool\plugins\org.eclipse.m2e.maven.runtime_3.9.900.20250220-2013\jars\maven-compat-3.9.9.jar
2025-11-20 00:26:26,453 [Worker-53: Launching Lost-and-found (10)] INFO  o.eclipse.m2e.core.internal.Bundles - 	Entry: C:\Users\apoor\.p2\pool\plugins\org.eclipse.m2e.maven.runtime_3.9.900.20250220-2013\jars\maven-core-3.9.9.jar
2025-11-20 00:26:26,454 [Worker-53: Launching Lost-and-found (10)] INFO  o.eclipse.m2e.core.internal.Bundles - 	Entry: C:\Users\apoor\.p2\pool\plugins\org.eclipse.m2e.maven.runtime_3.9.900.20250220-2013\jars\maven-embedder-3.9.9.jar
2025-11-20 00:26:26,454 [Worker-53: Launching Lost-and-found (10)] INFO  o.eclipse.m2e.core.internal.Bundles - 	Entry: C:\Users\apoor\.p2\pool\plugins\org.eclipse.m2e.maven.runtime_3.9.900.20250220-2013\jars\maven-model-3.9.9.jar
2025-11-20 00:26:26,454 [Worker-53: Launching Lost-and-found (10)] INFO  o.eclipse.m2e.core.internal.Bundles - 	Entry: C:\Users\apoor\.p2\pool\plugins\org.eclipse.m2e.maven.runtime_3.9.900.20250220-2013\jars\maven-model-builder-3.9.9.jar
2025-11-20 00:26:26,455 [Worker-53: Launching Lost-and-found (10)] INFO  o.eclipse.m2e.core.internal.Bundles - 	Entry: C:\Users\apoor\.p2\pool\plugins\org.eclipse.m2e.maven.runtime_3.9.900.20250220-2013\jars\maven-plugin-api-3.9.9.jar
2025-11-20 00:26:26,455 [Worker-53: Launching Lost-and-found (10)] INFO  o.eclipse.m2e.core.internal.Bundles - 	Entry: C:\Users\apoor\.p2\pool\plugins\org.eclipse.m2e.maven.runtime_3.9.900.20250220-2013\jars\maven-repository-metadata-3.9.9.jar
2025-11-20 00:26:26,455 [Worker-53: Launching Lost-and-found (10)] INFO  o.eclipse.m2e.core.internal.Bundles - 	Entry: C:\Users\apoor\.p2\pool\plugins\org.eclipse.m2e.maven.runtime_3.9.900.20250220-2013\jars\maven-resolver-api-1.9.22.jar
2025-11-20 00:26:26,455 [Worker-53: Launching Lost-and-found (10)] INFO  o.eclipse.m2e.core.internal.Bundles - 	Entry: C:\Users\apoor\.p2\pool\plugins\org.eclipse.m2e.maven.runtime_3.9.900.20250220-2013\jars\maven-resolver-connector-basic-1.9.22.jar
2025-11-20 00:26:26,456 [Worker-53: Launching Lost-and-found (10)] INFO  o.eclipse.m2e.core.internal.Bundles - 	Entry: C:\Users\apoor\.p2\pool\plugins\org.eclipse.m2e.maven.runtime_3.9.900.20250220-2013\jars\maven-resolver-impl-1.9.22.jar
2025-11-20 00:26:26,456 [Worker-53: Launching Lost-and-found (10)] INFO  o.eclipse.m2e.core.internal.Bundles - 	Entry: C:\Users\apoor\.p2\pool\plugins\org.eclipse.m2e.maven.runtime_3.9.900.20250220-2013\jars\maven-resolver-named-locks-1.9.22.jar
2025-11-20 00:26:26,456 [Worker-53: Launching Lost-and-found (10)] INFO  o.eclipse.m2e.core.internal.Bundles - 	Entry: C:\Users\apoor\.p2\pool\plugins\org.eclipse.m2e.maven.runtime_3.9.900.20250220-2013\jars\maven-resolver-provider-3.9.9.jar
2025-11-20 00:26:26,457 [Worker-53: Launching Lost-and-found (10)] INFO  o.eclipse.m2e.core.internal.Bundles - 	Entry: C:\Users\apoor\.p2\pool\plugins\org.eclipse.m2e.maven.runtime_3.9.900.20250220-2013\jars\maven-resolver-spi-1.9.22.jar
2025-11-20 00:26:26,457 [Worker-53: Launching Lost-and-found (10)] INFO  o.eclipse.m2e.core.internal.Bundles - 	Entry: C:\Users\apoor\.p2\pool\plugins\org.eclipse.m2e.maven.runtime_3.9.900.20250220-2013\jars\maven-resolver-transport-file-1.9.22.jar
2025-11-20 00:26:26,459 [Worker-53: Launching Lost-and-found (10)] INFO  o.eclipse.m2e.core.internal.Bundles - 	Entry: C:\Users\apoor\.p2\pool\plugins\org.eclipse.m2e.maven.runtime_3.9.900.20250220-2013\jars\maven-resolver-transport-http-1.9.22.jar
2025-11-20 00:26:26,459 [Worker-53: Launching Lost-and-found (10)] INFO  o.eclipse.m2e.core.internal.Bundles - 	Entry: C:\Users\apoor\.p2\pool\plugins\org.eclipse.m2e.maven.runtime_3.9.900.20250220-2013\jars\maven-resolver-transport-wagon-1.9.22.jar
2025-11-20 00:26:26,460 [Worker-53: Launching Lost-and-found (10)] INFO  o.eclipse.m2e.core.internal.Bundles - 	Entry: C:\Users\apoor\.p2\pool\plugins\org.eclipse.m2e.maven.runtime_3.9.900.20250220-2013\jars\maven-resolver-util-1.9.22.jar
2025-11-20 00:26:26,460 [Worker-53: Launching Lost-and-found (10)] INFO  o.eclipse.m2e.core.internal.Bundles - 	Entry: C:\Users\apoor\.p2\pool\plugins\org.eclipse.m2e.maven.runtime_3.9.900.20250220-2013\jars\maven-settings-3.9.9.jar
2025-11-20 00:26:26,460 [Worker-53: Launching Lost-and-found (10)] INFO  o.eclipse.m2e.core.internal.Bundles - 	Entry: C:\Users\apoor\.p2\pool\plugins\org.eclipse.m2e.maven.runtime_3.9.900.20250220-2013\jars\maven-settings-builder-3.9.9.jar
2025-11-20 00:26:26,461 [Worker-53: Launching Lost-and-found (10)] INFO  o.eclipse.m2e.core.internal.Bundles - 	Entry: C:\Users\apoor\.p2\pool\plugins\org.eclipse.m2e.maven.runtime_3.9.900.20250220-2013\jars\maven-shared-utils-3.4.2.jar
2025-11-20 00:26:26,461 [Worker-53: Launching Lost-and-found (10)] INFO  o.eclipse.m2e.core.internal.Bundles - 	Entry: C:\Users\apoor\.p2\pool\plugins\org.eclipse.m2e.maven.runtime_3.9.900.20250220-2013\jars\org.eclipse.sisu.inject-0.9.0.M3.jar
2025-11-20 00:26:26,461 [Worker-53: Launching Lost-and-found (10)] INFO  o.eclipse.m2e.core.internal.Bundles - 	Entry: C:\Users\apoor\.p2\pool\plugins\org.eclipse.m2e.maven.runtime_3.9.900.20250220-2013\jars\org.eclipse.sisu.plexus-0.9.0.M3.jar
2025-11-20 00:26:26,462 [Worker-53: Launching Lost-and-found (10)] INFO  o.eclipse.m2e.core.internal.Bundles - 	Entry: C:\Users\apoor\.p2\pool\plugins\org.eclipse.m2e.maven.runtime_3.9.900.20250220-2013\jars\plexus-build-api-0.0.7.jar
2025-11-20 00:26:26,462 [Worker-53: Launching Lost-and-found (10)] INFO  o.eclipse.m2e.core.internal.Bundles - 	Entry: C:\Users\apoor\.p2\pool\plugins\org.eclipse.m2e.maven.runtime_3.9.900.20250220-2013\jars\plexus-build-api-1.2.0.jar
2025-11-20 00:26:26,462 [Worker-53: Launching Lost-and-found (10)] INFO  o.eclipse.m2e.core.internal.Bundles - 	Entry: C:\Users\apoor\.p2\pool\plugins\org.eclipse.m2e.maven.runtime_3.9.900.20250220-2013\jars\plexus-cipher-2.0.jar
2025-11-20 00:26:26,463 [Worker-53: Launching Lost-and-found (10)] INFO  o.eclipse.m2e.core.internal.Bundles - 	Entry: C:\Users\apoor\.p2\pool\plugins\org.eclipse.m2e.maven.runtime_3.9.900.20250220-2013\jars\plexus-classworlds-2.8.0.jar
2025-11-20 00:26:26,467 [Worker-53: Launching Lost-and-found (10)] INFO  o.eclipse.m2e.core.internal.Bundles - 	Entry: C:\Users\apoor\.p2\pool\plugins\org.eclipse.m2e.maven.runtime_3.9.900.20250220-2013\jars\plexus-component-annotations-2.1.0.jar
2025-11-20 00:26:26,467 [Worker-53: Launching Lost-and-found (10)] INFO  o.eclipse.m2e.core.internal.Bundles - 	Entry: C:\Users\apoor\.p2\pool\plugins\org.eclipse.m2e.maven.runtime_3.9.900.20250220-2013\jars\plexus-interpolation-1.27.jar
2025-11-20 00:26:26,468 [Worker-53: Launching Lost-and-found (10)] INFO  o.eclipse.m2e.core.internal.Bundles - 	Entry: C:\Users\apoor\.p2\pool\plugins\org.eclipse.m2e.maven.runtime_3.9.900.20250220-2013\jars\plexus-sec-dispatcher-2.0.jar
2025-11-20 00:26:26,468 [Worker-53: Launching Lost-and-found (10)] INFO  o.eclipse.m2e.core.internal.Bundles - 	Entry: C:\Users\apoor\.p2\pool\plugins\org.eclipse.m2e.maven.runtime_3.9.900.20250220-2013\jars\plexus-utils-3.5.1.jar
2025-11-20 00:26:26,468 [Worker-53: Launching Lost-and-found (10)] INFO  o.eclipse.m2e.core.internal.Bundles - 	Entry: C:\Users\apoor\.p2\pool\plugins\org.eclipse.m2e.maven.runtime_3.9.900.20250220-2013\jars\plexus-xml-3.0.1.jar
2025-11-20 00:26:26,469 [Worker-53: Launching Lost-and-found (10)] INFO  o.eclipse.m2e.core.internal.Bundles - 	Entry: C:\Users\apoor\.p2\pool\plugins\org.eclipse.m2e.maven.runtime_3.9.900.20250220-2013\jars\wagon-file-3.5.3.jar
2025-11-20 00:26:26,469 [Worker-53: Launching Lost-and-found (10)] INFO  o.eclipse.m2e.core.internal.Bundles - 	Entry: C:\Users\apoor\.p2\pool\plugins\org.eclipse.m2e.maven.runtime_3.9.900.20250220-2013\jars\wagon-http-3.5.3.jar
2025-11-20 00:26:26,470 [Worker-53: Launching Lost-and-found (10)] INFO  o.eclipse.m2e.core.internal.Bundles - 	Entry: C:\Users\apoor\.p2\pool\plugins\org.eclipse.m2e.maven.runtime_3.9.900.20250220-2013\jars\wagon-http-shared-3.5.3.jar
2025-11-20 00:26:26,470 [Worker-53: Launching Lost-and-found (10)] INFO  o.eclipse.m2e.core.internal.Bundles - 	Entry: C:\Users\apoor\.p2\pool\plugins\org.eclipse.m2e.maven.runtime_3.9.900.20250220-2013\jars\wagon-provider-api-3.5.3.jar
2025-11-20 00:26:26,470 [Worker-53: Launching Lost-and-found (10)] INFO  o.eclipse.m2e.core.internal.Bundles - getClasspathEntries(Bundle=com.google.guava_33.4.0.jre [12])
2025-11-20 00:26:26,471 [Worker-53: Launching Lost-and-found (10)] INFO  o.eclipse.m2e.core.internal.Bundles - 	Entry: C:\Users\apoor\.p2\pool\plugins\com.google.guava_33.4.0.jre.jar
2025-11-20 00:26:26,472 [Worker-53: Launching Lost-and-found (10)] INFO  o.eclipse.m2e.core.internal.Bundles - getClasspathEntries(Bundle=slf4j.api_2.0.17 [522])
2025-11-20 00:26:26,474 [Worker-53: Launching Lost-and-found (10)] INFO  o.eclipse.m2e.core.internal.Bundles - 	Entry: C:\Users\apoor\.p2\pool\plugins\slf4j.api_2.0.17.jar
2025-11-20 00:26:26,474 [Worker-53: Launching Lost-and-found (10)] INFO  o.eclipse.m2e.core.internal.Bundles - getClasspathEntries(Bundle=jakarta.inject.jakarta.inject-api_1.0.5 [24])
2025-11-20 00:26:26,475 [Worker-53: Launching Lost-and-found (10)] INFO  o.eclipse.m2e.core.internal.Bundles - 	Entry: C:\Users\apoor\.p2\pool\plugins\jakarta.inject.jakarta.inject-api_1.0.5.jar
2025-11-20 00:26:26,475 [Worker-53: Launching Lost-and-found (10)] INFO  o.eclipse.m2e.core.internal.Bundles - getClasspathEntries(Bundle=jakarta.annotation-api_1.3.5 [22])
2025-11-20 00:26:26,477 [Worker-53: Launching Lost-and-found (10)] INFO  o.eclipse.m2e.core.internal.Bundles - 	Entry: C:\Users\apoor\.p2\pool\plugins\jakarta.annotation-api_1.3.5.jar
2025-11-20 00:26:26,477 [Worker-53: Launching Lost-and-found (10)] INFO  o.eclipse.m2e.core.internal.Bundles - getClasspathEntries(Bundle=org.apache.commons.cli_1.9.0 [48])
2025-11-20 00:26:26,478 [Worker-53: Launching Lost-and-found (10)] INFO  o.eclipse.m2e.core.internal.Bundles - 	Entry: C:\Users\apoor\.p2\pool\plugins\org.apache.commons.cli_1.9.0.jar
2025-11-20 00:26:26,478 [Worker-53: Launching Lost-and-found (10)] INFO  o.eclipse.m2e.core.internal.Bundles - getClasspathEntries(Bundle=org.apache.commons.commons-codec_1.16.0 [49])
2025-11-20 00:26:26,480 [Worker-53: Launching Lost-and-found (10)] INFO  o.eclipse.m2e.core.internal.Bundles - 	Entry: C:\Users\apoor\.p2\pool\plugins\org.apache.commons.commons-codec_1.16.0.jar
2025-11-20 00:26:26,480 [Worker-53: Launching Lost-and-found (10)] INFO  o.eclipse.m2e.core.internal.Bundles - getClasspathEntries(Bundle=com.google.guava.failureaccess_1.0.2 [13])
2025-11-20 00:26:26,482 [Worker-53: Launching Lost-and-found (10)] INFO  o.eclipse.m2e.core.internal.Bundles - 	Entry: C:\Users\apoor\.p2\pool\plugins\com.google.guava.failureaccess_1.0.2.jar
2025-11-20 00:26:26,489 [Worker-53: Launching Lost-and-found (10)] INFO  o.e.m.i.launch.MavenLaunchDelegate - Run build in "C:\Users\apoor\OneDrive\Desktop\Lost_and_found\Lost-and-found":
2025-11-20 00:26:26,489 [Worker-53: Launching Lost-and-found (10)] INFO  o.e.m.i.launch.MavenLaunchDelegate -  mvn  -B -Dstyle.color=always clean install
2025-11-20 00:29:56,027 [Worker-50: Launching Lost-and-found (10)] INFO  o.eclipse.m2e.core.internal.Bundles - getClasspathEntries(Bundle=org.eclipse.m2e.maven.runtime_3.9.900.20250220-2013 [298])
2025-11-20 00:29:56,030 [Worker-50: Launching Lost-and-found (10)] INFO  o.eclipse.m2e.core.internal.Bundles - 	Entry: C:\Users\apoor\.p2\pool\plugins\org.eclipse.m2e.maven.runtime_3.9.900.20250220-2013
2025-11-20 00:29:56,031 [Worker-50: Launching Lost-and-found (10)] INFO  o.eclipse.m2e.core.internal.Bundles - 	Entry: C:\Users\apoor\.p2\pool\plugins\org.eclipse.m2e.maven.runtime_3.9.900.20250220-2013\jars\aopalliance-1.0.jar
2025-11-20 00:29:56,032 [Worker-50: Launching Lost-and-found (10)] INFO  o.eclipse.m2e.core.internal.Bundles - 	Entry: C:\Users\apoor\.p2\pool\plugins\org.eclipse.m2e.maven.runtime_3.9.900.20250220-2013\jars\guice-5.1.0.jar
2025-11-20 00:29:56,032 [Worker-50: Launching Lost-and-found (10)] INFO  o.eclipse.m2e.core.internal.Bundles - 	Entry: C:\Users\apoor\.p2\pool\plugins\org.eclipse.m2e.maven.runtime_3.9.900.20250220-2013\jars\httpclient-4.5.14.jar
2025-11-20 00:29:56,032 [Worker-50: Launching Lost-and-found (10)] INFO  o.eclipse.m2e.core.internal.Bundles - 	Entry: C:\Users\apoor\.p2\pool\plugins\org.eclipse.m2e.maven.runtime_3.9.900.20250220-2013\jars\httpcore-4.4.16.jar
2025-11-20 00:29:56,033 [Worker-50: Launching Lost-and-found (10)] INFO  o.eclipse.m2e.core.internal.Bundles - 	Entry: C:\Users\apoor\.p2\pool\plugins\org.eclipse.m2e.maven.runtime_3.9.900.20250220-2013\jars\jansi-2.4.1.jar
2025-11-20 00:29:56,033 [Worker-50: Launching Lost-and-found (10)] INFO  o.eclipse.m2e.core.internal.Bundles - 	Entry: C:\Users\apoor\.p2\pool\plugins\org.eclipse.m2e.maven.runtime_3.9.900.20250220-2013\jars\jcl-over-slf4j-1.7.36.jar
2025-11-20 00:29:56,033 [Worker-50: Launching Lost-and-found (10)] INFO  o.eclipse.m2e.core.internal.Bundles - 	Entry: C:\Users\apoor\.p2\pool\plugins\org.eclipse.m2e.maven.runtime_3.9.900.20250220-2013\jars\maven-artifact-3.9.9.jar
2025-11-20 00:29:56,034 [Worker-50: Launching Lost-and-found (10)] INFO  o.eclipse.m2e.core.internal.Bundles - 	Entry: C:\Users\apoor\.p2\pool\plugins\org.eclipse.m2e.maven.runtime_3.9.900.20250220-2013\jars\maven-builder-support-3.9.9.jar
2025-11-20 00:29:56,034 [Worker-50: Launching Lost-and-found (10)] INFO  o.eclipse.m2e.core.internal.Bundles - 	Entry: C:\Users\apoor\.p2\pool\plugins\org.eclipse.m2e.maven.runtime_3.9.900.20250220-2013\jars\maven-compat-3.9.9.jar
2025-11-20 00:29:56,034 [Worker-50: Launching Lost-and-found (10)] INFO  o.eclipse.m2e.core.internal.Bundles - 	Entry: C:\Users\apoor\.p2\pool\plugins\org.eclipse.m2e.maven.runtime_3.9.900.20250220-2013\jars\maven-core-3.9.9.jar
2025-11-20 00:29:56,034 [Worker-50: Launching Lost-and-found (10)] INFO  o.eclipse.m2e.core.internal.Bundles - 	Entry: C:\Users\apoor\.p2\pool\plugins\org.eclipse.m2e.maven.runtime_3.9.900.20250220-2013\jars\maven-embedder-3.9.9.jar
2025-11-20 00:29:56,035 [Worker-50: Launching Lost-and-found (10)] INFO  o.eclipse.m2e.core.internal.Bundles - 	Entry: C:\Users\apoor\.p2\pool\plugins\org.eclipse.m2e.maven.runtime_3.9.900.20250220-2013\jars\maven-model-3.9.9.jar
2025-11-20 00:29:56,035 [Worker-50: Launching Lost-and-found (10)] INFO  o.eclipse.m2e.core.internal.Bundles - 	Entry: C:\Users\apoor\.p2\pool\plugins\org.eclipse.m2e.maven.runtime_3.9.900.20250220-2013\jars\maven-model-builder-3.9.9.jar
2025-11-20 00:29:56,037 [Worker-50: Launching Lost-and-found (10)] INFO  o.eclipse.m2e.core.internal.Bundles - 	Entry: C:\Users\apoor\.p2\pool\plugins\org.eclipse.m2e.maven.runtime_3.9.900.20250220-2013\jars\maven-plugin-api-3.9.9.jar
2025-11-20 00:29:56,037 [Worker-50: Launching Lost-and-found (10)] INFO  o.eclipse.m2e.core.internal.Bundles - 	Entry: C:\Users\apoor\.p2\pool\plugins\org.eclipse.m2e.maven.runtime_3.9.900.20250220-2013\jars\maven-repository-metadata-3.9.9.jar
2025-11-20 00:29:56,037 [Worker-50: Launching Lost-and-found (10)] INFO  o.eclipse.m2e.core.internal.Bundles - 	Entry: C:\Users\apoor\.p2\pool\plugins\org.eclipse.m2e.maven.runtime_3.9.900.20250220-2013\jars\maven-resolver-api-1.9.22.jar
2025-11-20 00:29:56,037 [Worker-50: Launching Lost-and-found (10)] INFO  o.eclipse.m2e.core.internal.Bundles - 	Entry: C:\Users\apoor\.p2\pool\plugins\org.eclipse.m2e.maven.runtime_3.9.900.20250220-2013\jars\maven-resolver-connector-basic-1.9.22.jar
2025-11-20 00:29:56,037 [Worker-50: Launching Lost-and-found (10)] INFO  o.eclipse.m2e.core.internal.Bundles - 	Entry: C:\Users\apoor\.p2\pool\plugins\org.eclipse.m2e.maven.runtime_3.9.900.20250220-2013\jars\maven-resolver-impl-1.9.22.jar
2025-11-20 00:29:56,038 [Worker-50: Launching Lost-and-found (10)] INFO  o.eclipse.m2e.core.internal.Bundles - 	Entry: C:\Users\apoor\.p2\pool\plugins\org.eclipse.m2e.maven.runtime_3.9.900.20250220-2013\jars\maven-resolver-named-locks-1.9.22.jar
2025-11-20 00:29:56,038 [Worker-50: Launching Lost-and-found (10)] INFO  o.eclipse.m2e.core.internal.Bundles - 	Entry: C:\Users\apoor\.p2\pool\plugins\org.eclipse.m2e.maven.runtime_3.9.900.20250220-2013\jars\maven-resolver-provider-3.9.9.jar
2025-11-20 00:29:56,039 [Worker-50: Launching Lost-and-found (10)] INFO  o.eclipse.m2e.core.internal.Bundles - 	Entry: C:\Users\apoor\.p2\pool\plugins\org.eclipse.m2e.maven.runtime_3.9.900.20250220-2013\jars\maven-resolver-spi-1.9.22.jar
2025-11-20 00:29:56,039 [Worker-50: Launching Lost-and-found (10)] INFO  o.eclipse.m2e.core.internal.Bundles - 	Entry: C:\Users\apoor\.p2\pool\plugins\org.eclipse.m2e.maven.runtime_3.9.900.20250220-2013\jars\maven-resolver-transport-file-1.9.22.jar
2025-11-20 00:29:56,039 [Worker-50: Launching Lost-and-found (10)] INFO  o.eclipse.m2e.core.internal.Bundles - 	Entry: C:\Users\apoor\.p2\pool\plugins\org.eclipse.m2e.maven.runtime_3.9.900.20250220-2013\jars\maven-resolver-transport-http-1.9.22.jar
2025-11-20 00:29:56,039 [Worker-50: Launching Lost-and-found (10)] INFO  o.eclipse.m2e.core.internal.Bundles - 	Entry: C:\Users\apoor\.p2\pool\plugins\org.eclipse.m2e.maven.runtime_3.9.900.20250220-2013\jars\maven-resolver-transport-wagon-1.9.22.jar
2025-11-20 00:29:56,039 [Worker-50: Launching Lost-and-found (10)] INFO  o.eclipse.m2e.core.internal.Bundles - 	Entry: C:\Users\apoor\.p2\pool\plugins\org.eclipse.m2e.maven.runtime_3.9.900.20250220-2013\jars\maven-resolver-util-1.9.22.jar
2025-11-20 00:29:56,040 [Worker-50: Launching Lost-and-found (10)] INFO  o.eclipse.m2e.core.internal.Bundles - 	Entry: C:\Users\apoor\.p2\pool\plugins\org.eclipse.m2e.maven.runtime_3.9.900.20250220-2013\jars\maven-settings-3.9.9.jar
2025-11-20 00:29:56,040 [Worker-50: Launching Lost-and-found (10)] INFO  o.eclipse.m2e.core.internal.Bundles - 	Entry: C:\Users\apoor\.p2\pool\plugins\org.eclipse.m2e.maven.runtime_3.9.900.20250220-2013\jars\maven-settings-builder-3.9.9.jar
2025-11-20 00:29:56,040 [Worker-50: Launching Lost-and-found (10)] INFO  o.eclipse.m2e.core.internal.Bundles - 	Entry: C:\Users\apoor\.p2\pool\plugins\org.eclipse.m2e.maven.runtime_3.9.900.20250220-2013\jars\maven-shared-utils-3.4.2.jar
2025-11-20 00:29:56,040 [Worker-50: Launching Lost-and-found (10)] INFO  o.eclipse.m2e.core.internal.Bundles - 	Entry: C:\Users\apoor\.p2\pool\plugins\org.eclipse.m2e.maven.runtime_3.9.900.20250220-2013\jars\org.eclipse.sisu.inject-0.9.0.M3.jar
2025-11-20 00:29:56,041 [Worker-50: Launching Lost-and-found (10)] INFO  o.eclipse.m2e.core.internal.Bundles - 	Entry: C:\Users\apoor\.p2\pool\plugins\org.eclipse.m2e.maven.runtime_3.9.900.20250220-2013\jars\org.eclipse.sisu.plexus-0.9.0.M3.jar
2025-11-20 00:29:56,041 [Worker-50: Launching Lost-and-found (10)] INFO  o.eclipse.m2e.core.internal.Bundles - 	Entry: C:\Users\apoor\.p2\pool\plugins\org.eclipse.m2e.maven.runtime_3.9.900.20250220-2013\jars\plexus-build-api-0.0.7.jar
2025-11-20 00:29:56,041 [Worker-50: Launching Lost-and-found (10)] INFO  o.eclipse.m2e.core.internal.Bundles - 	Entry: C:\Users\apoor\.p2\pool\plugins\org.eclipse.m2e.maven.runtime_3.9.900.20250220-2013\jars\plexus-build-api-1.2.0.jar
2025-11-20 00:29:56,041 [Worker-50: Launching Lost-and-found (10)] INFO  o.eclipse.m2e.core.internal.Bundles - 	Entry: C:\Users\apoor\.p2\pool\plugins\org.eclipse.m2e.maven.runtime_3.9.900.20250220-2013\jars\plexus-cipher-2.0.jar
2025-11-20 00:29:56,041 [Worker-50: Launching Lost-and-found (10)] INFO  o.eclipse.m2e.core.internal.Bundles - 	Entry: C:\Users\apoor\.p2\pool\plugins\org.eclipse.m2e.maven.runtime_3.9.900.20250220-2013\jars\plexus-classworlds-2.8.0.jar
2025-11-20 00:29:56,041 [Worker-50: Launching Lost-and-found (10)] INFO  o.eclipse.m2e.core.internal.Bundles - 	Entry: C:\Users\apoor\.p2\pool\plugins\org.eclipse.m2e.maven.runtime_3.9.900.20250220-2013\jars\plexus-component-annotations-2.1.0.jar
2025-11-20 00:29:56,042 [Worker-50: Launching Lost-and-found (10)] INFO  o.eclipse.m2e.core.internal.Bundles - 	Entry: C:\Users\apoor\.p2\pool\plugins\org.eclipse.m2e.maven.runtime_3.9.900.20250220-2013\jars\plexus-interpolation-1.27.jar
2025-11-20 00:29:56,042 [Worker-50: Launching Lost-and-found (10)] INFO  o.eclipse.m2e.core.internal.Bundles - 	Entry: C:\Users\apoor\.p2\pool\plugins\org.eclipse.m2e.maven.runtime_3.9.900.20250220-2013\jars\plexus-sec-dispatcher-2.0.jar
2025-11-20 00:29:56,042 [Worker-50: Launching Lost-and-found (10)] INFO  o.eclipse.m2e.core.internal.Bundles - 	Entry: C:\Users\apoor\.p2\pool\plugins\org.eclipse.m2e.maven.runtime_3.9.900.20250220-2013\jars\plexus-utils-3.5.1.jar
2025-11-20 00:29:56,042 [Worker-50: Launching Lost-and-found (10)] INFO  o.eclipse.m2e.core.internal.Bundles - 	Entry: C:\Users\apoor\.p2\pool\plugins\org.eclipse.m2e.maven.runtime_3.9.900.20250220-2013\jars\plexus-xml-3.0.1.jar
2025-11-20 00:29:56,042 [Worker-50: Launching Lost-and-found (10)] INFO  o.eclipse.m2e.core.internal.Bundles - 	Entry: C:\Users\apoor\.p2\pool\plugins\org.eclipse.m2e.maven.runtime_3.9.900.20250220-2013\jars\wagon-file-3.5.3.jar
2025-11-20 00:29:56,043 [Worker-50: Launching Lost-and-found (10)] INFO  o.eclipse.m2e.core.internal.Bundles - 	Entry: C:\Users\apoor\.p2\pool\plugins\org.eclipse.m2e.maven.runtime_3.9.900.20250220-2013\jars\wagon-http-3.5.3.jar
2025-11-20 00:29:56,043 [Worker-50: Launching Lost-and-found (10)] INFO  o.eclipse.m2e.core.internal.Bundles - 	Entry: C:\Users\apoor\.p2\pool\plugins\org.eclipse.m2e.maven.runtime_3.9.900.20250220-2013\jars\wagon-http-shared-3.5.3.jar
2025-11-20 00:29:56,043 [Worker-50: Launching Lost-and-found (10)] INFO  o.eclipse.m2e.core.internal.Bundles - 	Entry: C:\Users\apoor\.p2\pool\plugins\org.eclipse.m2e.maven.runtime_3.9.900.20250220-2013\jars\wagon-provider-api-3.5.3.jar
2025-11-20 00:29:56,044 [Worker-50: Launching Lost-and-found (10)] INFO  o.eclipse.m2e.core.internal.Bundles - getClasspathEntries(Bundle=com.google.guava_33.4.0.jre [12])
2025-11-20 00:29:56,045 [Worker-50: Launching Lost-and-found (10)] INFO  o.eclipse.m2e.core.internal.Bundles - 	Entry: C:\Users\apoor\.p2\pool\plugins\com.google.guava_33.4.0.jre.jar
2025-11-20 00:29:56,045 [Worker-50: Launching Lost-and-found (10)] INFO  o.eclipse.m2e.core.internal.Bundles - getClasspathEntries(Bundle=slf4j.api_2.0.17 [522])
2025-11-20 00:29:56,046 [Worker-50: Launching Lost-and-found (10)] INFO  o.eclipse.m2e.core.internal.Bundles - 	Entry: C:\Users\apoor\.p2\pool\plugins\slf4j.api_2.0.17.jar
2025-11-20 00:29:56,046 [Worker-50: Launching Lost-and-found (10)] INFO  o.eclipse.m2e.core.internal.Bundles - getClasspathEntries(Bundle=jakarta.inject.jakarta.inject-api_1.0.5 [24])
2025-11-20 00:29:56,048 [Worker-50: Launching Lost-and-found (10)] INFO  o.eclipse.m2e.core.internal.Bundles - 	Entry: C:\Users\apoor\.p2\pool\plugins\jakarta.inject.jakarta.inject-api_1.0.5.jar
2025-11-20 00:29:56,049 [Worker-50: Launching Lost-and-found (10)] INFO  o.eclipse.m2e.core.internal.Bundles - getClasspathEntries(Bundle=jakarta.annotation-api_1.3.5 [22])
2025-11-20 00:29:56,049 [Worker-50: Launching Lost-and-found (10)] INFO  o.eclipse.m2e.core.internal.Bundles - 	Entry: C:\Users\apoor\.p2\pool\plugins\jakarta.annotation-api_1.3.5.jar
2025-11-20 00:29:56,050 [Worker-50: Launching Lost-and-found (10)] INFO  o.eclipse.m2e.core.internal.Bundles - getClasspathEntries(Bundle=org.apache.commons.cli_1.9.0 [48])
2025-11-20 00:29:56,050 [Worker-50: Launching Lost-and-found (10)] INFO  o.eclipse.m2e.core.internal.Bundles - 	Entry: C:\Users\apoor\.p2\pool\plugins\org.apache.commons.cli_1.9.0.jar
2025-11-20 00:29:56,051 [Worker-50: Launching Lost-and-found (10)] INFO  o.eclipse.m2e.core.internal.Bundles - getClasspathEntries(Bundle=org.apache.commons.commons-codec_1.16.0 [49])
2025-11-20 00:29:56,051 [Worker-50: Launching Lost-and-found (10)] INFO  o.eclipse.m2e.core.internal.Bundles - 	Entry: C:\Users\apoor\.p2\pool\plugins\org.apache.commons.commons-codec_1.16.0.jar
2025-11-20 00:29:56,051 [Worker-50: Launching Lost-and-found (10)] INFO  o.eclipse.m2e.core.internal.Bundles - getClasspathEntries(Bundle=com.google.guava.failureaccess_1.0.2 [13])
2025-11-20 00:29:56,052 [Worker-50: Launching Lost-and-found (10)] INFO  o.eclipse.m2e.core.internal.Bundles - 	Entry: C:\Users\apoor\.p2\pool\plugins\com.google.guava.failureaccess_1.0.2.jar
2025-11-20 00:29:56,054 [Worker-50: Launching Lost-and-found (10)] INFO  o.e.m.i.launch.MavenLaunchDelegate - Run build in "C:\Users\apoor\OneDrive\Desktop\Lost_and_found\Lost-and-found":
2025-11-20 00:29:56,055 [Worker-50: Launching Lost-and-found (10)] INFO  o.e.m.i.launch.MavenLaunchDelegate -  mvn  -B -Dstyle.color=always clean install
2025-11-20 00:30:32,875 [Worker-58: Launching Lost-and-found (10)] INFO  o.eclipse.m2e.core.internal.Bundles - getClasspathEntries(Bundle=org.eclipse.m2e.maven.runtime_3.9.900.20250220-2013 [298])
2025-11-20 00:30:32,877 [Worker-58: Launching Lost-and-found (10)] INFO  o.eclipse.m2e.core.internal.Bundles - 	Entry: C:\Users\apoor\.p2\pool\plugins\org.eclipse.m2e.maven.runtime_3.9.900.20250220-2013
2025-11-20 00:30:32,877 [Worker-58: Launching Lost-and-found (10)] INFO  o.eclipse.m2e.core.internal.Bundles - 	Entry: C:\Users\apoor\.p2\pool\plugins\org.eclipse.m2e.maven.runtime_3.9.900.20250220-2013\jars\aopalliance-1.0.jar
2025-11-20 00:30:32,878 [Worker-58: Launching Lost-and-found (10)] INFO  o.eclipse.m2e.core.internal.Bundles - 	Entry: C:\Users\apoor\.p2\pool\plugins\org.eclipse.m2e.maven.runtime_3.9.900.20250220-2013\jars\guice-5.1.0.jar
2025-11-20 00:30:32,878 [Worker-58: Launching Lost-and-found (10)] INFO  o.eclipse.m2e.core.internal.Bundles - 	Entry: C:\Users\apoor\.p2\pool\plugins\org.eclipse.m2e.maven.runtime_3.9.900.20250220-2013\jars\httpclient-4.5.14.jar
2025-11-20 00:30:32,879 [Worker-58: Launching Lost-and-found (10)] INFO  o.eclipse.m2e.core.internal.Bundles - 	Entry: C:\Users\apoor\.p2\pool\plugins\org.eclipse.m2e.maven.runtime_3.9.900.20250220-2013\jars\httpcore-4.4.16.jar
2025-11-20 00:30:32,880 [Worker-58: Launching Lost-and-found (10)] INFO  o.eclipse.m2e.core.internal.Bundles - 	Entry: C:\Users\apoor\.p2\pool\plugins\org.eclipse.m2e.maven.runtime_3.9.900.20250220-2013\jars\jansi-2.4.1.jar
2025-11-20 00:30:32,881 [Worker-58: Launching Lost-and-found (10)] INFO  o.eclipse.m2e.core.internal.Bundles - 	Entry: C:\Users\apoor\.p2\pool\plugins\org.eclipse.m2e.maven.runtime_3.9.900.20250220-2013\jars\jcl-over-slf4j-1.7.36.jar
2025-11-20 00:30:32,882 [Worker-58: Launching Lost-and-found (10)] INFO  o.eclipse.m2e.core.internal.Bundles - 	Entry: C:\Users\apoor\.p2\pool\plugins\org.eclipse.m2e.maven.runtime_3.9.900.20250220-2013\jars\maven-artifact-3.9.9.jar
2025-11-20 00:30:32,883 [Worker-58: Launching Lost-and-found (10)] INFO  o.eclipse.m2e.core.internal.Bundles - 	Entry: C:\Users\apoor\.p2\pool\plugins\org.eclipse.m2e.maven.runtime_3.9.900.20250220-2013\jars\maven-builder-support-3.9.9.jar
2025-11-20 00:30:32,883 [Worker-58: Launching Lost-and-found (10)] INFO  o.eclipse.m2e.core.internal.Bundles - 	Entry: C:\Users\apoor\.p2\pool\plugins\org.eclipse.m2e.maven.runtime_3.9.900.20250220-2013\jars\maven-compat-3.9.9.jar
2025-11-20 00:30:32,884 [Worker-58: Launching Lost-and-found (10)] INFO  o.eclipse.m2e.core.internal.Bundles - 	Entry: C:\Users\apoor\.p2\pool\plugins\org.eclipse.m2e.maven.runtime_3.9.900.20250220-2013\jars\maven-core-3.9.9.jar
2025-11-20 00:30:32,885 [Worker-58: Launching Lost-and-found (10)] INFO  o.eclipse.m2e.core.internal.Bundles - 	Entry: C:\Users\apoor\.p2\pool\plugins\org.eclipse.m2e.maven.runtime_3.9.900.20250220-2013\jars\maven-embedder-3.9.9.jar
2025-11-20 00:30:32,885 [Worker-58: Launching Lost-and-found (10)] INFO  o.eclipse.m2e.core.internal.Bundles - 	Entry: C:\Users\apoor\.p2\pool\plugins\org.eclipse.m2e.maven.runtime_3.9.900.20250220-2013\jars\maven-model-3.9.9.jar
2025-11-20 00:30:32,886 [Worker-58: Launching Lost-and-found (10)] INFO  o.eclipse.m2e.core.internal.Bundles - 	Entry: C:\Users\apoor\.p2\pool\plugins\org.eclipse.m2e.maven.runtime_3.9.900.20250220-2013\jars\maven-model-builder-3.9.9.jar
2025-11-20 00:30:32,886 [Worker-58: Launching Lost-and-found (10)] INFO  o.eclipse.m2e.core.internal.Bundles - 	Entry: C:\Users\apoor\.p2\pool\plugins\org.eclipse.m2e.maven.runtime_3.9.900.20250220-2013\jars\maven-plugin-api-3.9.9.jar
2025-11-20 00:30:32,887 [Worker-58: Launching Lost-and-found (10)] INFO  o.eclipse.m2e.core.internal.Bundles - 	Entry: C:\Users\apoor\.p2\pool\plugins\org.eclipse.m2e.maven.runtime_3.9.900.20250220-2013\jars\maven-repository-metadata-3.9.9.jar
2025-11-20 00:30:32,887 [Worker-58: Launching Lost-and-found (10)] INFO  o.eclipse.m2e.core.internal.Bundles - 	Entry: C:\Users\apoor\.p2\pool\plugins\org.eclipse.m2e.maven.runtime_3.9.900.20250220-2013\jars\maven-resolver-api-1.9.22.jar
2025-11-20 00:30:32,888 [Worker-58: Launching Lost-and-found (10)] INFO  o.eclipse.m2e.core.internal.Bundles - 	Entry: C:\Users\apoor\.p2\pool\plugins\org.eclipse.m2e.maven.runtime_3.9.900.20250220-2013\jars\maven-resolver-connector-basic-1.9.22.jar
2025-11-20 00:30:32,888 [Worker-58: Launching Lost-and-found (10)] INFO  o.eclipse.m2e.core.internal.Bundles - 	Entry: C:\Users\apoor\.p2\pool\plugins\org.eclipse.m2e.maven.runtime_3.9.900.20250220-2013\jars\maven-resolver-impl-1.9.22.jar
2025-11-20 00:30:32,888 [Worker-58: Launching Lost-and-found (10)] INFO  o.eclipse.m2e.core.internal.Bundles - 	Entry: C:\Users\apoor\.p2\pool\plugins\org.eclipse.m2e.maven.runtime_3.9.900.20250220-2013\jars\maven-resolver-named-locks-1.9.22.jar
2025-11-20 00:30:32,888 [Worker-58: Launching Lost-and-found (10)] INFO  o.eclipse.m2e.core.internal.Bundles - 	Entry: C:\Users\apoor\.p2\pool\plugins\org.eclipse.m2e.maven.runtime_3.9.900.20250220-2013\jars\maven-resolver-provider-3.9.9.jar
2025-11-20 00:30:32,889 [Worker-58: Launching Lost-and-found (10)] INFO  o.eclipse.m2e.core.internal.Bundles - 	Entry: C:\Users\apoor\.p2\pool\plugins\org.eclipse.m2e.maven.runtime_3.9.900.20250220-2013\jars\maven-resolver-spi-1.9.22.jar
2025-11-20 00:30:32,890 [Worker-58: Launching Lost-and-found (10)] INFO  o.eclipse.m2e.core.internal.Bundles - 	Entry: C:\Users\apoor\.p2\pool\plugins\org.eclipse.m2e.maven.runtime_3.9.900.20250220-2013\jars\maven-resolver-transport-file-1.9.22.jar
2025-11-20 00:30:32,891 [Worker-58: Launching Lost-and-found (10)] INFO  o.eclipse.m2e.core.internal.Bundles - 	Entry: C:\Users\apoor\.p2\pool\plugins\org.eclipse.m2e.maven.runtime_3.9.900.20250220-2013\jars\maven-resolver-transport-http-1.9.22.jar
2025-11-20 00:30:32,892 [Worker-58: Launching Lost-and-found (10)] INFO  o.eclipse.m2e.core.internal.Bundles - 	Entry: C:\Users\apoor\.p2\pool\plugins\org.eclipse.m2e.maven.runtime_3.9.900.20250220-2013\jars\maven-resolver-transport-wagon-1.9.22.jar
2025-11-20 00:30:32,892 [Worker-58: Launching Lost-and-found (10)] INFO  o.eclipse.m2e.core.internal.Bundles - 	Entry: C:\Users\apoor\.p2\pool\plugins\org.eclipse.m2e.maven.runtime_3.9.900.20250220-2013\jars\maven-resolver-util-1.9.22.jar
2025-11-20 00:30:32,892 [Worker-58: Launching Lost-and-found (10)] INFO  o.eclipse.m2e.core.internal.Bundles - 	Entry: C:\Users\apoor\.p2\pool\plugins\org.eclipse.m2e.maven.runtime_3.9.900.20250220-2013\jars\maven-settings-3.9.9.jar
2025-11-20 00:30:32,893 [Worker-58: Launching Lost-and-found (10)] INFO  o.eclipse.m2e.core.internal.Bundles - 	Entry: C:\Users\apoor\.p2\pool\plugins\org.eclipse.m2e.maven.runtime_3.9.900.20250220-2013\jars\maven-settings-builder-3.9.9.jar
2025-11-20 00:30:32,893 [Worker-58: Launching Lost-and-found (10)] INFO  o.eclipse.m2e.core.internal.Bundles - 	Entry: C:\Users\apoor\.p2\pool\plugins\org.eclipse.m2e.maven.runtime_3.9.900.20250220-2013\jars\maven-shared-utils-3.4.2.jar
2025-11-20 00:30:32,893 [Worker-58: Launching Lost-and-found (10)] INFO  o.eclipse.m2e.core.internal.Bundles - 	Entry: C:\Users\apoor\.p2\pool\plugins\org.eclipse.m2e.maven.runtime_3.9.900.20250220-2013\jars\org.eclipse.sisu.inject-0.9.0.M3.jar
2025-11-20 00:30:32,894 [Worker-58: Launching Lost-and-found (10)] INFO  o.eclipse.m2e.core.internal.Bundles - 	Entry: C:\Users\apoor\.p2\pool\plugins\org.eclipse.m2e.maven.runtime_3.9.900.20250220-2013\jars\org.eclipse.sisu.plexus-0.9.0.M3.jar
2025-11-20 00:30:32,894 [Worker-58: Launching Lost-and-found (10)] INFO  o.eclipse.m2e.core.internal.Bundles - 	Entry: C:\Users\apoor\.p2\pool\plugins\org.eclipse.m2e.maven.runtime_3.9.900.20250220-2013\jars\plexus-build-api-0.0.7.jar
2025-11-20 00:30:32,894 [Worker-58: Launching Lost-and-found (10)] INFO  o.eclipse.m2e.core.internal.Bundles - 	Entry: C:\Users\apoor\.p2\pool\plugins\org.eclipse.m2e.maven.runtime_3.9.900.20250220-2013\jars\plexus-build-api-1.2.0.jar
2025-11-20 00:30:32,895 [Worker-58: Launching Lost-and-found (10)] INFO  o.eclipse.m2e.core.internal.Bundles - 	Entry: C:\Users\apoor\.p2\pool\plugins\org.eclipse.m2e.maven.runtime_3.9.900.20250220-2013\jars\plexus-cipher-2.0.jar
2025-11-20 00:30:32,895 [Worker-58: Launching Lost-and-found (10)] INFO  o.eclipse.m2e.core.internal.Bundles - 	Entry: C:\Users\apoor\.p2\pool\plugins\org.eclipse.m2e.maven.runtime_3.9.900.20250220-2013\jars\plexus-classworlds-2.8.0.jar
2025-11-20 00:30:32,895 [Worker-58: Launching Lost-and-found (10)] INFO  o.eclipse.m2e.core.internal.Bundles - 	Entry: C:\Users\apoor\.p2\pool\plugins\org.eclipse.m2e.maven.runtime_3.9.900.20250220-2013\jars\plexus-component-annotations-2.1.0.jar
2025-11-20 00:30:32,896 [Worker-58: Launching Lost-and-found (10)] INFO  o.eclipse.m2e.core.internal.Bundles - 	Entry: C:\Users\apoor\.p2\pool\plugins\org.eclipse.m2e.maven.runtime_3.9.900.20250220-2013\jars\plexus-interpolation-1.27.jar
2025-11-20 00:30:32,896 [Worker-58: Launching Lost-and-found (10)] INFO  o.eclipse.m2e.core.internal.Bundles - 	Entry: C:\Users\apoor\.p2\pool\plugins\org.eclipse.m2e.maven.runtime_3.9.900.20250220-2013\jars\plexus-sec-dispatcher-2.0.jar
2025-11-20 00:30:32,902 [Worker-58: Launching Lost-and-found (10)] INFO  o.eclipse.m2e.core.internal.Bundles - 	Entry: C:\Users\apoor\.p2\pool\plugins\org.eclipse.m2e.maven.runtime_3.9.900.20250220-2013\jars\plexus-utils-3.5.1.jar
2025-11-20 00:30:32,902 [Worker-58: Launching Lost-and-found (10)] INFO  o.eclipse.m2e.core.internal.Bundles - 	Entry: C:\Users\apoor\.p2\pool\plugins\org.eclipse.m2e.maven.runtime_3.9.900.20250220-2013\jars\plexus-xml-3.0.1.jar
2025-11-20 00:30:32,903 [Worker-58: Launching Lost-and-found (10)] INFO  o.eclipse.m2e.core.internal.Bundles - 	Entry: C:\Users\apoor\.p2\pool\plugins\org.eclipse.m2e.maven.runtime_3.9.900.20250220-2013\jars\wagon-file-3.5.3.jar
2025-11-20 00:30:32,904 [Worker-58: Launching Lost-and-found (10)] INFO  o.eclipse.m2e.core.internal.Bundles - 	Entry: C:\Users\apoor\.p2\pool\plugins\org.eclipse.m2e.maven.runtime_3.9.900.20250220-2013\jars\wagon-http-3.5.3.jar
2025-11-20 00:30:32,905 [Worker-58: Launching Lost-and-found (10)] INFO  o.eclipse.m2e.core.internal.Bundles - 	Entry: C:\Users\apoor\.p2\pool\plugins\org.eclipse.m2e.maven.runtime_3.9.900.20250220-2013\jars\wagon-http-shared-3.5.3.jar
2025-11-20 00:30:32,905 [Worker-58: Launching Lost-and-found (10)] INFO  o.eclipse.m2e.core.internal.Bundles - 	Entry: C:\Users\apoor\.p2\pool\plugins\org.eclipse.m2e.maven.runtime_3.9.900.20250220-2013\jars\wagon-provider-api-3.5.3.jar
2025-11-20 00:30:32,906 [Worker-58: Launching Lost-and-found (10)] INFO  o.eclipse.m2e.core.internal.Bundles - getClasspathEntries(Bundle=com.google.guava_33.4.0.jre [12])
2025-11-20 00:30:32,908 [Worker-58: Launching Lost-and-found (10)] INFO  o.eclipse.m2e.core.internal.Bundles - 	Entry: C:\Users\apoor\.p2\pool\plugins\com.google.guava_33.4.0.jre.jar
2025-11-20 00:30:32,908 [Worker-58: Launching Lost-and-found (10)] INFO  o.eclipse.m2e.core.internal.Bundles - getClasspathEntries(Bundle=slf4j.api_2.0.17 [522])
2025-11-20 00:30:32,909 [Worker-58: Launching Lost-and-found (10)] INFO  o.eclipse.m2e.core.internal.Bundles - 	Entry: C:\Users\apoor\.p2\pool\plugins\slf4j.api_2.0.17.jar
2025-11-20 00:30:32,910 [Worker-58: Launching Lost-and-found (10)] INFO  o.eclipse.m2e.core.internal.Bundles - getClasspathEntries(Bundle=jakarta.inject.jakarta.inject-api_1.0.5 [24])
2025-11-20 00:30:32,911 [Worker-58: Launching Lost-and-found (10)] INFO  o.eclipse.m2e.core.internal.Bundles - 	Entry: C:\Users\apoor\.p2\pool\plugins\jakarta.inject.jakarta.inject-api_1.0.5.jar
2025-11-20 00:30:32,911 [Worker-58: Launching Lost-and-found (10)] INFO  o.eclipse.m2e.core.internal.Bundles - getClasspathEntries(Bundle=jakarta.annotation-api_1.3.5 [22])
2025-11-20 00:30:32,912 [Worker-58: Launching Lost-and-found (10)] INFO  o.eclipse.m2e.core.internal.Bundles - 	Entry: C:\Users\apoor\.p2\pool\plugins\jakarta.annotation-api_1.3.5.jar
2025-11-20 00:30:32,912 [Worker-58: Launching Lost-and-found (10)] INFO  o.eclipse.m2e.core.internal.Bundles - getClasspathEntries(Bundle=org.apache.commons.cli_1.9.0 [48])
2025-11-20 00:30:32,913 [Worker-58: Launching Lost-and-found (10)] INFO  o.eclipse.m2e.core.internal.Bundles - 	Entry: C:\Users\apoor\.p2\pool\plugins\org.apache.commons.cli_1.9.0.jar
2025-11-20 00:30:32,913 [Worker-58: Launching Lost-and-found (10)] INFO  o.eclipse.m2e.core.internal.Bundles - getClasspathEntries(Bundle=org.apache.commons.commons-codec_1.16.0 [49])
2025-11-20 00:30:32,914 [Worker-58: Launching Lost-and-found (10)] INFO  o.eclipse.m2e.core.internal.Bundles - 	Entry: C:\Users\apoor\.p2\pool\plugins\org.apache.commons.commons-codec_1.16.0.jar
2025-11-20 00:30:32,914 [Worker-58: Launching Lost-and-found (10)] INFO  o.eclipse.m2e.core.internal.Bundles - getClasspathEntries(Bundle=com.google.guava.failureaccess_1.0.2 [13])
2025-11-20 00:30:32,916 [Worker-58: Launching Lost-and-found (10)] INFO  o.eclipse.m2e.core.internal.Bundles - 	Entry: C:\Users\apoor\.p2\pool\plugins\com.google.guava.failureaccess_1.0.2.jar
2025-11-20 00:30:32,919 [Worker-58: Launching Lost-and-found (10)] INFO  o.e.m.i.launch.MavenLaunchDelegate - Run build in "C:\Users\apoor\OneDrive\Desktop\Lost_and_found\Lost-and-found":
2025-11-20 00:30:32,920 [Worker-58: Launching Lost-and-found (10)] INFO  o.e.m.i.launch.MavenLaunchDelegate -  mvn  -B -Dstyle.color=always clean install
2025-11-20 00:37:52,695 [Worker-48: Building] INFO  o.a.m.s.f.DefaultMavenResourcesFiltering - Copying 1 resource from src\main\resources to target\classes
2025-11-20 00:37:52,839 [Worker-48: Building] INFO  o.a.m.s.f.DefaultMavenResourcesFiltering - Copying 0 resource from src\main\resources to target\classes
2025-11-20 00:37:52,846 [Worker-48: Building] INFO  o.a.m.s.f.DefaultMavenResourcesFiltering - skip non existing resourceDirectory C:\Users\apoor\OneDrive\Desktop\Lost_and_found\Lost-and-found\src\test\resources
2025-11-20 00:43:34,815 [Worker-48: Building] INFO  o.a.m.s.f.DefaultMavenResourcesFiltering - Copying 1 resource from src\main\resources to target\classes
2025-11-20 00:43:34,844 [Worker-48: Building] INFO  o.a.m.s.f.DefaultMavenResourcesFiltering - Copying 0 resource from src\main\resources to target\classes
2025-11-20 00:43:34,851 [Worker-48: Building] INFO  o.a.m.s.f.DefaultMavenResourcesFiltering - skip non existing resourceDirectory C:\Users\apoor\OneDrive\Desktop\Lost_and_found\Lost-and-found\src\test\resources
2025-11-20 00:44:39,715 [Worker-48: Building] INFO  o.a.m.s.f.DefaultMavenResourcesFiltering - Copying 1 resource from src\main\resources to target\classes
2025-11-20 00:44:39,729 [Worker-48: Building] INFO  o.a.m.s.f.DefaultMavenResourcesFiltering - Copying 0 resource from src\main\resources to target\classes
2025-11-20 00:44:39,736 [Worker-48: Building] INFO  o.a.m.s.f.DefaultMavenResourcesFiltering - skip non existing resourceDirectory C:\Users\apoor\OneDrive\Desktop\Lost_and_found\Lost-and-found\src\test\resources
2025-11-20 00:47:57,303 [Worker-59: Building] INFO  o.a.m.s.f.DefaultMavenResourcesFiltering - Copying 1 resource from src\main\resources to target\classes
2025-11-20 00:47:57,321 [Worker-59: Building] INFO  o.a.m.s.f.DefaultMavenResourcesFiltering - Copying 0 resource from src\main\resources to target\classes
2025-11-20 00:47:57,327 [Worker-59: Building] INFO  o.a.m.s.f.DefaultMavenResourcesFiltering - skip non existing resourceDirectory C:\Users\apoor\OneDrive\Desktop\Lost_and_found\Lost-and-found\src\test\resources
2025-11-20 00:48:31,634 [Worker-48: Building] INFO  o.a.m.s.f.DefaultMavenResourcesFiltering - Copying 1 resource from src\main\resources to target\classes
2025-11-20 00:48:31,647 [Worker-48: Building] INFO  o.a.m.s.f.DefaultMavenResourcesFiltering - Copying 0 resource from src\main\resources to target\classes
2025-11-20 00:48:31,652 [Worker-48: Building] INFO  o.a.m.s.f.DefaultMavenResourcesFiltering - skip non existing resourceDirectory C:\Users\apoor\OneDrive\Desktop\Lost_and_found\Lost-and-found\src\test\resources
2025-11-20 00:52:15,057 [Worker-59: Building] INFO  o.a.m.s.f.DefaultMavenResourcesFiltering - Copying 1 resource from src\main\resources to target\classes
2025-11-20 00:52:15,071 [Worker-59: Building] INFO  o.a.m.s.f.DefaultMavenResourcesFiltering - Copying 0 resource from src\main\resources to target\classes
2025-11-20 00:52:15,077 [Worker-59: Building] INFO  o.a.m.s.f.DefaultMavenResourcesFiltering - skip non existing resourceDirectory C:\Users\apoor\OneDrive\Desktop\Lost_and_found\Lost-and-found\src\test\resources
2025-11-20 01:01:50,499 [Worker-63: Building] INFO  o.a.m.s.f.DefaultMavenResourcesFiltering - Copying 1 resource from src\main\resources to target\classes
2025-11-20 01:01:50,568 [Worker-63: Building] INFO  o.a.m.s.f.DefaultMavenResourcesFiltering - Copying 0 resource from src\main\resources to target\classes
2025-11-20 01:01:50,575 [Worker-63: Building] INFO  o.a.m.s.f.DefaultMavenResourcesFiltering - skip non existing resourceDirectory C:\Users\apoor\OneDrive\Desktop\Lost_and_found\Lost-and-found\src\test\resources
2025-11-20 06:48:22,513 [Worker-4: Loading available Gradle versions] INFO  o.e.b.c.i.u.g.PublishedGradleVersions - Gradle version information cache is out-of-date. Trying to update.
2025-11-20 06:51:58,854 [Worker-9: Building] INFO  o.a.m.s.f.DefaultMavenResourcesFiltering - Copying 1 resource from src\main\resources to target\classes
2025-11-20 06:51:58,912 [Worker-9: Building] INFO  o.a.m.s.f.DefaultMavenResourcesFiltering - Copying 0 resource from src\main\resources to target\classes
2025-11-20 06:51:58,932 [Worker-9: Building] INFO  o.a.m.s.f.DefaultMavenResourcesFiltering - skip non existing resourceDirectory C:\Users\apoor\OneDrive\Desktop\Lost_and_found\Lost-and-found\src\test\resources
2025-11-20 06:58:08,609 [Worker-19: Building] INFO  o.a.m.s.f.DefaultMavenResourcesFiltering - Copying 1 resource from src\main\resources to target\classes
2025-11-20 06:58:08,819 [Worker-19: Building] INFO  o.a.m.s.f.DefaultMavenResourcesFiltering - Copying 0 resource from src\main\resources to target\classes
2025-11-20 06:58:08,873 [Worker-19: Building] INFO  o.a.m.s.f.DefaultMavenResourcesFiltering - skip non existing resourceDirectory C:\Users\apoor\OneDrive\Desktop\Lost_and_found\Lost-and-found\src\test\resources
2025-11-20 06:59:12,402 [Worker-16: Building] INFO  o.a.m.s.f.DefaultMavenResourcesFiltering - Copying 1 resource from src\main\resources to target\classes
2025-11-20 06:59:12,435 [Worker-16: Building] INFO  o.a.m.s.f.DefaultMavenResourcesFiltering - Copying 0 resource from src\main\resources to target\classes
2025-11-20 06:59:12,449 [Worker-16: Building] INFO  o.a.m.s.f.DefaultMavenResourcesFiltering - skip non existing resourceDirectory C:\Users\apoor\OneDrive\Desktop\Lost_and_found\Lost-and-found\src\test\resources
2025-11-20 07:08:26,206 [Worker-23: Building] INFO  o.a.m.s.f.DefaultMavenResourcesFiltering - Copying 1 resource from src\main\resources to target\classes
2025-11-20 07:08:26,261 [Worker-23: Building] INFO  o.a.m.s.f.DefaultMavenResourcesFiltering - Copying 0 resource from src\main\resources to target\classes
2025-11-20 07:08:26,277 [Worker-23: Building] INFO  o.a.m.s.f.DefaultMavenResourcesFiltering - skip non existing resourceDirectory C:\Users\apoor\OneDrive\Desktop\Lost_and_found\Lost-and-found\src\test\resources
2025-11-20 07:08:38,474 [Worker-20: Building] INFO  o.a.m.s.f.DefaultMavenResourcesFiltering - Copying 1 resource from src\main\resources to target\classes
2025-11-20 07:08:38,494 [Worker-20: Building] INFO  o.a.m.s.f.DefaultMavenResourcesFiltering - Copying 0 resource from src\main\resources to target\classes
2025-11-20 07:08:38,505 [Worker-20: Building] INFO  o.a.m.s.f.DefaultMavenResourcesFiltering - skip non existing resourceDirectory C:\Users\apoor\OneDrive\Desktop\Lost_and_found\Lost-and-found\src\test\resources
2025-11-20 07:08:46,430 [Worker-24: Building] INFO  o.a.m.s.f.DefaultMavenResourcesFiltering - Copying 1 resource from src\main\resources to target\classes
2025-11-20 07:08:46,460 [Worker-24: Building] INFO  o.a.m.s.f.DefaultMavenResourcesFiltering - Copying 0 resource from src\main\resources to target\classes
2025-11-20 07:08:46,471 [Worker-24: Building] INFO  o.a.m.s.f.DefaultMavenResourcesFiltering - skip non existing resourceDirectory C:\Users\apoor\OneDrive\Desktop\Lost_and_found\Lost-and-found\src\test\resources
2025-11-20 07:10:26,807 [Worker-22: Building] INFO  o.a.m.s.f.DefaultMavenResourcesFiltering - Copying 1 resource from src\main\resources to target\classes
2025-11-20 07:10:26,828 [Worker-22: Building] INFO  o.a.m.s.f.DefaultMavenResourcesFiltering - Copying 0 resource from src\main\resources to target\classes
2025-11-20 07:10:26,845 [Worker-22: Building] INFO  o.a.m.s.f.DefaultMavenResourcesFiltering - skip non existing resourceDirectory C:\Users\apoor\OneDrive\Desktop\Lost_and_found\Lost-and-found\src\test\resources
2025-11-20 07:10:29,195 [Worker-20: Building] INFO  o.a.m.s.f.DefaultMavenResourcesFiltering - Copying 1 resource from src\main\resources to target\classes
2025-11-20 07:10:29,216 [Worker-20: Building] INFO  o.a.m.s.f.DefaultMavenResourcesFiltering - Copying 0 resource from src\main\resources to target\classes
2025-11-20 07:10:29,229 [Worker-20: Building] INFO  o.a.m.s.f.DefaultMavenResourcesFiltering - skip non existing resourceDirectory C:\Users\apoor\OneDrive\Desktop\Lost_and_found\Lost-and-found\src\test\resources
2025-11-20 07:10:42,357 [Worker-22: Building] INFO  o.a.m.s.f.DefaultMavenResourcesFiltering - Copying 1 resource from src\main\resources to target\classes
2025-11-20 07:10:42,373 [Worker-22: Building] INFO  o.a.m.s.f.DefaultMavenResourcesFiltering - Copying 0 resource from src\main\resources to target\classes
2025-11-20 07:10:42,385 [Worker-22: Building] INFO  o.a.m.s.f.DefaultMavenResourcesFiltering - skip non existing resourceDirectory C:\Users\apoor\OneDrive\Desktop\Lost_and_found\Lost-and-found\src\test\resources
2025-11-20 07:23:10,066 [Worker-25: Building] INFO  o.a.m.s.f.DefaultMavenResourcesFiltering - Copying 1 resource from src\main\resources to target\classes
2025-11-20 07:23:10,154 [Worker-25: Building] INFO  o.a.m.s.f.DefaultMavenResourcesFiltering - Copying 0 resource from src\main\resources to target\classes
2025-11-20 07:23:10,167 [Worker-25: Building] INFO  o.a.m.s.f.DefaultMavenResourcesFiltering - skip non existing resourceDirectory C:\Users\apoor\OneDrive\Desktop\Lost_and_found\Lost-and-found\src\test\resources
2025-11-20 07:23:53,371 [Worker-27: Building] INFO  o.a.m.s.f.DefaultMavenResourcesFiltering - Copying 1 resource from src\main\resources to target\classes
2025-11-20 07:23:53,390 [Worker-27: Building] INFO  o.a.m.s.f.DefaultMavenResourcesFiltering - Copying 0 resource from src\main\resources to target\classes
2025-11-20 07:23:53,403 [Worker-27: Building] INFO  o.a.m.s.f.DefaultMavenResourcesFiltering - skip non existing resourceDirectory C:\Users\apoor\OneDrive\Desktop\Lost_and_found\Lost-and-found\src\test\resources
2025-11-20 07:26:08,974 [Worker-27: Building] INFO  o.a.m.s.f.DefaultMavenResourcesFiltering - Copying 1 resource from src\main\resources to target\classes
2025-11-20 07:26:08,996 [Worker-27: Building] INFO  o.a.m.s.f.DefaultMavenResourcesFiltering - Copying 0 resource from src\main\resources to target\classes
2025-11-20 07:26:09,012 [Worker-27: Building] INFO  o.a.m.s.f.DefaultMavenResourcesFiltering - skip non existing resourceDirectory C:\Users\apoor\OneDrive\Desktop\Lost_and_found\Lost-and-found\src\test\resources
2025-11-20 07:37:51,370 [Worker-27: Building] INFO  o.a.m.s.f.DefaultMavenResourcesFiltering - Copying 1 resource from src\main\resources to target\classes
2025-11-20 07:37:51,478 [Worker-27: Building] INFO  o.a.m.s.f.DefaultMavenResourcesFiltering - Copying 0 resource from src\main\resources to target\classes
2025-11-20 07:37:51,509 [Worker-27: Building] INFO  o.a.m.s.f.DefaultMavenResourcesFiltering - skip non existing resourceDirectory C:\Users\apoor\OneDrive\Desktop\Lost_and_found\Lost-and-found\src\test\resources
2025-11-20 07:38:44,047 [Worker-27: Building] INFO  o.a.m.s.f.DefaultMavenResourcesFiltering - Copying 1 resource from src\main\resources to target\classes
2025-11-20 07:38:44,106 [Worker-27: Building] INFO  o.a.m.s.f.DefaultMavenResourcesFiltering - Copying 0 resource from src\main\resources to target\classes
2025-11-20 07:38:44,115 [Worker-27: Building] INFO  o.a.m.s.f.DefaultMavenResourcesFiltering - skip non existing resourceDirectory C:\Users\apoor\OneDrive\Desktop\Lost_and_found\Lost-and-found\src\test\resources
2025-11-20 08:05:25,769 [Worker-29: Building] INFO  o.e.m.c.i.l.LifecycleMappingFactory - Using org.eclipse.m2e.jdt.JarLifecycleMapping lifecycle mapping for MavenProject: com.example:lostandfound:0.0.1-SNAPSHOT @ C:\Users\apoor\OneDrive\Desktop\Lost_and_found\Lost-and-found\pom.xml.
2025-11-20 08:05:27,693 [Worker-29: Building] INFO  o.e.m.c.i.e.AbstractTransferListenerAdapter - Downloading https://repo.maven.apache.org/maven2/org/springframework/boot/spring-boot-starter-mail/3.5.4/spring-boot-starter-mail-3.5.4.pom
2025-11-20 08:05:27,834 [Worker-29: Building] INFO  o.e.m.c.i.e.AbstractTransferListenerAdapter - Downloaded https://repo.maven.apache.org/maven2/org/springframework/boot/spring-boot-starter-mail/3.5.4/spring-boot-starter-mail-3.5.4.pom
2025-11-20 08:05:27,917 [Worker-29: Building] INFO  o.e.m.c.i.e.AbstractTransferListenerAdapter - Downloading https://repo.maven.apache.org/maven2/org/springframework/spring-context-support/6.2.9/spring-context-support-6.2.9.pom
2025-11-20 08:05:28,000 [Worker-29: Building] INFO  o.e.m.c.i.e.AbstractTransferListenerAdapter - Downloaded https://repo.maven.apache.org/maven2/org/springframework/spring-context-support/6.2.9/spring-context-support-6.2.9.pom
2025-11-20 08:05:28,070 [Worker-29: Building] INFO  o.e.m.c.i.e.AbstractTransferListenerAdapter - Downloading https://repo.maven.apache.org/maven2/org/eclipse/angus/jakarta.mail/2.0.3/jakarta.mail-2.0.3.pom
2025-11-20 08:05:28,183 [Worker-29: Building] INFO  o.e.m.c.i.e.AbstractTransferListenerAdapter - Downloaded https://repo.maven.apache.org/maven2/org/eclipse/angus/jakarta.mail/2.0.3/jakarta.mail-2.0.3.pom
2025-11-20 08:05:28,289 [Worker-29: Building] INFO  o.e.m.c.i.e.AbstractTransferListenerAdapter - Downloading https://repo.maven.apache.org/maven2/org/eclipse/angus/all/2.0.3/all-2.0.3.pom
2025-11-20 08:05:28,527 [Worker-29: Building] INFO  o.e.m.c.i.e.AbstractTransferListenerAdapter - Downloaded https://repo.maven.apache.org/maven2/org/eclipse/angus/all/2.0.3/all-2.0.3.pom
2025-11-20 08:05:31,399 [Worker-29: Building] INFO  o.e.m.c.i.e.AbstractTransferListenerAdapter - Downloading https://repo.maven.apache.org/maven2/org/springframework/boot/spring-boot-starter-mail/3.5.4/spring-boot-starter-mail-3.5.4.jar
2025-11-20 08:05:31,667 [Worker-29: Building] INFO  o.e.m.c.i.e.AbstractTransferListenerAdapter - Downloaded https://repo.maven.apache.org/maven2/org/springframework/boot/spring-boot-starter-mail/3.5.4/spring-boot-starter-mail-3.5.4.jar
2025-11-20 08:05:31,707 [BasicRepositoryConnector-repo.maven.apache.org-0-1] INFO  o.e.m.c.i.e.AbstractTransferListenerAdapter - Downloading https://repo.maven.apache.org/maven2/org/eclipse/angus/jakarta.mail/2.0.3/jakarta.mail-2.0.3.jar
2025-11-20 08:05:31,814 [BasicRepositoryConnector-repo.maven.apache.org-0-0] INFO  o.e.m.c.i.e.AbstractTransferListenerAdapter - Downloading https://repo.maven.apache.org/maven2/org/springframework/spring-context-support/6.2.9/spring-context-support-6.2.9.jar
2025-11-20 08:05:31,933 [BasicRepositoryConnector-repo.maven.apache.org-0-1] INFO  o.e.m.c.i.e.AbstractTransferListenerAdapter - Downloaded https://repo.maven.apache.org/maven2/org/eclipse/angus/jakarta.mail/2.0.3/jakarta.mail-2.0.3.jar
2025-11-20 08:05:31,953 [BasicRepositoryConnector-repo.maven.apache.org-0-0] INFO  o.e.m.c.i.e.AbstractTransferListenerAdapter - Downloaded https://repo.maven.apache.org/maven2/org/springframework/spring-context-support/6.2.9/spring-context-support-6.2.9.jar
2025-11-20 08:05:33,407 [Worker-29: Building] INFO  o.a.m.s.f.DefaultMavenResourcesFiltering - Copying 0 resource from src\main\resources to target\classes
2025-11-20 08:05:33,408 [Worker-29: Building] INFO  o.a.m.s.f.DefaultMavenResourcesFiltering - Copying 0 resource from src\main\resources to target\classes
2025-11-20 08:05:33,416 [Worker-29: Building] INFO  o.a.m.s.f.DefaultMavenResourcesFiltering - skip non existing resourceDirectory C:\Users\apoor\OneDrive\Desktop\Lost_and_found\Lost-and-found\src\test\resources
2025-11-20 08:05:33,573 [Worker-25: Download sources and javadoc] INFO  o.e.m.c.i.e.AbstractTransferListenerAdapter - Downloading https://repo.maven.apache.org/maven2/org/springframework/boot/spring-boot-starter-mail/3.5.4/spring-boot-starter-mail-3.5.4-sources.jar
2025-11-20 08:05:33,614 [Worker-25: Download sources and javadoc] INFO  o.e.m.c.i.e.AbstractTransferListenerAdapter - Downloaded https://repo.maven.apache.org/maven2/org/springframework/boot/spring-boot-starter-mail/3.5.4/spring-boot-starter-mail-3.5.4-sources.jar
2025-11-20 08:05:33,642 [Worker-25: Download sources and javadoc] INFO  o.e.m.j.internal.DownloadSourcesJob - Downloaded sources for org.springframework.boot:spring-boot-starter-mail:3.5.4
2025-11-20 08:05:33,758 [Worker-25: Download sources and javadoc] INFO  o.e.m.c.i.e.AbstractTransferListenerAdapter - Downloading https://repo.maven.apache.org/maven2/org/springframework/spring-context-support/6.2.9/spring-context-support-6.2.9-sources.jar
2025-11-20 08:05:33,923 [Worker-25: Download sources and javadoc] INFO  o.e.m.c.i.e.AbstractTransferListenerAdapter - Downloaded https://repo.maven.apache.org/maven2/org/springframework/spring-context-support/6.2.9/spring-context-support-6.2.9-sources.jar
2025-11-20 08:05:33,972 [Worker-25: Download sources and javadoc] INFO  o.e.m.j.internal.DownloadSourcesJob - Downloaded sources for org.springframework:spring-context-support:6.2.9
2025-11-20 08:05:34,109 [Worker-25: Download sources and javadoc] INFO  o.e.m.c.i.e.AbstractTransferListenerAdapter - Downloading https://repo.maven.apache.org/maven2/org/eclipse/angus/jakarta.mail/2.0.3/jakarta.mail-2.0.3-sources.jar
2025-11-20 08:05:34,506 [Worker-25: Download sources and javadoc] INFO  o.e.m.c.i.e.AbstractTransferListenerAdapter - Downloaded https://repo.maven.apache.org/maven2/org/eclipse/angus/jakarta.mail/2.0.3/jakarta.mail-2.0.3-sources.jar
2025-11-20 08:05:34,544 [Worker-25: Download sources and javadoc] INFO  o.e.m.j.internal.DownloadSourcesJob - Downloaded sources for org.eclipse.angus:jakarta.mail:2.0.3
2025-11-20 08:05:36,738 [Worker-23: Building] INFO  o.a.m.s.f.DefaultMavenResourcesFiltering - Copying 1 resource from src\main\resources to target\classes
2025-11-20 08:05:36,785 [Worker-23: Building] INFO  o.a.m.s.f.DefaultMavenResourcesFiltering - Copying 0 resource from src\main\resources to target\classes
2025-11-20 08:05:36,795 [Worker-23: Building] INFO  o.a.m.s.f.DefaultMavenResourcesFiltering - skip non existing resourceDirectory C:\Users\apoor\OneDrive\Desktop\Lost_and_found\Lost-and-found\src\test\resources
2025-11-20 08:30:00,681 [Worker-35: Building] INFO  o.a.m.s.f.DefaultMavenResourcesFiltering - Copying 1 resource from src\main\resources to target\classes
2025-11-20 08:30:00,824 [Worker-35: Building] INFO  o.a.m.s.f.DefaultMavenResourcesFiltering - Copying 0 resource from src\main\resources to target\classes
2025-11-20 08:30:00,838 [Worker-35: Building] INFO  o.a.m.s.f.DefaultMavenResourcesFiltering - skip non existing resourceDirectory C:\Users\apoor\OneDrive\Desktop\Lost_and_found\Lost-and-found\src\test\resources
2025-11-20 08:30:03,646 [Worker-41: Building] INFO  o.a.m.s.f.DefaultMavenResourcesFiltering - Copying 1 resource from src\main\resources to target\classes
2025-11-20 08:30:03,749 [Worker-41: Building] INFO  o.a.m.s.f.DefaultMavenResourcesFiltering - Copying 0 resource from src\main\resources to target\classes
2025-11-20 08:30:03,755 [Worker-41: Building] INFO  o.a.m.s.f.DefaultMavenResourcesFiltering - skip non existing resourceDirectory C:\Users\apoor\OneDrive\Desktop\Lost_and_found\Lost-and-found\src\test\resources
2025-11-20 08:30:06,125 [Worker-41: Building] INFO  o.a.m.s.f.DefaultMavenResourcesFiltering - Copying 1 resource from src\main\resources to target\classes
2025-11-20 08:30:06,258 [Worker-41: Building] INFO  o.a.m.s.f.DefaultMavenResourcesFiltering - Copying 0 resource from src\main\resources to target\classes
2025-11-20 08:30:06,264 [Worker-41: Building] INFO  o.a.m.s.f.DefaultMavenResourcesFiltering - skip non existing resourceDirectory C:\Users\apoor\OneDrive\Desktop\Lost_and_found\Lost-and-found\src\test\resources
2025-11-20 08:30:41,889 [Worker-39: Launching Executing clean in C__Users_apoor_OneDrive_Desktop_Lost_and_found_Lost-and-found] INFO  o.eclipse.m2e.core.internal.Bundles - getClasspathEntries(Bundle=org.eclipse.m2e.maven.runtime_3.9.900.20250220-2013 [298])
2025-11-20 08:30:41,894 [Worker-39: Launching Executing clean in C__Users_apoor_OneDrive_Desktop_Lost_and_found_Lost-and-found] INFO  o.eclipse.m2e.core.internal.Bundles - 	Entry: C:\Users\apoor\.p2\pool\plugins\org.eclipse.m2e.maven.runtime_3.9.900.20250220-2013
2025-11-20 08:30:41,897 [Worker-39: Launching Executing clean in C__Users_apoor_OneDrive_Desktop_Lost_and_found_Lost-and-found] INFO  o.eclipse.m2e.core.internal.Bundles - 	Entry: C:\Users\apoor\.p2\pool\plugins\org.eclipse.m2e.maven.runtime_3.9.900.20250220-2013\jars\aopalliance-1.0.jar
2025-11-20 08:30:41,898 [Worker-39: Launching Executing clean in C__Users_apoor_OneDrive_Desktop_Lost_and_found_Lost-and-found] INFO  o.eclipse.m2e.core.internal.Bundles - 	Entry: C:\Users\apoor\.p2\pool\plugins\org.eclipse.m2e.maven.runtime_3.9.900.20250220-2013\jars\guice-5.1.0.jar
2025-11-20 08:30:41,899 [Worker-39: Launching Executing clean in C__Users_apoor_OneDrive_Desktop_Lost_and_found_Lost-and-found] INFO  o.eclipse.m2e.core.internal.Bundles - 	Entry: C:\Users\apoor\.p2\pool\plugins\org.eclipse.m2e.maven.runtime_3.9.900.20250220-2013\jars\httpclient-4.5.14.jar
2025-11-20 08:30:41,900 [Worker-39: Launching Executing clean in C__Users_apoor_OneDrive_Desktop_Lost_and_found_Lost-and-found] INFO  o.eclipse.m2e.core.internal.Bundles - 	Entry: C:\Users\apoor\.p2\pool\plugins\org.eclipse.m2e.maven.runtime_3.9.900.20250220-2013\jars\httpcore-4.4.16.jar
2025-11-20 08:30:41,901 [Worker-39: Launching Executing clean in C__Users_apoor_OneDrive_Desktop_Lost_and_found_Lost-and-found] INFO  o.eclipse.m2e.core.internal.Bundles - 	Entry: C:\Users\apoor\.p2\pool\plugins\org.eclipse.m2e.maven.runtime_3.9.900.20250220-2013\jars\jansi-2.4.1.jar
2025-11-20 08:30:41,901 [Worker-39: Launching Executing clean in C__Users_apoor_OneDrive_Desktop_Lost_and_found_Lost-and-found] INFO  o.eclipse.m2e.core.internal.Bundles - 	Entry: C:\Users\apoor\.p2\pool\plugins\org.eclipse.m2e.maven.runtime_3.9.900.20250220-2013\jars\jcl-over-slf4j-1.7.36.jar
2025-11-20 08:30:41,902 [Worker-39: Launching Executing clean in C__Users_apoor_OneDrive_Desktop_Lost_and_found_Lost-and-found] INFO  o.eclipse.m2e.core.internal.Bundles - 	Entry: C:\Users\apoor\.p2\pool\plugins\org.eclipse.m2e.maven.runtime_3.9.900.20250220-2013\jars\maven-artifact-3.9.9.jar
2025-11-20 08:30:41,902 [Worker-39: Launching Executing clean in C__Users_apoor_OneDrive_Desktop_Lost_and_found_Lost-and-found] INFO  o.eclipse.m2e.core.internal.Bundles - 	Entry: C:\Users\apoor\.p2\pool\plugins\org.eclipse.m2e.maven.runtime_3.9.900.20250220-2013\jars\maven-builder-support-3.9.9.jar
2025-11-20 08:30:41,902 [Worker-39: Launching Executing clean in C__Users_apoor_OneDrive_Desktop_Lost_and_found_Lost-and-found] INFO  o.eclipse.m2e.core.internal.Bundles - 	Entry: C:\Users\apoor\.p2\pool\plugins\org.eclipse.m2e.maven.runtime_3.9.900.20250220-2013\jars\maven-compat-3.9.9.jar
2025-11-20 08:30:41,903 [Worker-39: Launching Executing clean in C__Users_apoor_OneDrive_Desktop_Lost_and_found_Lost-and-found] INFO  o.eclipse.m2e.core.internal.Bundles - 	Entry: C:\Users\apoor\.p2\pool\plugins\org.eclipse.m2e.maven.runtime_3.9.900.20250220-2013\jars\maven-core-3.9.9.jar
2025-11-20 08:30:41,903 [Worker-39: Launching Executing clean in C__Users_apoor_OneDrive_Desktop_Lost_and_found_Lost-and-found] INFO  o.eclipse.m2e.core.internal.Bundles - 	Entry: C:\Users\apoor\.p2\pool\plugins\org.eclipse.m2e.maven.runtime_3.9.900.20250220-2013\jars\maven-embedder-3.9.9.jar
2025-11-20 08:30:41,903 [Worker-39: Launching Executing clean in C__Users_apoor_OneDrive_Desktop_Lost_and_found_Lost-and-found] INFO  o.eclipse.m2e.core.internal.Bundles - 	Entry: C:\Users\apoor\.p2\pool\plugins\org.eclipse.m2e.maven.runtime_3.9.900.20250220-2013\jars\maven-model-3.9.9.jar
2025-11-20 08:30:41,904 [Worker-39: Launching Executing clean in C__Users_apoor_OneDrive_Desktop_Lost_and_found_Lost-and-found] INFO  o.eclipse.m2e.core.internal.Bundles - 	Entry: C:\Users\apoor\.p2\pool\plugins\org.eclipse.m2e.maven.runtime_3.9.900.20250220-2013\jars\maven-model-builder-3.9.9.jar
2025-11-20 08:30:41,905 [Worker-39: Launching Executing clean in C__Users_apoor_OneDrive_Desktop_Lost_and_found_Lost-and-found] INFO  o.eclipse.m2e.core.internal.Bundles - 	Entry: C:\Users\apoor\.p2\pool\plugins\org.eclipse.m2e.maven.runtime_3.9.900.20250220-2013\jars\maven-plugin-api-3.9.9.jar
2025-11-20 08:30:41,906 [Worker-39: Launching Executing clean in C__Users_apoor_OneDrive_Desktop_Lost_and_found_Lost-and-found] INFO  o.eclipse.m2e.core.internal.Bundles - 	Entry: C:\Users\apoor\.p2\pool\plugins\org.eclipse.m2e.maven.runtime_3.9.900.20250220-2013\jars\maven-repository-metadata-3.9.9.jar
2025-11-20 08:30:41,907 [Worker-39: Launching Executing clean in C__Users_apoor_OneDrive_Desktop_Lost_and_found_Lost-and-found] INFO  o.eclipse.m2e.core.internal.Bundles - 	Entry: C:\Users\apoor\.p2\pool\plugins\org.eclipse.m2e.maven.runtime_3.9.900.20250220-2013\jars\maven-resolver-api-1.9.22.jar
2025-11-20 08:30:41,907 [Worker-39: Launching Executing clean in C__Users_apoor_OneDrive_Desktop_Lost_and_found_Lost-and-found] INFO  o.eclipse.m2e.core.internal.Bundles - 	Entry: C:\Users\apoor\.p2\pool\plugins\org.eclipse.m2e.maven.runtime_3.9.900.20250220-2013\jars\maven-resolver-connector-basic-1.9.22.jar
2025-11-20 08:30:41,908 [Worker-39: Launching Executing clean in C__Users_apoor_OneDrive_Desktop_Lost_and_found_Lost-and-found] INFO  o.eclipse.m2e.core.internal.Bundles - 	Entry: C:\Users\apoor\.p2\pool\plugins\org.eclipse.m2e.maven.runtime_3.9.900.20250220-2013\jars\maven-resolver-impl-1.9.22.jar
2025-11-20 08:30:41,908 [Worker-39: Launching Executing clean in C__Users_apoor_OneDrive_Desktop_Lost_and_found_Lost-and-found] INFO  o.eclipse.m2e.core.internal.Bundles - 	Entry: C:\Users\apoor\.p2\pool\plugins\org.eclipse.m2e.maven.runtime_3.9.900.20250220-2013\jars\maven-resolver-named-locks-1.9.22.jar
2025-11-20 08:30:41,908 [Worker-39: Launching Executing clean in C__Users_apoor_OneDrive_Desktop_Lost_and_found_Lost-and-found] INFO  o.eclipse.m2e.core.internal.Bundles - 	Entry: C:\Users\apoor\.p2\pool\plugins\org.eclipse.m2e.maven.runtime_3.9.900.20250220-2013\jars\maven-resolver-provider-3.9.9.jar
2025-11-20 08:30:41,909 [Worker-39: Launching Executing clean in C__Users_apoor_OneDrive_Desktop_Lost_and_found_Lost-and-found] INFO  o.eclipse.m2e.core.internal.Bundles - 	Entry: C:\Users\apoor\.p2\pool\plugins\org.eclipse.m2e.maven.runtime_3.9.900.20250220-2013\jars\maven-resolver-spi-1.9.22.jar
2025-11-20 08:30:41,909 [Worker-39: Launching Executing clean in C__Users_apoor_OneDrive_Desktop_Lost_and_found_Lost-and-found] INFO  o.eclipse.m2e.core.internal.Bundles - 	Entry: C:\Users\apoor\.p2\pool\plugins\org.eclipse.m2e.maven.runtime_3.9.900.20250220-2013\jars\maven-resolver-transport-file-1.9.22.jar
2025-11-20 08:30:41,910 [Worker-39: Launching Executing clean in C__Users_apoor_OneDrive_Desktop_Lost_and_found_Lost-and-found] INFO  o.eclipse.m2e.core.internal.Bundles - 	Entry: C:\Users\apoor\.p2\pool\plugins\org.eclipse.m2e.maven.runtime_3.9.900.20250220-2013\jars\maven-resolver-transport-http-1.9.22.jar
2025-11-20 08:30:41,911 [Worker-39: Launching Executing clean in C__Users_apoor_OneDrive_Desktop_Lost_and_found_Lost-and-found] INFO  o.eclipse.m2e.core.internal.Bundles - 	Entry: C:\Users\apoor\.p2\pool\plugins\org.eclipse.m2e.maven.runtime_3.9.900.20250220-2013\jars\maven-resolver-transport-wagon-1.9.22.jar
2025-11-20 08:30:41,912 [Worker-39: Launching Executing clean in C__Users_apoor_OneDrive_Desktop_Lost_and_found_Lost-and-found] INFO  o.eclipse.m2e.core.internal.Bundles - 	Entry: C:\Users\apoor\.p2\pool\plugins\org.eclipse.m2e.maven.runtime_3.9.900.20250220-2013\jars\maven-resolver-util-1.9.22.jar
2025-11-20 08:30:41,913 [Worker-39: Launching Executing clean in C__Users_apoor_OneDrive_Desktop_Lost_and_found_Lost-and-found] INFO  o.eclipse.m2e.core.internal.Bundles - 	Entry: C:\Users\apoor\.p2\pool\plugins\org.eclipse.m2e.maven.runtime_3.9.900.20250220-2013\jars\maven-settings-3.9.9.jar
2025-11-20 08:30:41,913 [Worker-39: Launching Executing clean in C__Users_apoor_OneDrive_Desktop_Lost_and_found_Lost-and-found] INFO  o.eclipse.m2e.core.internal.Bundles - 	Entry: C:\Users\apoor\.p2\pool\plugins\org.eclipse.m2e.maven.runtime_3.9.900.20250220-2013\jars\maven-settings-builder-3.9.9.jar
2025-11-20 08:30:41,915 [Worker-39: Launching Executing clean in C__Users_apoor_OneDrive_Desktop_Lost_and_found_Lost-and-found] INFO  o.eclipse.m2e.core.internal.Bundles - 	Entry: C:\Users\apoor\.p2\pool\plugins\org.eclipse.m2e.maven.runtime_3.9.900.20250220-2013\jars\maven-shared-utils-3.4.2.jar
2025-11-20 08:30:41,916 [Worker-39: Launching Executing clean in C__Users_apoor_OneDrive_Desktop_Lost_and_found_Lost-and-found] INFO  o.eclipse.m2e.core.internal.Bundles - 	Entry: C:\Users\apoor\.p2\pool\plugins\org.eclipse.m2e.maven.runtime_3.9.900.20250220-2013\jars\org.eclipse.sisu.inject-0.9.0.M3.jar
2025-11-20 08:30:41,916 [Worker-39: Launching Executing clean in C__Users_apoor_OneDrive_Desktop_Lost_and_found_Lost-and-found] INFO  o.eclipse.m2e.core.internal.Bundles - 	Entry: C:\Users\apoor\.p2\pool\plugins\org.eclipse.m2e.maven.runtime_3.9.900.20250220-2013\jars\org.eclipse.sisu.plexus-0.9.0.M3.jar
2025-11-20 08:30:41,916 [Worker-39: Launching Executing clean in C__Users_apoor_OneDrive_Desktop_Lost_and_found_Lost-and-found] INFO  o.eclipse.m2e.core.internal.Bundles - 	Entry: C:\Users\apoor\.p2\pool\plugins\org.eclipse.m2e.maven.runtime_3.9.900.20250220-2013\jars\plexus-build-api-0.0.7.jar
2025-11-20 08:30:41,916 [Worker-39: Launching Executing clean in C__Users_apoor_OneDrive_Desktop_Lost_and_found_Lost-and-found] INFO  o.eclipse.m2e.core.internal.Bundles - 	Entry: C:\Users\apoor\.p2\pool\plugins\org.eclipse.m2e.maven.runtime_3.9.900.20250220-2013\jars\plexus-build-api-1.2.0.jar
2025-11-20 08:30:41,916 [Worker-39: Launching Executing clean in C__Users_apoor_OneDrive_Desktop_Lost_and_found_Lost-and-found] INFO  o.eclipse.m2e.core.internal.Bundles - 	Entry: C:\Users\apoor\.p2\pool\plugins\org.eclipse.m2e.maven.runtime_3.9.900.20250220-2013\jars\plexus-cipher-2.0.jar
2025-11-20 08:30:41,917 [Worker-39: Launching Executing clean in C__Users_apoor_OneDrive_Desktop_Lost_and_found_Lost-and-found] INFO  o.eclipse.m2e.core.internal.Bundles - 	Entry: C:\Users\apoor\.p2\pool\plugins\org.eclipse.m2e.maven.runtime_3.9.900.20250220-2013\jars\plexus-classworlds-2.8.0.jar
2025-11-20 08:30:41,917 [Worker-39: Launching Executing clean in C__Users_apoor_OneDrive_Desktop_Lost_and_found_Lost-and-found] INFO  o.eclipse.m2e.core.internal.Bundles - 	Entry: C:\Users\apoor\.p2\pool\plugins\org.eclipse.m2e.maven.runtime_3.9.900.20250220-2013\jars\plexus-component-annotations-2.1.0.jar
2025-11-20 08:30:41,917 [Worker-39: Launching Executing clean in C__Users_apoor_OneDrive_Desktop_Lost_and_found_Lost-and-found] INFO  o.eclipse.m2e.core.internal.Bundles - 	Entry: C:\Users\apoor\.p2\pool\plugins\org.eclipse.m2e.maven.runtime_3.9.900.20250220-2013\jars\plexus-interpolation-1.27.jar
2025-11-20 08:30:41,917 [Worker-39: Launching Executing clean in C__Users_apoor_OneDrive_Desktop_Lost_and_found_Lost-and-found] INFO  o.eclipse.m2e.core.internal.Bundles - 	Entry: C:\Users\apoor\.p2\pool\plugins\org.eclipse.m2e.maven.runtime_3.9.900.20250220-2013\jars\plexus-sec-dispatcher-2.0.jar
2025-11-20 08:30:41,917 [Worker-39: Launching Executing clean in C__Users_apoor_OneDrive_Desktop_Lost_and_found_Lost-and-found] INFO  o.eclipse.m2e.core.internal.Bundles - 	Entry: C:\Users\apoor\.p2\pool\plugins\org.eclipse.m2e.maven.runtime_3.9.900.20250220-2013\jars\plexus-utils-3.5.1.jar
2025-11-20 08:30:41,919 [Worker-39: Launching Executing clean in C__Users_apoor_OneDrive_Desktop_Lost_and_found_Lost-and-found] INFO  o.eclipse.m2e.core.internal.Bundles - 	Entry: C:\Users\apoor\.p2\pool\plugins\org.eclipse.m2e.maven.runtime_3.9.900.20250220-2013\jars\plexus-xml-3.0.1.jar
2025-11-20 08:30:41,919 [Worker-39: Launching Executing clean in C__Users_apoor_OneDrive_Desktop_Lost_and_found_Lost-and-found] INFO  o.eclipse.m2e.core.internal.Bundles - 	Entry: C:\Users\apoor\.p2\pool\plugins\org.eclipse.m2e.maven.runtime_3.9.900.20250220-2013\jars\wagon-file-3.5.3.jar
2025-11-20 08:30:41,919 [Worker-39: Launching Executing clean in C__Users_apoor_OneDrive_Desktop_Lost_and_found_Lost-and-found] INFO  o.eclipse.m2e.core.internal.Bundles - 	Entry: C:\Users\apoor\.p2\pool\plugins\org.eclipse.m2e.maven.runtime_3.9.900.20250220-2013\jars\wagon-http-3.5.3.jar
2025-11-20 08:30:41,919 [Worker-39: Launching Executing clean in C__Users_apoor_OneDrive_Desktop_Lost_and_found_Lost-and-found] INFO  o.eclipse.m2e.core.internal.Bundles - 	Entry: C:\Users\apoor\.p2\pool\plugins\org.eclipse.m2e.maven.runtime_3.9.900.20250220-2013\jars\wagon-http-shared-3.5.3.jar
2025-11-20 08:30:41,920 [Worker-39: Launching Executing clean in C__Users_apoor_OneDrive_Desktop_Lost_and_found_Lost-and-found] INFO  o.eclipse.m2e.core.internal.Bundles - 	Entry: C:\Users\apoor\.p2\pool\plugins\org.eclipse.m2e.maven.runtime_3.9.900.20250220-2013\jars\wagon-provider-api-3.5.3.jar
2025-11-20 08:30:41,924 [Worker-39: Launching Executing clean in C__Users_apoor_OneDrive_Desktop_Lost_and_found_Lost-and-found] INFO  o.eclipse.m2e.core.internal.Bundles - getClasspathEntries(Bundle=com.google.guava_33.4.0.jre [12])
2025-11-20 08:30:41,924 [Worker-39: Launching Executing clean in C__Users_apoor_OneDrive_Desktop_Lost_and_found_Lost-and-found] INFO  o.eclipse.m2e.core.internal.Bundles - 	Entry: C:\Users\apoor\.p2\pool\plugins\com.google.guava_33.4.0.jre.jar
2025-11-20 08:30:41,924 [Worker-39: Launching Executing clean in C__Users_apoor_OneDrive_Desktop_Lost_and_found_Lost-and-found] INFO  o.eclipse.m2e.core.internal.Bundles - getClasspathEntries(Bundle=slf4j.api_2.0.17 [522])
2025-11-20 08:30:41,925 [Worker-39: Launching Executing clean in C__Users_apoor_OneDrive_Desktop_Lost_and_found_Lost-and-found] INFO  o.eclipse.m2e.core.internal.Bundles - 	Entry: C:\Users\apoor\.p2\pool\plugins\slf4j.api_2.0.17.jar
2025-11-20 08:30:41,925 [Worker-39: Launching Executing clean in C__Users_apoor_OneDrive_Desktop_Lost_and_found_Lost-and-found] INFO  o.eclipse.m2e.core.internal.Bundles - getClasspathEntries(Bundle=jakarta.inject.jakarta.inject-api_1.0.5 [24])
2025-11-20 08:30:41,926 [Worker-39: Launching Executing clean in C__Users_apoor_OneDrive_Desktop_Lost_and_found_Lost-and-found] INFO  o.eclipse.m2e.core.internal.Bundles - 	Entry: C:\Users\apoor\.p2\pool\plugins\jakarta.inject.jakarta.inject-api_1.0.5.jar
2025-11-20 08:30:41,926 [Worker-39: Launching Executing clean in C__Users_apoor_OneDrive_Desktop_Lost_and_found_Lost-and-found] INFO  o.eclipse.m2e.core.internal.Bundles - getClasspathEntries(Bundle=jakarta.annotation-api_1.3.5 [22])
2025-11-20 08:30:41,927 [Worker-39: Launching Executing clean in C__Users_apoor_OneDrive_Desktop_Lost_and_found_Lost-and-found] INFO  o.eclipse.m2e.core.internal.Bundles - 	Entry: C:\Users\apoor\.p2\pool\plugins\jakarta.annotation-api_1.3.5.jar
2025-11-20 08:30:41,927 [Worker-39: Launching Executing clean in C__Users_apoor_OneDrive_Desktop_Lost_and_found_Lost-and-found] INFO  o.eclipse.m2e.core.internal.Bundles - getClasspathEntries(Bundle=org.apache.commons.cli_1.9.0 [48])
2025-11-20 08:30:41,928 [Worker-39: Launching Executing clean in C__Users_apoor_OneDrive_Desktop_Lost_and_found_Lost-and-found] INFO  o.eclipse.m2e.core.internal.Bundles - 	Entry: C:\Users\apoor\.p2\pool\plugins\org.apache.commons.cli_1.9.0.jar
2025-11-20 08:30:41,929 [Worker-39: Launching Executing clean in C__Users_apoor_OneDrive_Desktop_Lost_and_found_Lost-and-found] INFO  o.eclipse.m2e.core.internal.Bundles - getClasspathEntries(Bundle=org.apache.commons.commons-codec_1.16.0 [49])
2025-11-20 08:30:41,930 [Worker-39: Launching Executing clean in C__Users_apoor_OneDrive_Desktop_Lost_and_found_Lost-and-found] INFO  o.eclipse.m2e.core.internal.Bundles - 	Entry: C:\Users\apoor\.p2\pool\plugins\org.apache.commons.commons-codec_1.16.0.jar
2025-11-20 08:30:41,930 [Worker-39: Launching Executing clean in C__Users_apoor_OneDrive_Desktop_Lost_and_found_Lost-and-found] INFO  o.eclipse.m2e.core.internal.Bundles - getClasspathEntries(Bundle=com.google.guava.failureaccess_1.0.2 [13])
2025-11-20 08:30:41,932 [Worker-39: Launching Executing clean in C__Users_apoor_OneDrive_Desktop_Lost_and_found_Lost-and-found] INFO  o.eclipse.m2e.core.internal.Bundles - 	Entry: C:\Users\apoor\.p2\pool\plugins\com.google.guava.failureaccess_1.0.2.jar
2025-11-20 08:30:41,936 [Worker-39: Launching Executing clean in C__Users_apoor_OneDrive_Desktop_Lost_and_found_Lost-and-found] INFO  o.e.m.i.launch.MavenLaunchDelegate - Run build in "C:\Users\apoor\OneDrive\Desktop\Lost_and_found\Lost-and-found":
2025-11-20 08:30:41,937 [Worker-39: Launching Executing clean in C__Users_apoor_OneDrive_Desktop_Lost_and_found_Lost-and-found] INFO  o.e.m.i.launch.MavenLaunchDelegate -  mvn  -B -Dstyle.color=always clean
2025-11-20 08:30:46,792 [Worker-41: Building] INFO  o.a.m.s.f.DefaultMavenResourcesFiltering - Copying 1 resource from src\main\resources to target\classes
2025-11-20 08:30:46,797 [Worker-41: Building] INFO  o.a.m.s.f.DefaultMavenResourcesFiltering - Copying 0 resource from src\main\resources to target\classes
2025-11-20 08:30:46,801 [Worker-41: Building] INFO  o.a.m.s.f.DefaultMavenResourcesFiltering - skip non existing resourceDirectory C:\Users\apoor\OneDrive\Desktop\Lost_and_found\Lost-and-found\src\test\resources
2025-11-20 08:30:54,138 [main] INFO  o.e.m2e.actions.ExecutePomAction - Creating new launch configuration
2025-11-20 08:31:02,197 [Worker-39: Launching Lost-and-found (11)] INFO  o.eclipse.m2e.core.internal.Bundles - getClasspathEntries(Bundle=org.eclipse.m2e.maven.runtime_3.9.900.20250220-2013 [298])
2025-11-20 08:31:02,199 [Worker-39: Launching Lost-and-found (11)] INFO  o.eclipse.m2e.core.internal.Bundles - 	Entry: C:\Users\apoor\.p2\pool\plugins\org.eclipse.m2e.maven.runtime_3.9.900.20250220-2013
2025-11-20 08:31:02,200 [Worker-39: Launching Lost-and-found (11)] INFO  o.eclipse.m2e.core.internal.Bundles - 	Entry: C:\Users\apoor\.p2\pool\plugins\org.eclipse.m2e.maven.runtime_3.9.900.20250220-2013\jars\aopalliance-1.0.jar
2025-11-20 08:31:02,200 [Worker-39: Launching Lost-and-found (11)] INFO  o.eclipse.m2e.core.internal.Bundles - 	Entry: C:\Users\apoor\.p2\pool\plugins\org.eclipse.m2e.maven.runtime_3.9.900.20250220-2013\jars\guice-5.1.0.jar
2025-11-20 08:31:02,201 [Worker-39: Launching Lost-and-found (11)] INFO  o.eclipse.m2e.core.internal.Bundles - 	Entry: C:\Users\apoor\.p2\pool\plugins\org.eclipse.m2e.maven.runtime_3.9.900.20250220-2013\jars\httpclient-4.5.14.jar
2025-11-20 08:31:02,202 [Worker-39: Launching Lost-and-found (11)] INFO  o.eclipse.m2e.core.internal.Bundles - 	Entry: C:\Users\apoor\.p2\pool\plugins\org.eclipse.m2e.maven.runtime_3.9.900.20250220-2013\jars\httpcore-4.4.16.jar
2025-11-20 08:31:02,202 [Worker-39: Launching Lost-and-found (11)] INFO  o.eclipse.m2e.core.internal.Bundles - 	Entry: C:\Users\apoor\.p2\pool\plugins\org.eclipse.m2e.maven.runtime_3.9.900.20250220-2013\jars\jansi-2.4.1.jar
2025-11-20 08:31:02,202 [Worker-39: Launching Lost-and-found (11)] INFO  o.eclipse.m2e.core.internal.Bundles - 	Entry: C:\Users\apoor\.p2\pool\plugins\org.eclipse.m2e.maven.runtime_3.9.900.20250220-2013\jars\jcl-over-slf4j-1.7.36.jar
2025-11-20 08:31:02,203 [Worker-39: Launching Lost-and-found (11)] INFO  o.eclipse.m2e.core.internal.Bundles - 	Entry: C:\Users\apoor\.p2\pool\plugins\org.eclipse.m2e.maven.runtime_3.9.900.20250220-2013\jars\maven-artifact-3.9.9.jar
2025-11-20 08:31:02,203 [Worker-39: Launching Lost-and-found (11)] INFO  o.eclipse.m2e.core.internal.Bundles - 	Entry: C:\Users\apoor\.p2\pool\plugins\org.eclipse.m2e.maven.runtime_3.9.900.20250220-2013\jars\maven-builder-support-3.9.9.jar
2025-11-20 08:31:02,203 [Worker-39: Launching Lost-and-found (11)] INFO  o.eclipse.m2e.core.internal.Bundles - 	Entry: C:\Users\apoor\.p2\pool\plugins\org.eclipse.m2e.maven.runtime_3.9.900.20250220-2013\jars\maven-compat-3.9.9.jar
2025-11-20 08:31:02,204 [Worker-39: Launching Lost-and-found (11)] INFO  o.eclipse.m2e.core.internal.Bundles - 	Entry: C:\Users\apoor\.p2\pool\plugins\org.eclipse.m2e.maven.runtime_3.9.900.20250220-2013\jars\maven-core-3.9.9.jar
2025-11-20 08:31:02,204 [Worker-39: Launching Lost-and-found (11)] INFO  o.eclipse.m2e.core.internal.Bundles - 	Entry: C:\Users\apoor\.p2\pool\plugins\org.eclipse.m2e.maven.runtime_3.9.900.20250220-2013\jars\maven-embedder-3.9.9.jar
2025-11-20 08:31:02,204 [Worker-39: Launching Lost-and-found (11)] INFO  o.eclipse.m2e.core.internal.Bundles - 	Entry: C:\Users\apoor\.p2\pool\plugins\org.eclipse.m2e.maven.runtime_3.9.900.20250220-2013\jars\maven-model-3.9.9.jar
2025-11-20 08:31:02,205 [Worker-39: Launching Lost-and-found (11)] INFO  o.eclipse.m2e.core.internal.Bundles - 	Entry: C:\Users\apoor\.p2\pool\plugins\org.eclipse.m2e.maven.runtime_3.9.900.20250220-2013\jars\maven-model-builder-3.9.9.jar
2025-11-20 08:31:02,205 [Worker-39: Launching Lost-and-found (11)] INFO  o.eclipse.m2e.core.internal.Bundles - 	Entry: C:\Users\apoor\.p2\pool\plugins\org.eclipse.m2e.maven.runtime_3.9.900.20250220-2013\jars\maven-plugin-api-3.9.9.jar
2025-11-20 08:31:02,206 [Worker-39: Launching Lost-and-found (11)] INFO  o.eclipse.m2e.core.internal.Bundles - 	Entry: C:\Users\apoor\.p2\pool\plugins\org.eclipse.m2e.maven.runtime_3.9.900.20250220-2013\jars\maven-repository-metadata-3.9.9.jar
2025-11-20 08:31:02,206 [Worker-39: Launching Lost-and-found (11)] INFO  o.eclipse.m2e.core.internal.Bundles - 	Entry: C:\Users\apoor\.p2\pool\plugins\org.eclipse.m2e.maven.runtime_3.9.900.20250220-2013\jars\maven-resolver-api-1.9.22.jar
2025-11-20 08:31:02,206 [Worker-39: Launching Lost-and-found (11)] INFO  o.eclipse.m2e.core.internal.Bundles - 	Entry: C:\Users\apoor\.p2\pool\plugins\org.eclipse.m2e.maven.runtime_3.9.900.20250220-2013\jars\maven-resolver-connector-basic-1.9.22.jar
2025-11-20 08:31:02,207 [Worker-39: Launching Lost-and-found (11)] INFO  o.eclipse.m2e.core.internal.Bundles - 	Entry: C:\Users\apoor\.p2\pool\plugins\org.eclipse.m2e.maven.runtime_3.9.900.20250220-2013\jars\maven-resolver-impl-1.9.22.jar
2025-11-20 08:31:02,207 [Worker-39: Launching Lost-and-found (11)] INFO  o.eclipse.m2e.core.internal.Bundles - 	Entry: C:\Users\apoor\.p2\pool\plugins\org.eclipse.m2e.maven.runtime_3.9.900.20250220-2013\jars\maven-resolver-named-locks-1.9.22.jar
2025-11-20 08:31:02,207 [Worker-39: Launching Lost-and-found (11)] INFO  o.eclipse.m2e.core.internal.Bundles - 	Entry: C:\Users\apoor\.p2\pool\plugins\org.eclipse.m2e.maven.runtime_3.9.900.20250220-2013\jars\maven-resolver-provider-3.9.9.jar
2025-11-20 08:31:02,207 [Worker-39: Launching Lost-and-found (11)] INFO  o.eclipse.m2e.core.internal.Bundles - 	Entry: C:\Users\apoor\.p2\pool\plugins\org.eclipse.m2e.maven.runtime_3.9.900.20250220-2013\jars\maven-resolver-spi-1.9.22.jar
2025-11-20 08:31:02,208 [Worker-39: Launching Lost-and-found (11)] INFO  o.eclipse.m2e.core.internal.Bundles - 	Entry: C:\Users\apoor\.p2\pool\plugins\org.eclipse.m2e.maven.runtime_3.9.900.20250220-2013\jars\maven-resolver-transport-file-1.9.22.jar
2025-11-20 08:31:02,208 [Worker-39: Launching Lost-and-found (11)] INFO  o.eclipse.m2e.core.internal.Bundles - 	Entry: C:\Users\apoor\.p2\pool\plugins\org.eclipse.m2e.maven.runtime_3.9.900.20250220-2013\jars\maven-resolver-transport-http-1.9.22.jar
2025-11-20 08:31:02,208 [Worker-39: Launching Lost-and-found (11)] INFO  o.eclipse.m2e.core.internal.Bundles - 	Entry: C:\Users\apoor\.p2\pool\plugins\org.eclipse.m2e.maven.runtime_3.9.900.20250220-2013\jars\maven-resolver-transport-wagon-1.9.22.jar
2025-11-20 08:31:02,209 [Worker-39: Launching Lost-and-found (11)] INFO  o.eclipse.m2e.core.internal.Bundles - 	Entry: C:\Users\apoor\.p2\pool\plugins\org.eclipse.m2e.maven.runtime_3.9.900.20250220-2013\jars\maven-resolver-util-1.9.22.jar
2025-11-20 08:31:02,209 [Worker-39: Launching Lost-and-found (11)] INFO  o.eclipse.m2e.core.internal.Bundles - 	Entry: C:\Users\apoor\.p2\pool\plugins\org.eclipse.m2e.maven.runtime_3.9.900.20250220-2013\jars\maven-settings-3.9.9.jar
2025-11-20 08:31:02,209 [Worker-39: Launching Lost-and-found (11)] INFO  o.eclipse.m2e.core.internal.Bundles - 	Entry: C:\Users\apoor\.p2\pool\plugins\org.eclipse.m2e.maven.runtime_3.9.900.20250220-2013\jars\maven-settings-builder-3.9.9.jar
2025-11-20 08:31:02,210 [Worker-39: Launching Lost-and-found (11)] INFO  o.eclipse.m2e.core.internal.Bundles - 	Entry: C:\Users\apoor\.p2\pool\plugins\org.eclipse.m2e.maven.runtime_3.9.900.20250220-2013\jars\maven-shared-utils-3.4.2.jar
2025-11-20 08:31:02,210 [Worker-39: Launching Lost-and-found (11)] INFO  o.eclipse.m2e.core.internal.Bundles - 	Entry: C:\Users\apoor\.p2\pool\plugins\org.eclipse.m2e.maven.runtime_3.9.900.20250220-2013\jars\org.eclipse.sisu.inject-0.9.0.M3.jar
2025-11-20 08:31:02,211 [Worker-39: Launching Lost-and-found (11)] INFO  o.eclipse.m2e.core.internal.Bundles - 	Entry: C:\Users\apoor\.p2\pool\plugins\org.eclipse.m2e.maven.runtime_3.9.900.20250220-2013\jars\org.eclipse.sisu.plexus-0.9.0.M3.jar
2025-11-20 08:31:02,211 [Worker-39: Launching Lost-and-found (11)] INFO  o.eclipse.m2e.core.internal.Bundles - 	Entry: C:\Users\apoor\.p2\pool\plugins\org.eclipse.m2e.maven.runtime_3.9.900.20250220-2013\jars\plexus-build-api-0.0.7.jar
2025-11-20 08:31:02,212 [Worker-39: Launching Lost-and-found (11)] INFO  o.eclipse.m2e.core.internal.Bundles - 	Entry: C:\Users\apoor\.p2\pool\plugins\org.eclipse.m2e.maven.runtime_3.9.900.20250220-2013\jars\plexus-build-api-1.2.0.jar
2025-11-20 08:31:02,212 [Worker-39: Launching Lost-and-found (11)] INFO  o.eclipse.m2e.core.internal.Bundles - 	Entry: C:\Users\apoor\.p2\pool\plugins\org.eclipse.m2e.maven.runtime_3.9.900.20250220-2013\jars\plexus-cipher-2.0.jar
2025-11-20 08:31:02,212 [Worker-39: Launching Lost-and-found (11)] INFO  o.eclipse.m2e.core.internal.Bundles - 	Entry: C:\Users\apoor\.p2\pool\plugins\org.eclipse.m2e.maven.runtime_3.9.900.20250220-2013\jars\plexus-classworlds-2.8.0.jar
2025-11-20 08:31:02,213 [Worker-39: Launching Lost-and-found (11)] INFO  o.eclipse.m2e.core.internal.Bundles - 	Entry: C:\Users\apoor\.p2\pool\plugins\org.eclipse.m2e.maven.runtime_3.9.900.20250220-2013\jars\plexus-component-annotations-2.1.0.jar
2025-11-20 08:31:02,213 [Worker-39: Launching Lost-and-found (11)] INFO  o.eclipse.m2e.core.internal.Bundles - 	Entry: C:\Users\apoor\.p2\pool\plugins\org.eclipse.m2e.maven.runtime_3.9.900.20250220-2013\jars\plexus-interpolation-1.27.jar
2025-11-20 08:31:02,214 [Worker-39: Launching Lost-and-found (11)] INFO  o.eclipse.m2e.core.internal.Bundles - 	Entry: C:\Users\apoor\.p2\pool\plugins\org.eclipse.m2e.maven.runtime_3.9.900.20250220-2013\jars\plexus-sec-dispatcher-2.0.jar
2025-11-20 08:31:02,214 [Worker-39: Launching Lost-and-found (11)] INFO  o.eclipse.m2e.core.internal.Bundles - 	Entry: C:\Users\apoor\.p2\pool\plugins\org.eclipse.m2e.maven.runtime_3.9.900.20250220-2013\jars\plexus-utils-3.5.1.jar
2025-11-20 08:31:02,215 [Worker-39: Launching Lost-and-found (11)] INFO  o.eclipse.m2e.core.internal.Bundles - 	Entry: C:\Users\apoor\.p2\pool\plugins\org.eclipse.m2e.maven.runtime_3.9.900.20250220-2013\jars\plexus-xml-3.0.1.jar
2025-11-20 08:31:02,215 [Worker-39: Launching Lost-and-found (11)] INFO  o.eclipse.m2e.core.internal.Bundles - 	Entry: C:\Users\apoor\.p2\pool\plugins\org.eclipse.m2e.maven.runtime_3.9.900.20250220-2013\jars\wagon-file-3.5.3.jar
2025-11-20 08:31:02,215 [Worker-39: Launching Lost-and-found (11)] INFO  o.eclipse.m2e.core.internal.Bundles - 	Entry: C:\Users\apoor\.p2\pool\plugins\org.eclipse.m2e.maven.runtime_3.9.900.20250220-2013\jars\wagon-http-3.5.3.jar
2025-11-20 08:31:02,216 [Worker-39: Launching Lost-and-found (11)] INFO  o.eclipse.m2e.core.internal.Bundles - 	Entry: C:\Users\apoor\.p2\pool\plugins\org.eclipse.m2e.maven.runtime_3.9.900.20250220-2013\jars\wagon-http-shared-3.5.3.jar
2025-11-20 08:31:02,216 [Worker-39: Launching Lost-and-found (11)] INFO  o.eclipse.m2e.core.internal.Bundles - 	Entry: C:\Users\apoor\.p2\pool\plugins\org.eclipse.m2e.maven.runtime_3.9.900.20250220-2013\jars\wagon-provider-api-3.5.3.jar
2025-11-20 08:31:02,217 [Worker-39: Launching Lost-and-found (11)] INFO  o.eclipse.m2e.core.internal.Bundles - getClasspathEntries(Bundle=com.google.guava_33.4.0.jre [12])
2025-11-20 08:31:02,218 [Worker-39: Launching Lost-and-found (11)] INFO  o.eclipse.m2e.core.internal.Bundles - 	Entry: C:\Users\apoor\.p2\pool\plugins\com.google.guava_33.4.0.jre.jar
2025-11-20 08:31:02,218 [Worker-39: Launching Lost-and-found (11)] INFO  o.eclipse.m2e.core.internal.Bundles - getClasspathEntries(Bundle=slf4j.api_2.0.17 [522])
2025-11-20 08:31:02,219 [Worker-39: Launching Lost-and-found (11)] INFO  o.eclipse.m2e.core.internal.Bundles - 	Entry: C:\Users\apoor\.p2\pool\plugins\slf4j.api_2.0.17.jar
2025-11-20 08:31:02,219 [Worker-39: Launching Lost-and-found (11)] INFO  o.eclipse.m2e.core.internal.Bundles - getClasspathEntries(Bundle=jakarta.inject.jakarta.inject-api_1.0.5 [24])
2025-11-20 08:31:02,220 [Worker-39: Launching Lost-and-found (11)] INFO  o.eclipse.m2e.core.internal.Bundles - 	Entry: C:\Users\apoor\.p2\pool\plugins\jakarta.inject.jakarta.inject-api_1.0.5.jar
2025-11-20 08:31:02,220 [Worker-39: Launching Lost-and-found (11)] INFO  o.eclipse.m2e.core.internal.Bundles - getClasspathEntries(Bundle=jakarta.annotation-api_1.3.5 [22])
2025-11-20 08:31:02,221 [Worker-39: Launching Lost-and-found (11)] INFO  o.eclipse.m2e.core.internal.Bundles - 	Entry: C:\Users\apoor\.p2\pool\plugins\jakarta.annotation-api_1.3.5.jar
2025-11-20 08:31:02,221 [Worker-39: Launching Lost-and-found (11)] INFO  o.eclipse.m2e.core.internal.Bundles - getClasspathEntries(Bundle=org.apache.commons.cli_1.9.0 [48])
2025-11-20 08:31:02,222 [Worker-39: Launching Lost-and-found (11)] INFO  o.eclipse.m2e.core.internal.Bundles - 	Entry: C:\Users\apoor\.p2\pool\plugins\org.apache.commons.cli_1.9.0.jar
2025-11-20 08:31:02,222 [Worker-39: Launching Lost-and-found (11)] INFO  o.eclipse.m2e.core.internal.Bundles - getClasspathEntries(Bundle=org.apache.commons.commons-codec_1.16.0 [49])
2025-11-20 08:31:02,223 [Worker-39: Launching Lost-and-found (11)] INFO  o.eclipse.m2e.core.internal.Bundles - 	Entry: C:\Users\apoor\.p2\pool\plugins\org.apache.commons.commons-codec_1.16.0.jar
2025-11-20 08:31:02,223 [Worker-39: Launching Lost-and-found (11)] INFO  o.eclipse.m2e.core.internal.Bundles - getClasspathEntries(Bundle=com.google.guava.failureaccess_1.0.2 [13])
2025-11-20 08:31:02,224 [Worker-39: Launching Lost-and-found (11)] INFO  o.eclipse.m2e.core.internal.Bundles - 	Entry: C:\Users\apoor\.p2\pool\plugins\com.google.guava.failureaccess_1.0.2.jar
2025-11-20 08:31:02,227 [Worker-39: Launching Lost-and-found (11)] INFO  o.e.m.i.launch.MavenLaunchDelegate - Run build in "C:\Users\apoor\OneDrive\Desktop\Lost_and_found\Lost-and-found":
2025-11-20 08:31:02,227 [Worker-39: Launching Lost-and-found (11)] INFO  o.e.m.i.launch.MavenLaunchDelegate -  mvn  -B -Dstyle.color=always clean install
2025-11-20 08:41:31,312 [Worker-35: Building] INFO  o.a.m.s.f.DefaultMavenResourcesFiltering - Copying 1 resource from src\main\resources to target\classes
2025-11-20 08:41:31,351 [Worker-35: Building] INFO  o.a.m.s.f.DefaultMavenResourcesFiltering - Copying 0 resource from src\main\resources to target\classes
2025-11-20 08:41:31,359 [Worker-35: Building] INFO  o.a.m.s.f.DefaultMavenResourcesFiltering - skip non existing resourceDirectory C:\Users\apoor\OneDrive\Desktop\Lost_and_found\Lost-and-found\src\test\resources
2025-11-20 08:41:46,481 [Worker-39: Updating Maven Project] INFO  o.e.m.c.i.p.ProjectConfigurationManager - Update started
2025-11-20 08:41:47,451 [Worker-39: Updating Maven Project] INFO  o.e.m.c.i.l.LifecycleMappingFactory - Using org.eclipse.m2e.jdt.JarLifecycleMapping lifecycle mapping for MavenProject: com.example:lostandfound:0.0.1-SNAPSHOT @ C:\Users\apoor\OneDrive\Desktop\Lost_and_found\Lost-and-found\pom.xml.
2025-11-20 08:41:50,700 [Worker-39: Updating Maven Project] INFO  o.e.m.j.i.AbstractJavaProjectConfigurator - Adding source folder /lostandfound/src/main/java
2025-11-20 08:41:50,705 [Worker-39: Updating Maven Project] INFO  o.e.m.j.i.AbstractJavaProjectConfigurator - Adding resource folder /lostandfound/src/main/resources
2025-11-20 08:41:50,707 [Worker-39: Updating Maven Project] INFO  o.e.m.j.i.AbstractJavaProjectConfigurator - Adding resource folder /lostandfound/src/main/resources
2025-11-20 08:41:50,709 [Worker-39: Updating Maven Project] INFO  o.e.m.j.i.AbstractJavaProjectConfigurator - Adding source folder /lostandfound/src/test/java
2025-11-20 08:41:50,712 [Worker-39: Updating Maven Project] INFO  o.e.m.j.i.AbstractJavaProjectConfigurator - Adding resource folder /lostandfound/src/test/resources
2025-11-20 08:41:51,557 [Worker-39: Updating Maven Project] INFO  o.e.m.c.i.p.ProjectConfigurationManager - Update completed for 1 poms: local refresh takes 0.00 sec, refresh facades takes 3.00 sec, update config takes 1.00 sec 
2025-11-20 08:41:52,379 [Worker-43: Building] INFO  o.a.m.s.f.DefaultMavenResourcesFiltering - Copying 1 resource from src\main\resources to target\classes
2025-11-20 08:41:52,417 [Worker-43: Building] INFO  o.a.m.s.f.DefaultMavenResourcesFiltering - Copying 0 resource from src\main\resources to target\classes
2025-11-20 08:41:52,428 [Worker-43: Building] INFO  o.a.m.s.f.DefaultMavenResourcesFiltering - skip non existing resourceDirectory C:\Users\apoor\OneDrive\Desktop\Lost_and_found\Lost-and-found\src\test\resources
2025-11-20 08:50:11,989 [Worker-42: Building] INFO  o.a.m.s.f.DefaultMavenResourcesFiltering - Copying 1 resource from src\main\resources to target\classes
2025-11-20 08:50:12,125 [Worker-42: Building] INFO  o.a.m.s.f.DefaultMavenResourcesFiltering - Copying 0 resource from src\main\resources to target\classes
2025-11-20 08:50:12,135 [Worker-42: Building] INFO  o.a.m.s.f.DefaultMavenResourcesFiltering - skip non existing resourceDirectory C:\Users\apoor\OneDrive\Desktop\Lost_and_found\Lost-and-found\src\test\resources
2025-11-20 08:56:17,436 [Worker-35: Building] INFO  o.a.m.s.f.DefaultMavenResourcesFiltering - Copying 1 resource from src\main\resources to target\classes
2025-11-20 08:56:17,453 [Worker-35: Building] INFO  o.a.m.s.f.DefaultMavenResourcesFiltering - Copying 0 resource from src\main\resources to target\classes
2025-11-20 08:56:17,458 [Worker-35: Building] INFO  o.a.m.s.f.DefaultMavenResourcesFiltering - skip non existing resourceDirectory C:\Users\apoor\OneDrive\Desktop\Lost_and_found\Lost-and-found\src\test\resources
2025-11-20 08:56:20,230 [Worker-43: Building] INFO  o.a.m.s.f.DefaultMavenResourcesFiltering - Copying 1 resource from src\main\resources to target\classes
2025-11-20 08:56:20,254 [Worker-43: Building] INFO  o.a.m.s.f.DefaultMavenResourcesFiltering - Copying 0 resource from src\main\resources to target\classes
2025-11-20 08:56:20,259 [Worker-43: Building] INFO  o.a.m.s.f.DefaultMavenResourcesFiltering - skip non existing resourceDirectory C:\Users\apoor\OneDrive\Desktop\Lost_and_found\Lost-and-found\src\test\resources
2025-11-20 09:02:20,570 [Worker-47: Building] INFO  o.a.m.s.f.DefaultMavenResourcesFiltering - Copying 1 resource from src\main\resources to target\classes
2025-11-20 09:02:20,664 [Worker-47: Building] INFO  o.a.m.s.f.DefaultMavenResourcesFiltering - Copying 0 resource from src\main\resources to target\classes
2025-11-20 09:02:20,688 [Worker-47: Building] INFO  o.a.m.s.f.DefaultMavenResourcesFiltering - skip non existing resourceDirectory C:\Users\apoor\OneDrive\Desktop\Lost_and_found\Lost-and-found\src\test\resources
2025-11-20 09:49:02,675 [Worker-47: Building] INFO  o.a.m.s.f.DefaultMavenResourcesFiltering - Copying 1 resource from src\main\resources to target\classes
2025-11-20 09:49:02,710 [Worker-47: Building] INFO  o.a.m.s.f.DefaultMavenResourcesFiltering - Copying 0 resource from src\main\resources to target\classes
2025-11-20 09:49:02,719 [Worker-47: Building] INFO  o.a.m.s.f.DefaultMavenResourcesFiltering - skip non existing resourceDirectory C:\Users\apoor\OneDrive\Desktop\Lost_and_found\Lost-and-found\src\test\resources
2025-11-20 09:49:25,879 [Worker-47: Building] INFO  o.a.m.s.f.DefaultMavenResourcesFiltering - Copying 1 resource from src\main\resources to target\classes
2025-11-20 09:49:25,957 [Worker-47: Building] INFO  o.a.m.s.f.DefaultMavenResourcesFiltering - Copying 0 resource from src\main\resources to target\classes
2025-11-20 09:49:25,967 [Worker-47: Building] INFO  o.a.m.s.f.DefaultMavenResourcesFiltering - skip non existing resourceDirectory C:\Users\apoor\OneDrive\Desktop\Lost_and_found\Lost-and-found\src\test\resources
2025-11-20 09:51:05,386 [Worker-51: Building] INFO  o.a.m.s.f.DefaultMavenResourcesFiltering - Copying 1 resource from src\main\resources to target\classes
2025-11-20 09:51:05,423 [Worker-51: Building] INFO  o.a.m.s.f.DefaultMavenResourcesFiltering - Copying 0 resource from src\main\resources to target\classes
2025-11-20 09:51:05,430 [Worker-51: Building] INFO  o.a.m.s.f.DefaultMavenResourcesFiltering - skip non existing resourceDirectory C:\Users\apoor\OneDrive\Desktop\Lost_and_found\Lost-and-found\src\test\resources
2025-11-20 09:55:08,206 [Worker-56: Building] INFO  o.a.m.s.f.DefaultMavenResourcesFiltering - Copying 1 resource from src\main\resources to target\classes
2025-11-20 09:55:08,234 [Worker-56: Building] INFO  o.a.m.s.f.DefaultMavenResourcesFiltering - Copying 0 resource from src\main\resources to target\classes
2025-11-20 09:55:08,237 [Worker-56: Building] INFO  o.a.m.s.f.DefaultMavenResourcesFiltering - skip non existing resourceDirectory C:\Users\apoor\OneDrive\Desktop\Lost_and_found\Lost-and-found\src\test\resources
2025-11-20 09:55:23,079 [Worker-53: Building] INFO  o.a.m.s.f.DefaultMavenResourcesFiltering - Copying 1 resource from src\main\resources to target\classes
2025-11-20 09:55:23,094 [Worker-53: Building] INFO  o.a.m.s.f.DefaultMavenResourcesFiltering - Copying 0 resource from src\main\resources to target\classes
2025-11-20 09:55:23,127 [Worker-53: Building] INFO  o.a.m.s.f.DefaultMavenResourcesFiltering - skip non existing resourceDirectory C:\Users\apoor\OneDrive\Desktop\Lost_and_found\Lost-and-found\src\test\resources
2025-11-20 09:55:30,386 [Worker-56: Building] INFO  o.a.m.s.f.DefaultMavenResourcesFiltering - Copying 1 resource from src\main\resources to target\classes
2025-11-20 09:55:30,397 [Worker-56: Building] INFO  o.a.m.s.f.DefaultMavenResourcesFiltering - Copying 0 resource from src\main\resources to target\classes
2025-11-20 09:55:30,402 [Worker-56: Building] INFO  o.a.m.s.f.DefaultMavenResourcesFiltering - skip non existing resourceDirectory C:\Users\apoor\OneDrive\Desktop\Lost_and_found\Lost-and-found\src\test\resources
2025-11-20 09:56:26,666 [Worker-53: Building] INFO  o.a.m.s.f.DefaultMavenResourcesFiltering - Copying 1 resource from src\main\resources to target\classes
2025-11-20 09:56:26,679 [Worker-53: Building] INFO  o.a.m.s.f.DefaultMavenResourcesFiltering - Copying 0 resource from src\main\resources to target\classes
2025-11-20 09:56:26,687 [Worker-53: Building] INFO  o.a.m.s.f.DefaultMavenResourcesFiltering - skip non existing resourceDirectory C:\Users\apoor\OneDrive\Desktop\Lost_and_found\Lost-and-found\src\test\resources
2025-11-20 09:57:40,930 [Worker-51: Building] INFO  o.a.m.s.f.DefaultMavenResourcesFiltering - Copying 1 resource from src\main\resources to target\classes
2025-11-20 09:57:40,945 [Worker-51: Building] INFO  o.a.m.s.f.DefaultMavenResourcesFiltering - Copying 0 resource from src\main\resources to target\classes
2025-11-20 09:57:40,951 [Worker-51: Building] INFO  o.a.m.s.f.DefaultMavenResourcesFiltering - skip non existing resourceDirectory C:\Users\apoor\OneDrive\Desktop\Lost_and_found\Lost-and-found\src\test\resources
2025-11-20 13:36:22,665 [Worker-4: Loading available Gradle versions] INFO  o.e.b.c.i.u.g.PublishedGradleVersions - Gradle version information cache is up-to-date. Trying to read.
2025-11-20 14:34:56,533 [Worker-17: Building] INFO  o.a.m.s.f.DefaultMavenResourcesFiltering - Copying 1 resource from src\main\resources to target\classes
2025-11-20 14:34:56,604 [Worker-17: Building] INFO  o.a.m.s.f.DefaultMavenResourcesFiltering - Copying 0 resource from src\main\resources to target\classes
2025-11-20 14:34:56,622 [Worker-17: Building] INFO  o.a.m.s.f.DefaultMavenResourcesFiltering - skip non existing resourceDirectory C:\Users\apoor\OneDrive\Desktop\Lost_and_found\Lost-and-found\src\test\resources
2025-11-20 14:35:03,136 [Worker-19: Building] INFO  o.a.m.s.f.DefaultMavenResourcesFiltering - Copying 1 resource from src\main\resources to target\classes
2025-11-20 14:35:03,157 [Worker-19: Building] INFO  o.a.m.s.f.DefaultMavenResourcesFiltering - Copying 0 resource from src\main\resources to target\classes
2025-11-20 14:35:03,169 [Worker-19: Building] INFO  o.a.m.s.f.DefaultMavenResourcesFiltering - skip non existing resourceDirectory C:\Users\apoor\OneDrive\Desktop\Lost_and_found\Lost-and-found\src\test\resources
2025-11-23 21:32:54,251 [Worker-111: Launching LostandfoundApplication] INFO  o.a.m.s.f.DefaultMavenResourcesFiltering - Copying 1 resource from src\main\resources to target\classes
2025-11-23 21:32:54,311 [Worker-111: Launching LostandfoundApplication] INFO  o.a.m.s.f.DefaultMavenResourcesFiltering - Copying 0 resource from src\main\resources to target\classes
2025-11-23 21:32:54,336 [Worker-111: Launching LostandfoundApplication] INFO  o.a.m.s.f.DefaultMavenResourcesFiltering - skip non existing resourceDirectory C:\Users\apoor\OneDrive\Desktop\Lost_and_found\Lost-and-found\src\test\resources
2025-11-26 19:56:15,300 [Worker-3: Loading available Gradle versions] INFO  o.e.b.c.i.u.g.PublishedGradleVersions - Gradle version information cache is out-of-date. Trying to update.
2025-11-26 20:34:31,258 [Worker-16: Building] INFO  o.a.m.s.f.DefaultMavenResourcesFiltering - Copying 1 resource from src\main\resources to target\classes
2025-11-26 20:34:31,414 [Worker-16: Building] INFO  o.a.m.s.f.DefaultMavenResourcesFiltering - Copying 0 resource from src\main\resources to target\classes
2025-11-26 20:34:31,433 [Worker-16: Building] INFO  o.a.m.s.f.DefaultMavenResourcesFiltering - skip non existing resourceDirectory C:\Users\apoor\OneDrive\Desktop\Lost_and_found\Lost-and-found\src\test\resources
2025-11-26 20:57:44,659 [Worker-22: Building] INFO  o.a.m.s.f.DefaultMavenResourcesFiltering - Copying 1 resource from src\main\resources to target\classes
2025-11-26 20:57:44,709 [Worker-22: Building] INFO  o.a.m.s.f.DefaultMavenResourcesFiltering - Copying 0 resource from src\main\resources to target\classes
2025-11-26 20:57:44,718 [Worker-22: Building] INFO  o.a.m.s.f.DefaultMavenResourcesFiltering - skip non existing resourceDirectory C:\Users\apoor\OneDrive\Desktop\Lost_and_found\Lost-and-found\src\test\resources
2025-11-26 23:09:11,520 [Worker-45: Launching LostandfoundApplication] INFO  o.a.m.s.f.DefaultMavenResourcesFiltering - Copying 1 resource from src\main\resources to target\classes
2025-11-26 23:09:11,627 [Worker-45: Launching LostandfoundApplication] INFO  o.a.m.s.f.DefaultMavenResourcesFiltering - Copying 0 resource from src\main\resources to target\classes
2025-11-26 23:09:11,640 [Worker-45: Launching LostandfoundApplication] INFO  o.a.m.s.f.DefaultMavenResourcesFiltering - skip non existing resourceDirectory C:\Users\apoor\OneDrive\Desktop\Lost_and_found\Lost-and-found\src\test\resources
2025-11-30 19:24:39,280 [Worker-7: Loading available Gradle versions] INFO  o.e.b.c.i.u.g.PublishedGradleVersions - Gradle version information cache is out-of-date. Trying to update.
2025-12-01 21:27:11,536 [Worker-1: Loading available Gradle versions] INFO  o.e.b.c.i.u.g.PublishedGradleVersions - Gradle version information cache is out-of-date. Trying to update.
2025-12-01 21:32:02,891 [Worker-16: Building] INFO  o.a.m.s.f.DefaultMavenResourcesFiltering - Copying 1 resource from src\main\resources to target\classes
2025-12-01 21:32:03,955 [Worker-16: Building] INFO  o.a.m.s.f.DefaultMavenResourcesFiltering - Copying 0 resource from src\main\resources to target\classes
2025-12-01 21:32:03,990 [Worker-16: Building] INFO  o.a.m.s.f.DefaultMavenResourcesFiltering - skip non existing resourceDirectory C:\Users\apoor\OneDrive\Desktop\Lost_and_found\Lost-and-found\src\test\resources
2025-12-01 21:32:31,891 [Worker-23: Building] INFO  o.a.m.s.f.DefaultMavenResourcesFiltering - Copying 1 resource from src\main\resources to target\classes
2025-12-01 21:32:31,914 [Worker-23: Building] INFO  o.a.m.s.f.DefaultMavenResourcesFiltering - Copying 0 resource from src\main\resources to target\classes
2025-12-01 21:32:31,934 [Worker-23: Building] INFO  o.a.m.s.f.DefaultMavenResourcesFiltering - skip non existing resourceDirectory C:\Users\apoor\OneDrive\Desktop\Lost_and_found\Lost-and-found\src\test\resources
2025-12-02 08:21:36,936 [Worker-30: Building] INFO  o.a.m.s.f.DefaultMavenResourcesFiltering - Copying 1 resource from src\main\resources to target\classes
2025-12-02 08:21:37,049 [Worker-30: Building] INFO  o.a.m.s.f.DefaultMavenResourcesFiltering - Copying 0 resource from src\main\resources to target\classes
2025-12-02 08:21:37,069 [Worker-30: Building] INFO  o.a.m.s.f.DefaultMavenResourcesFiltering - skip non existing resourceDirectory C:\Users\apoor\OneDrive\Desktop\Lost_and_found\Lost-and-found\src\test\resources
2025-12-02 08:25:42,725 [Worker-33: Building] INFO  o.a.m.s.f.DefaultMavenResourcesFiltering - Copying 1 resource from src\main\resources to target\classes
2025-12-02 08:25:42,780 [Worker-33: Building] INFO  o.a.m.s.f.DefaultMavenResourcesFiltering - Copying 0 resource from src\main\resources to target\classes
2025-12-02 08:25:42,793 [Worker-33: Building] INFO  o.a.m.s.f.DefaultMavenResourcesFiltering - skip non existing resourceDirectory C:\Users\apoor\OneDrive\Desktop\Lost_and_found\Lost-and-found\src\test\resources
2025-12-02 08:27:47,216 [Worker-31: Building] INFO  o.a.m.s.f.DefaultMavenResourcesFiltering - Copying 1 resource from src\main\resources to target\classes
2025-12-02 08:27:47,245 [Worker-31: Building] INFO  o.a.m.s.f.DefaultMavenResourcesFiltering - Copying 0 resource from src\main\resources to target\classes
2025-12-02 08:27:47,257 [Worker-31: Building] INFO  o.a.m.s.f.DefaultMavenResourcesFiltering - skip non existing resourceDirectory C:\Users\apoor\OneDrive\Desktop\Lost_and_found\Lost-and-found\src\test\resources
2025-12-02 08:40:08,922 [Worker-35: Building] INFO  o.a.m.s.f.DefaultMavenResourcesFiltering - Copying 1 resource from src\main\resources to target\classes
2025-12-02 08:40:08,962 [Worker-35: Building] INFO  o.a.m.s.f.DefaultMavenResourcesFiltering - Copying 0 resource from src\main\resources to target\classes
2025-12-02 08:40:08,973 [Worker-35: Building] INFO  o.a.m.s.f.DefaultMavenResourcesFiltering - skip non existing resourceDirectory C:\Users\apoor\OneDrive\Desktop\Lost_and_found\Lost-and-found\src\test\resources
2025-12-02 16:41:10,564 [Worker-3: Loading available Gradle versions] INFO  o.e.b.c.i.u.g.PublishedGradleVersions - Gradle version information cache is up-to-date. Trying to read.
2025-12-09 19:20:49,399 [Worker-4: Loading available Gradle versions] INFO  o.e.b.c.i.u.g.PublishedGradleVersions - Gradle version information cache is out-of-date. Trying to update.
2025-12-09 21:48:57,861 [Worker-36: Building] INFO  o.a.m.s.f.DefaultMavenResourcesFiltering - Copying 1 resource from src\main\resources to target\classes
2025-12-09 21:48:57,911 [Worker-36: Building] INFO  o.a.m.s.f.DefaultMavenResourcesFiltering - Copying 0 resource from src\main\resources to target\classes
2025-12-09 21:48:57,923 [Worker-36: Building] INFO  o.a.m.s.f.DefaultMavenResourcesFiltering - skip non existing resourceDirectory C:\Users\apoor\OneDrive\Desktop\Lost_and_found\Lost-and-found\src\test\resources
2025-12-09 21:51:33,138 [Worker-31: Building] INFO  o.a.m.s.f.DefaultMavenResourcesFiltering - Copying 1 resource from src\main\resources to target\classes
2025-12-09 21:51:33,230 [Worker-31: Building] INFO  o.a.m.s.f.DefaultMavenResourcesFiltering - Copying 0 resource from src\main\resources to target\classes
2025-12-09 21:51:33,238 [Worker-31: Building] INFO  o.a.m.s.f.DefaultMavenResourcesFiltering - skip non existing resourceDirectory C:\Users\apoor\OneDrive\Desktop\Lost_and_found\Lost-and-found\src\test\resources
2025-12-10 19:21:43,186 [Worker-4: Loading available Gradle versions] INFO  o.e.b.c.i.u.g.PublishedGradleVersions - Gradle version information cache is out-of-date. Trying to update.
2025-12-10 20:46:33,230 [Worker-17: Building] INFO  o.a.m.s.f.DefaultMavenResourcesFiltering - Copying 1 resource from src\main\resources to target\classes
2025-12-10 20:46:33,403 [Worker-17: Building] INFO  o.a.m.s.f.DefaultMavenResourcesFiltering - Copying 0 resource from src\main\resources to target\classes
2025-12-10 20:46:33,417 [Worker-17: Building] INFO  o.a.m.s.f.DefaultMavenResourcesFiltering - skip non existing resourceDirectory C:\Users\apoor\OneDrive\Desktop\Lost_and_found\Lost-and-found\src\test\resources
2025-12-10 20:58:19,233 [Worker-23: Building] INFO  o.a.m.s.f.DefaultMavenResourcesFiltering - Copying 1 resource from src\main\resources to target\classes
2025-12-10 20:58:19,300 [Worker-23: Building] INFO  o.a.m.s.f.DefaultMavenResourcesFiltering - Copying 0 resource from src\main\resources to target\classes
2025-12-10 20:58:19,305 [Worker-23: Building] INFO  o.a.m.s.f.DefaultMavenResourcesFiltering - skip non existing resourceDirectory C:\Users\apoor\OneDrive\Desktop\Lost_and_found\Lost-and-found\src\test\resources
2025-12-10 21:01:59,355 [Worker-23: Building] INFO  o.a.m.s.f.DefaultMavenResourcesFiltering - Copying 1 resource from src\main\resources to target\classes
2025-12-10 21:01:59,373 [Worker-23: Building] INFO  o.a.m.s.f.DefaultMavenResourcesFiltering - Copying 0 resource from src\main\resources to target\classes
2025-12-10 21:01:59,378 [Worker-23: Building] INFO  o.a.m.s.f.DefaultMavenResourcesFiltering - skip non existing resourceDirectory C:\Users\apoor\OneDrive\Desktop\Lost_and_found\Lost-and-found\src\test\resources
2025-12-10 21:02:11,295 [Worker-23: Building] INFO  o.a.m.s.f.DefaultMavenResourcesFiltering - Copying 1 resource from src\main\resources to target\classes
2025-12-10 21:02:11,308 [Worker-23: Building] INFO  o.a.m.s.f.DefaultMavenResourcesFiltering - Copying 0 resource from src\main\resources to target\classes
2025-12-10 21:02:11,313 [Worker-23: Building] INFO  o.a.m.s.f.DefaultMavenResourcesFiltering - skip non existing resourceDirectory C:\Users\apoor\OneDrive\Desktop\Lost_and_found\Lost-and-found\src\test\resources
2025-12-10 22:02:55,655 [Worker-24: Building] INFO  o.a.m.s.f.DefaultMavenResourcesFiltering - Copying 1 resource from src\main\resources to target\classes
2025-12-10 22:02:55,714 [Worker-24: Building] INFO  o.a.m.s.f.DefaultMavenResourcesFiltering - Copying 0 resource from src\main\resources to target\classes
2025-12-10 22:02:55,720 [Worker-24: Building] INFO  o.a.m.s.f.DefaultMavenResourcesFiltering - skip non existing resourceDirectory C:\Users\apoor\OneDrive\Desktop\Lost_and_found\Lost-and-found\src\test\resources
2025-12-10 22:06:37,736 [Worker-24: Building] INFO  o.a.m.s.f.DefaultMavenResourcesFiltering - Copying 1 resource from src\main\resources to target\classes
2025-12-10 22:06:37,752 [Worker-24: Building] INFO  o.a.m.s.f.DefaultMavenResourcesFiltering - Copying 0 resource from src\main\resources to target\classes
2025-12-10 22:06:37,758 [Worker-24: Building] INFO  o.a.m.s.f.DefaultMavenResourcesFiltering - skip non existing resourceDirectory C:\Users\apoor\OneDrive\Desktop\Lost_and_found\Lost-and-found\src\test\resources
2025-12-15 21:36:39,707 [Worker-4: Loading available Gradle versions] INFO  o.e.b.c.i.u.g.PublishedGradleVersions - Gradle version information cache is out-of-date. Trying to update.
2025-12-16 07:31:19,568 [Worker-22: Building] INFO  o.a.m.s.f.DefaultMavenResourcesFiltering - Copying 1 resource from src\main\resources to target\classes
2025-12-16 07:31:19,823 [Worker-22: Building] INFO  o.a.m.s.f.DefaultMavenResourcesFiltering - Copying 0 resource from src\main\resources to target\classes
2025-12-16 07:31:19,850 [Worker-22: Building] INFO  o.a.m.s.f.DefaultMavenResourcesFiltering - skip non existing resourceDirectory C:\Users\apoor\OneDrive\Desktop\Lost_and_found\Lost-and-found\src\test\resources
2025-12-16 07:34:12,173 [Worker-21: Launching LostandfoundApplication] INFO  o.a.m.s.f.DefaultMavenResourcesFiltering - Copying 1 resource from src\main\resources to target\classes
2025-12-16 07:34:12,221 [Worker-21: Launching LostandfoundApplication] INFO  o.a.m.s.f.DefaultMavenResourcesFiltering - Copying 0 resource from src\main\resources to target\classes
2025-12-16 07:34:12,237 [Worker-21: Launching LostandfoundApplication] INFO  o.a.m.s.f.DefaultMavenResourcesFiltering - skip non existing resourceDirectory C:\Users\apoor\OneDrive\Desktop\Lost_and_found\Lost-and-found\src\test\resources
2025-12-16 07:43:16,541 [Worker-30: Building] INFO  o.a.m.s.f.DefaultMavenResourcesFiltering - Copying 1 resource from src\main\resources to target\classes
2025-12-16 07:43:16,606 [Worker-30: Building] INFO  o.a.m.s.f.DefaultMavenResourcesFiltering - Copying 0 resource from src\main\resources to target\classes
2025-12-16 07:43:16,620 [Worker-30: Building] INFO  o.a.m.s.f.DefaultMavenResourcesFiltering - skip non existing resourceDirectory C:\Users\apoor\OneDrive\Desktop\Lost_and_found\Lost-and-found\src\test\resources
2025-12-16 08:32:36,050 [Worker-22: Building] INFO  o.a.m.s.f.DefaultMavenResourcesFiltering - Copying 1 resource from src\main\resources to target\classes
2025-12-16 08:32:36,203 [Worker-22: Building] INFO  o.a.m.s.f.DefaultMavenResourcesFiltering - Copying 0 resource from src\main\resources to target\classes
2025-12-16 08:32:36,209 [Worker-22: Building] INFO  o.a.m.s.f.DefaultMavenResourcesFiltering - skip non existing resourceDirectory C:\Users\apoor\OneDrive\Desktop\Lost_and_found\Lost-and-found\src\test\resources
2025-12-16 08:35:14,786 [Worker-27: Building] INFO  o.a.m.s.f.DefaultMavenResourcesFiltering - Copying 1 resource from src\main\resources to target\classes
2025-12-16 08:35:14,800 [Worker-27: Building] INFO  o.a.m.s.f.DefaultMavenResourcesFiltering - Copying 0 resource from src\main\resources to target\classes
2025-12-16 08:35:14,807 [Worker-27: Building] INFO  o.a.m.s.f.DefaultMavenResourcesFiltering - skip non existing resourceDirectory C:\Users\apoor\OneDrive\Desktop\Lost_and_found\Lost-and-found\src\test\resources
2025-12-16 08:36:33,172 [Worker-27: Building] INFO  o.a.m.s.f.DefaultMavenResourcesFiltering - Copying 1 resource from src\main\resources to target\classes
2025-12-16 08:36:33,184 [Worker-27: Building] INFO  o.a.m.s.f.DefaultMavenResourcesFiltering - Copying 0 resource from src\main\resources to target\classes
2025-12-16 08:36:33,190 [Worker-27: Building] INFO  o.a.m.s.f.DefaultMavenResourcesFiltering - skip non existing resourceDirectory C:\Users\apoor\OneDrive\Desktop\Lost_and_found\Lost-and-found\src\test\resources
2025-12-17 08:51:51,494 [Worker-34: Building] INFO  o.a.m.s.f.DefaultMavenResourcesFiltering - Copying 1 resource from src\main\resources to target\classes
2025-12-17 08:51:51,814 [Worker-34: Building] INFO  o.a.m.s.f.DefaultMavenResourcesFiltering - Copying 0 resource from src\main\resources to target\classes
2025-12-17 08:51:51,825 [Worker-34: Building] INFO  o.a.m.s.f.DefaultMavenResourcesFiltering - skip non existing resourceDirectory C:\Users\apoor\OneDrive\Desktop\Lost_and_found\Lost-and-found\src\test\resources
2025-12-17 08:52:35,430 [Worker-34: Building] INFO  o.a.m.s.f.DefaultMavenResourcesFiltering - Copying 1 resource from src\main\resources to target\classes
2025-12-17 08:52:35,667 [Worker-34: Building] INFO  o.a.m.s.f.DefaultMavenResourcesFiltering - Copying 0 resource from src\main\resources to target\classes
2025-12-17 08:52:35,680 [Worker-34: Building] INFO  o.a.m.s.f.DefaultMavenResourcesFiltering - skip non existing resourceDirectory C:\Users\apoor\OneDrive\Desktop\Lost_and_found\Lost-and-found\src\test\resources
2025-12-17 08:55:24,959 [Worker-48: Building] INFO  o.a.m.s.f.DefaultMavenResourcesFiltering - Copying 1 resource from src\main\resources to target\classes
2025-12-17 08:55:24,994 [Worker-48: Building] INFO  o.a.m.s.f.DefaultMavenResourcesFiltering - Copying 0 resource from src\main\resources to target\classes
2025-12-17 08:55:25,007 [Worker-48: Building] INFO  o.a.m.s.f.DefaultMavenResourcesFiltering - skip non existing resourceDirectory C:\Users\apoor\OneDrive\Desktop\Lost_and_found\Lost-and-found\src\test\resources
2025-12-17 20:44:29,329 [Worker-0: Loading available Gradle versions] INFO  o.e.b.c.i.u.g.PublishedGradleVersions - Gradle version information cache is out-of-date. Trying to update.
2025-12-17 23:07:23,712 [Worker-28: Building] INFO  o.a.m.s.f.DefaultMavenResourcesFiltering - Copying 1 resource from src\main\resources to target\classes
2025-12-17 23:07:23,772 [Worker-28: Building] INFO  o.a.m.s.f.DefaultMavenResourcesFiltering - Copying 0 resource from src\main\resources to target\classes
2025-12-17 23:07:23,781 [Worker-28: Building] INFO  o.a.m.s.f.DefaultMavenResourcesFiltering - skip non existing resourceDirectory C:\Users\apoor\OneDrive\Desktop\Lost_and_found\Lost-and-found\src\test\resources
2025-12-17 23:08:03,597 [Worker-32: Building] INFO  o.a.m.s.f.DefaultMavenResourcesFiltering - Copying 1 resource from src\main\resources to target\classes
2025-12-17 23:08:03,612 [Worker-32: Building] INFO  o.a.m.s.f.DefaultMavenResourcesFiltering - Copying 0 resource from src\main\resources to target\classes
2025-12-17 23:08:03,619 [Worker-32: Building] INFO  o.a.m.s.f.DefaultMavenResourcesFiltering - skip non existing resourceDirectory C:\Users\apoor\OneDrive\Desktop\Lost_and_found\Lost-and-found\src\test\resources
2025-12-18 07:21:54,216 [Worker-30: Building] INFO  o.a.m.s.f.DefaultMavenResourcesFiltering - Copying 1 resource from src\main\resources to target\classes
2025-12-18 07:21:54,426 [Worker-30: Building] INFO  o.a.m.s.f.DefaultMavenResourcesFiltering - Copying 0 resource from src\main\resources to target\classes
2025-12-18 07:21:54,461 [Worker-30: Building] INFO  o.a.m.s.f.DefaultMavenResourcesFiltering - skip non existing resourceDirectory C:\Users\apoor\OneDrive\Desktop\Lost_and_found\Lost-and-found\src\test\resources
2025-12-27 08:38:20,213 [Worker-67: Building] INFO  o.a.m.s.f.DefaultMavenResourcesFiltering - Copying 1 resource from src\main\resources to target\classes
2025-12-27 08:38:20,254 [Worker-67: Building] INFO  o.a.m.s.f.DefaultMavenResourcesFiltering - Copying 0 resource from src\main\resources to target\classes
2025-12-27 08:38:20,267 [Worker-67: Building] INFO  o.a.m.s.f.DefaultMavenResourcesFiltering - skip non existing resourceDirectory C:\Users\apoor\OneDrive\Desktop\Lost_and_found\Lost-and-found\src\test\resources
